2026-05-17 21:37:46 | INFO | sqlalchemy.engine.Engine | SELECT pg_catalog.pg_class.relname 
FROM pg_catalog.pg_class JOIN pg_catalog.pg_namespace ON pg_catalog.pg_namespace.oid = pg_catalog.pg_class.relnamespace 
WHERE pg_catalog.pg_class.relname = $1::VARCHAR AND pg_catalog.pg_class.relkind = ANY (ARRAY[$2::VARCHAR, $3::VARCHAR, $4::VARCHAR, $5::VARCHAR, $6::VARCHAR]) AND pg_catalog.pg_table_is_visible(pg_catalog.pg_class.oid) AND pg_catalog.pg_namespace.nspname != $7::VARCHAR
2026-05-17 21:37:46 | INFO | sqlalchemy.engine.Engine | [generated in 0.00128s] ('users', 'r', 'p', 'f', 'v', 'm', 'pg_catalog')
2026-05-17 21:37:46 | INFO | sqlalchemy.engine.Engine | SELECT pg_catalog.pg_class.relname 
FROM pg_catalog.pg_class JOIN pg_catalog.pg_namespace ON pg_catalog.pg_namespace.oid = pg_catalog.pg_class.relnamespace 
WHERE pg_catalog.pg_class.relname = $1::VARCHAR AND pg_catalog.pg_class.relkind = ANY (ARRAY[$2::VARCHAR, $3::VARCHAR, $4::VARCHAR, $5::VARCHAR, $6::VARCHAR]) AND pg_catalog.pg_table_is_visible(pg_catalog.pg_class.oid) AND pg_catalog.pg_namespace.nspname != $7::VARCHAR
2026-05-17 21:37:46 | INFO | sqlalchemy.engine.Engine | [cached since 0.007976s ago] ('ocr_tasks', 'r', 'p', 'f', 'v', 'm', 'pg_catalog')
2026-05-17 21:37:46 | INFO | sqlalchemy.engine.Engine | SELECT pg_catalog.pg_class.relname 
FROM pg_catalog.pg_class JOIN pg_catalog.pg_namespace ON pg_catalog.pg_namespace.oid = pg_catalog.pg_class.relnamespace 
WHERE pg_catalog.pg_class.relname = $1::VARCHAR AND pg_catalog.pg_class.relkind = ANY (ARRAY[$2::VARCHAR, $3::VARCHAR, $4::VARCHAR, $5::VARCHAR, $6::VARCHAR]) AND pg_catalog.pg_table_is_visible(pg_catalog.pg_class.oid) AND pg_catalog.pg_namespace.nspname != $7::VARCHAR
2026-05-17 21:37:46 | INFO | sqlalchemy.engine.Engine | [cached since 0.009727s ago] ('system_logs', 'r', 'p', 'f', 'v', 'm', 'pg_catalog')
2026-05-17 21:37:46 | INFO | sqlalchemy.engine.Engine | SELECT pg_catalog.pg_class.relname 
FROM pg_catalog.pg_class JOIN pg_catalog.pg_namespace ON pg_catalog.pg_namespace.oid = pg_catalog.pg_class.relnamespace 
WHERE pg_catalog.pg_class.relname = $1::VARCHAR AND pg_catalog.pg_class.relkind = ANY (ARRAY[$2::VARCHAR, $3::VARCHAR, $4::VARCHAR, $5::VARCHAR, $6::VARCHAR]) AND pg_catalog.pg_table_is_visible(pg_catalog.pg_class.oid) AND pg_catalog.pg_namespace.nspname != $7::VARCHAR
2026-05-17 21:37:46 | INFO | sqlalchemy.engine.Engine | [cached since 0.01152s ago] ('data_backup_records', 'r', 'p', 'f', 'v', 'm', 'pg_catalog')
2026-05-17 21:37:46 | INFO | sqlalchemy.engine.Engine | SELECT pg_catalog.pg_class.relname 
FROM pg_catalog.pg_class JOIN pg_catalog.pg_namespace ON pg_catalog.pg_namespace.oid = pg_catalog.pg_class.relnamespace 
WHERE pg_catalog.pg_class.relname = $1::VARCHAR AND pg_catalog.pg_class.relkind = ANY (ARRAY[$2::VARCHAR, $3::VARCHAR, $4::VARCHAR, $5::VARCHAR, $6::VARCHAR]) AND pg_catalog.pg_table_is_visible(pg_catalog.pg_class.oid) AND pg_catalog.pg_namespace.nspname != $7::VARCHAR
2026-05-17 21:37:46 | INFO | sqlalchemy.engine.Engine | [cached since 0.0131s ago] ('error_logs', 'r', 'p', 'f', 'v', 'm', 'pg_catalog')
2026-05-17 21:37:46 | INFO | sqlalchemy.engine.Engine | SELECT pg_catalog.pg_class.relname 
FROM pg_catalog.pg_class JOIN pg_catalog.pg_namespace ON pg_catalog.pg_namespace.oid = pg_catalog.pg_class.relnamespace 
WHERE pg_catalog.pg_class.relname = $1::VARCHAR AND pg_catalog.pg_class.relkind = ANY (ARRAY[$2::VARCHAR, $3::VARCHAR, $4::VARCHAR, $5::VARCHAR, $6::VARCHAR]) AND pg_catalog.pg_table_is_visible(pg_catalog.pg_class.oid) AND pg_catalog.pg_namespace.nspname != $7::VARCHAR
2026-05-17 21:37:46 | INFO | sqlalchemy.engine.Engine | [cached since 0.01466s ago] ('ocr_run_metrics', 'r', 'p', 'f', 'v', 'm', 'pg_catalog')
2026-05-17 21:37:46 | INFO | sqlalchemy.engine.Engine | SELECT pg_catalog.pg_type.typname 
FROM pg_catalog.pg_type JOIN pg_catalog.pg_namespace ON pg_catalog.pg_namespace.oid = pg_catalog.pg_type.typnamespace 
WHERE pg_catalog.pg_type.typname = $1::VARCHAR AND pg_catalog.pg_type_is_visible(pg_catalog.pg_type.oid) AND pg_catalog.pg_namespace.nspname != $2::VARCHAR
2026-05-17 21:37:46 | INFO | sqlalchemy.engine.Engine | [generated in 0.00050s] ('taskstatus', 'pg_catalog')
2026-05-17 21:37:46 | INFO | sqlalchemy.engine.Engine | COMMIT
2026-05-17 21:37:46 | INFO | apscheduler.scheduler | Adding job tentatively -- it will be properly scheduled when the scheduler starts
2026-05-17 21:37:46 | INFO | apscheduler.scheduler | Added job "daily_export_ocr_results_json" to job store "default"
2026-05-17 21:37:46 | INFO | apscheduler.scheduler | Scheduler started
2026-05-17 21:37:56 | INFO | sqlalchemy.engine.Engine | BEGIN (implicit)
2026-05-17 21:37:56 | INFO | sqlalchemy.engine.Engine | SELECT users.id, users.email, users.username, users.hashed_password, users.is_active, users.created_at 
FROM users 
WHERE users.username = $1::VARCHAR
2026-05-17 21:37:56 | INFO | sqlalchemy.engine.Engine | [generated in 0.00070s] ('yyy',)
2026-05-17 21:37:56 | INFO | sqlalchemy.engine.Engine | INSERT INTO ocr_tasks (celery_task_id, filename, file_path, status, created_at, completed_at, result, correction_log, model_version, inference_ms, avg_confidence, image_width, image_height, owner_id) VALUES ($1::VARCHAR, $2::VARCHAR, $3::VARCHAR, $4::taskstatus, $5::TIMESTAMP WITHOUT TIME ZONE, $6::TIMESTAMP WITHOUT TIME ZONE, $7::VARCHAR, $8::VARCHAR, $9::VARCHAR, $10::FLOAT, $11::FLOAT, $12::INTEGER, $13::INTEGER, $14::INTEGER) RETURNING ocr_tasks.id
2026-05-17 21:37:56 | INFO | sqlalchemy.engine.Engine | [generated in 0.00060s] (None, '小说图片2.png', '5b0a21e0-ef3f-4d6b-bee9-d09113a42eac.png', 'PENDING', datetime.datetime(2026, 5, 17, 13, 37, 56, 530254), None, None, None, None, None, None, None, None, 4)
2026-05-17 21:37:56 | INFO | sqlalchemy.engine.Engine | COMMIT
2026-05-17 21:37:56 | INFO | sqlalchemy.engine.Engine | BEGIN (implicit)
2026-05-17 21:37:56 | INFO | sqlalchemy.engine.Engine | SELECT ocr_tasks.id, ocr_tasks.celery_task_id, ocr_tasks.filename, ocr_tasks.file_path, ocr_tasks.status, ocr_tasks.created_at, ocr_tasks.completed_at, ocr_tasks.result, ocr_tasks.correction_log, ocr_tasks.model_version, ocr_tasks.inference_ms, ocr_tasks.avg_confidence, ocr_tasks.image_width, ocr_tasks.image_height, ocr_tasks.owner_id 
FROM ocr_tasks 
WHERE ocr_tasks.id = $1::INTEGER
2026-05-17 21:37:56 | INFO | sqlalchemy.engine.Engine | [generated in 0.00072s] (70,)
2026-05-17 21:37:56 | INFO | sqlalchemy.engine.Engine | SELECT ocr_run_metrics.id, ocr_run_metrics.task_id, ocr_run_metrics.owner_id, ocr_run_metrics.http_latency_ms, ocr_run_metrics.image_size_bytes, ocr_run_metrics.inference_ms, ocr_run_metrics.avg_confidence, ocr_run_metrics.image_width, ocr_run_metrics.image_height, ocr_run_metrics.created_at, ocr_run_metrics.updated_at 
FROM ocr_run_metrics 
WHERE ocr_run_metrics.task_id = $1::INTEGER
2026-05-17 21:37:56 | INFO | sqlalchemy.engine.Engine | [generated in 0.00068s] (70,)
2026-05-17 21:37:56 | INFO | sqlalchemy.engine.Engine | INSERT INTO ocr_run_metrics (task_id, owner_id, http_latency_ms, image_size_bytes, inference_ms, avg_confidence, image_width, image_height, created_at, updated_at) VALUES ($1::INTEGER, $2::INTEGER, $3::FLOAT, $4::INTEGER, $5::FLOAT, $6::FLOAT, $7::INTEGER, $8::INTEGER, $9::TIMESTAMP WITHOUT TIME ZONE, $10::TIMESTAMP WITHOUT TIME ZONE) RETURNING ocr_run_metrics.id
2026-05-17 21:37:56 | INFO | sqlalchemy.engine.Engine | [generated in 0.00063s] (70, 4, 55.16150000039488, 190928, None, None, None, None, datetime.datetime(2026, 5, 17, 13, 37, 56, 610115), datetime.datetime(2026, 5, 17, 13, 37, 56, 610115))
2026-05-17 21:37:56 | INFO | sqlalchemy.engine.Engine | COMMIT
2026-05-17 21:37:56 | INFO | sqlalchemy.engine.Engine | BEGIN (implicit)
2026-05-17 21:37:56 | INFO | sqlalchemy.engine.Engine | SELECT ocr_run_metrics.id, ocr_run_metrics.task_id, ocr_run_metrics.owner_id, ocr_run_metrics.http_latency_ms, ocr_run_metrics.image_size_bytes, ocr_run_metrics.inference_ms, ocr_run_metrics.avg_confidence, ocr_run_metrics.image_width, ocr_run_metrics.image_height, ocr_run_metrics.created_at, ocr_run_metrics.updated_at 
FROM ocr_run_metrics 
WHERE ocr_run_metrics.id = $1::INTEGER
2026-05-17 21:37:56 | INFO | sqlalchemy.engine.Engine | [generated in 0.00058s] (17,)
2026-05-17 21:37:56 | INFO | sqlalchemy.engine.Engine | UPDATE ocr_tasks SET celery_task_id=$1::VARCHAR WHERE ocr_tasks.id = $2::INTEGER
2026-05-17 21:37:56 | INFO | sqlalchemy.engine.Engine | [generated in 0.00052s] ('498df6a2-80dd-401f-a399-e5fe5754f61d', 70)
2026-05-17 21:37:56 | INFO | sqlalchemy.engine.Engine | COMMIT
2026-05-17 21:37:56 | INFO | sqlalchemy.engine.Engine | BEGIN (implicit)
2026-05-17 21:37:56 | INFO | sqlalchemy.engine.Engine | SELECT users.id, users.email, users.username, users.hashed_password, users.is_active, users.created_at 
FROM users 
WHERE users.username = $1::VARCHAR
2026-05-17 21:37:56 | INFO | sqlalchemy.engine.Engine | [cached since 0.3615s ago] ('yyy',)
2026-05-17 21:37:56 | INFO | sqlalchemy.engine.Engine | SELECT ocr_tasks.id, ocr_tasks.celery_task_id, ocr_tasks.filename, ocr_tasks.file_path, ocr_tasks.status, ocr_tasks.created_at, ocr_tasks.completed_at, ocr_tasks.result, ocr_tasks.correction_log, ocr_tasks.model_version, ocr_tasks.inference_ms, ocr_tasks.avg_confidence, ocr_tasks.image_width, ocr_tasks.image_height, ocr_tasks.owner_id 
FROM ocr_tasks 
WHERE ocr_tasks.owner_id = $1::INTEGER ORDER BY ocr_tasks.created_at DESC 
 LIMIT $2::INTEGER OFFSET $3::INTEGER
2026-05-17 21:37:56 | INFO | sqlalchemy.engine.Engine | [generated in 0.00083s] (4, 20, 0)
2026-05-17 21:37:56 | INFO | sqlalchemy.engine.Engine | ROLLBACK
2026-05-17 21:37:58 | INFO | sqlalchemy.engine.Engine | BEGIN (implicit)
2026-05-17 21:37:58 | INFO | sqlalchemy.engine.Engine | SELECT users.id, users.email, users.username, users.hashed_password, users.is_active, users.created_at 
FROM users 
WHERE users.username = $1::VARCHAR
2026-05-17 21:37:58 | INFO | sqlalchemy.engine.Engine | [cached since 2.456s ago] ('yyy',)
2026-05-17 21:37:58 | INFO | sqlalchemy.engine.Engine | SELECT ocr_tasks.id, ocr_tasks.celery_task_id, ocr_tasks.filename, ocr_tasks.file_path, ocr_tasks.status, ocr_tasks.created_at, ocr_tasks.completed_at, ocr_tasks.result, ocr_tasks.correction_log, ocr_tasks.model_version, ocr_tasks.inference_ms, ocr_tasks.avg_confidence, ocr_tasks.image_width, ocr_tasks.image_height, ocr_tasks.owner_id 
FROM ocr_tasks 
WHERE ocr_tasks.owner_id = $1::INTEGER ORDER BY ocr_tasks.created_at DESC 
 LIMIT $2::INTEGER OFFSET $3::INTEGER
2026-05-17 21:37:58 | INFO | sqlalchemy.engine.Engine | [cached since 2.094s ago] (4, 20, 0)
2026-05-17 21:37:58 | INFO | sqlalchemy.engine.Engine | ROLLBACK
2026-05-17 21:38:00 | INFO | sqlalchemy.engine.Engine | BEGIN (implicit)
2026-05-17 21:38:00 | INFO | sqlalchemy.engine.Engine | SELECT users.id, users.email, users.username, users.hashed_password, users.is_active, users.created_at 
FROM users 
WHERE users.username = $1::VARCHAR
2026-05-17 21:38:00 | INFO | sqlalchemy.engine.Engine | [cached since 3.594s ago] ('yyy',)
2026-05-17 21:38:00 | INFO | sqlalchemy.engine.Engine | SELECT ocr_tasks.id, ocr_tasks.celery_task_id, ocr_tasks.filename, ocr_tasks.file_path, ocr_tasks.status, ocr_tasks.created_at, ocr_tasks.completed_at, ocr_tasks.result, ocr_tasks.correction_log, ocr_tasks.model_version, ocr_tasks.inference_ms, ocr_tasks.avg_confidence, ocr_tasks.image_width, ocr_tasks.image_height, ocr_tasks.owner_id 
FROM ocr_tasks 
WHERE ocr_tasks.id = $1::INTEGER AND ocr_tasks.owner_id = $2::INTEGER
2026-05-17 21:38:00 | INFO | sqlalchemy.engine.Engine | [generated in 0.00090s] (69, 4)
2026-05-17 21:38:00 | INFO | sqlalchemy.engine.Engine | DELETE FROM ocr_run_metrics WHERE ocr_run_metrics.task_id = $1::INTEGER
2026-05-17 21:38:00 | INFO | sqlalchemy.engine.Engine | [generated in 0.00079s] (69,)
2026-05-17 21:38:00 | INFO | sqlalchemy.engine.Engine | DELETE FROM error_logs WHERE error_logs.task_id = $1::INTEGER
2026-05-17 21:38:00 | INFO | sqlalchemy.engine.Engine | [generated in 0.00082s] (69,)
2026-05-17 21:38:00 | INFO | sqlalchemy.engine.Engine | DELETE FROM ocr_tasks WHERE ocr_tasks.id = $1::INTEGER
2026-05-17 21:38:00 | INFO | sqlalchemy.engine.Engine | [generated in 0.00074s] (69,)
2026-05-17 21:38:00 | INFO | sqlalchemy.engine.Engine | COMMIT
2026-05-17 21:38:00 | INFO | sqlalchemy.engine.Engine | BEGIN (implicit)
2026-05-17 21:38:00 | INFO | sqlalchemy.engine.Engine | SELECT users.id, users.email, users.username, users.hashed_password, users.is_active, users.created_at 
FROM users 
WHERE users.username = $1::VARCHAR
2026-05-17 21:38:00 | INFO | sqlalchemy.engine.Engine | [cached since 3.702s ago] ('yyy',)
2026-05-17 21:38:00 | INFO | sqlalchemy.engine.Engine | SELECT ocr_tasks.id, ocr_tasks.celery_task_id, ocr_tasks.filename, ocr_tasks.file_path, ocr_tasks.status, ocr_tasks.created_at, ocr_tasks.completed_at, ocr_tasks.result, ocr_tasks.correction_log, ocr_tasks.model_version, ocr_tasks.inference_ms, ocr_tasks.avg_confidence, ocr_tasks.image_width, ocr_tasks.image_height, ocr_tasks.owner_id 
FROM ocr_tasks 
WHERE ocr_tasks.owner_id = $1::INTEGER ORDER BY ocr_tasks.created_at DESC 
 LIMIT $2::INTEGER OFFSET $3::INTEGER
2026-05-17 21:38:00 | INFO | sqlalchemy.engine.Engine | [cached since 3.34s ago] (4, 20, 0)
2026-05-17 21:38:00 | INFO | sqlalchemy.engine.Engine | ROLLBACK
2026-05-17 21:38:02 | INFO | sqlalchemy.engine.Engine | BEGIN (implicit)
2026-05-17 21:38:02 | INFO | sqlalchemy.engine.Engine | SELECT users.id, users.email, users.username, users.hashed_password, users.is_active, users.created_at 
FROM users 
WHERE users.username = $1::VARCHAR
2026-05-17 21:38:02 | INFO | sqlalchemy.engine.Engine | [cached since 5.784s ago] ('yyy',)
2026-05-17 21:38:02 | INFO | sqlalchemy.engine.Engine | SELECT ocr_tasks.id, ocr_tasks.celery_task_id, ocr_tasks.filename, ocr_tasks.file_path, ocr_tasks.status, ocr_tasks.created_at, ocr_tasks.completed_at, ocr_tasks.result, ocr_tasks.correction_log, ocr_tasks.model_version, ocr_tasks.inference_ms, ocr_tasks.avg_confidence, ocr_tasks.image_width, ocr_tasks.image_height, ocr_tasks.owner_id 
FROM ocr_tasks 
WHERE ocr_tasks.owner_id = $1::INTEGER ORDER BY ocr_tasks.created_at DESC 
 LIMIT $2::INTEGER OFFSET $3::INTEGER
2026-05-17 21:38:02 | INFO | sqlalchemy.engine.Engine | [cached since 5.422s ago] (4, 20, 0)
2026-05-17 21:38:02 | INFO | sqlalchemy.engine.Engine | ROLLBACK
2026-05-17 21:38:02 | INFO | sqlalchemy.engine.Engine | BEGIN (implicit)
2026-05-17 21:38:02 | INFO | sqlalchemy.engine.Engine | SELECT users.id, users.email, users.username, users.hashed_password, users.is_active, users.created_at 
FROM users 
WHERE users.username = $1::VARCHAR
2026-05-17 21:38:02 | INFO | sqlalchemy.engine.Engine | [cached since 6.017s ago] ('yyy',)
2026-05-17 21:38:02 | INFO | sqlalchemy.engine.Engine | SELECT ocr_tasks.id, ocr_tasks.celery_task_id, ocr_tasks.filename, ocr_tasks.file_path, ocr_tasks.status, ocr_tasks.created_at, ocr_tasks.completed_at, ocr_tasks.result, ocr_tasks.correction_log, ocr_tasks.model_version, ocr_tasks.inference_ms, ocr_tasks.avg_confidence, ocr_tasks.image_width, ocr_tasks.image_height, ocr_tasks.owner_id 
FROM ocr_tasks 
WHERE ocr_tasks.id = $1::INTEGER AND ocr_tasks.owner_id = $2::INTEGER
2026-05-17 21:38:02 | INFO | sqlalchemy.engine.Engine | [cached since 2.423s ago] (68, 4)
2026-05-17 21:38:02 | INFO | sqlalchemy.engine.Engine | DELETE FROM ocr_run_metrics WHERE ocr_run_metrics.task_id = $1::INTEGER
2026-05-17 21:38:02 | INFO | sqlalchemy.engine.Engine | [cached since 2.423s ago] (68,)
2026-05-17 21:38:02 | INFO | sqlalchemy.engine.Engine | DELETE FROM error_logs WHERE error_logs.task_id = $1::INTEGER
2026-05-17 21:38:02 | INFO | sqlalchemy.engine.Engine | [cached since 2.422s ago] (68,)
2026-05-17 21:38:02 | INFO | sqlalchemy.engine.Engine | DELETE FROM ocr_tasks WHERE ocr_tasks.id = $1::INTEGER
2026-05-17 21:38:02 | INFO | sqlalchemy.engine.Engine | [cached since 2.416s ago] (68,)
2026-05-17 21:38:02 | INFO | sqlalchemy.engine.Engine | COMMIT
2026-05-17 21:38:02 | INFO | sqlalchemy.engine.Engine | BEGIN (implicit)
2026-05-17 21:38:02 | INFO | sqlalchemy.engine.Engine | SELECT users.id, users.email, users.username, users.hashed_password, users.is_active, users.created_at 
FROM users 
WHERE users.username = $1::VARCHAR
2026-05-17 21:38:02 | INFO | sqlalchemy.engine.Engine | [cached since 6.104s ago] ('yyy',)
2026-05-17 21:38:02 | INFO | sqlalchemy.engine.Engine | SELECT ocr_tasks.id, ocr_tasks.celery_task_id, ocr_tasks.filename, ocr_tasks.file_path, ocr_tasks.status, ocr_tasks.created_at, ocr_tasks.completed_at, ocr_tasks.result, ocr_tasks.correction_log, ocr_tasks.model_version, ocr_tasks.inference_ms, ocr_tasks.avg_confidence, ocr_tasks.image_width, ocr_tasks.image_height, ocr_tasks.owner_id 
FROM ocr_tasks 
WHERE ocr_tasks.owner_id = $1::INTEGER ORDER BY ocr_tasks.created_at DESC 
 LIMIT $2::INTEGER OFFSET $3::INTEGER
2026-05-17 21:38:02 | INFO | sqlalchemy.engine.Engine | [cached since 5.742s ago] (4, 20, 0)
2026-05-17 21:38:02 | INFO | sqlalchemy.engine.Engine | ROLLBACK
2026-05-17 21:38:04 | INFO | sqlalchemy.engine.Engine | BEGIN (implicit)
2026-05-17 21:38:04 | INFO | sqlalchemy.engine.Engine | SELECT users.id, users.email, users.username, users.hashed_password, users.is_active, users.created_at 
FROM users 
WHERE users.username = $1::VARCHAR
2026-05-17 21:38:04 | INFO | sqlalchemy.engine.Engine | [cached since 8.197s ago] ('yyy',)
2026-05-17 21:38:04 | INFO | sqlalchemy.engine.Engine | SELECT ocr_tasks.id, ocr_tasks.celery_task_id, ocr_tasks.filename, ocr_tasks.file_path, ocr_tasks.status, ocr_tasks.created_at, ocr_tasks.completed_at, ocr_tasks.result, ocr_tasks.correction_log, ocr_tasks.model_version, ocr_tasks.inference_ms, ocr_tasks.avg_confidence, ocr_tasks.image_width, ocr_tasks.image_height, ocr_tasks.owner_id 
FROM ocr_tasks 
WHERE ocr_tasks.owner_id = $1::INTEGER ORDER BY ocr_tasks.created_at DESC 
 LIMIT $2::INTEGER OFFSET $3::INTEGER
2026-05-17 21:38:04 | INFO | sqlalchemy.engine.Engine | [cached since 7.835s ago] (4, 20, 0)
2026-05-17 21:38:04 | INFO | sqlalchemy.engine.Engine | ROLLBACK
2026-05-17 21:38:06 | INFO | sqlalchemy.engine.Engine | BEGIN (implicit)
2026-05-17 21:38:06 | INFO | sqlalchemy.engine.Engine | SELECT users.id, users.email, users.username, users.hashed_password, users.is_active, users.created_at 
FROM users 
WHERE users.username = $1::VARCHAR
2026-05-17 21:38:06 | INFO | sqlalchemy.engine.Engine | [cached since 10.26s ago] ('yyy',)
2026-05-17 21:38:06 | INFO | sqlalchemy.engine.Engine | SELECT ocr_tasks.id, ocr_tasks.celery_task_id, ocr_tasks.filename, ocr_tasks.file_path, ocr_tasks.status, ocr_tasks.created_at, ocr_tasks.completed_at, ocr_tasks.result, ocr_tasks.correction_log, ocr_tasks.model_version, ocr_tasks.inference_ms, ocr_tasks.avg_confidence, ocr_tasks.image_width, ocr_tasks.image_height, ocr_tasks.owner_id 
FROM ocr_tasks 
WHERE ocr_tasks.owner_id = $1::INTEGER ORDER BY ocr_tasks.created_at DESC 
 LIMIT $2::INTEGER OFFSET $3::INTEGER
2026-05-17 21:38:06 | INFO | sqlalchemy.engine.Engine | [cached since 9.902s ago] (4, 20, 0)
2026-05-17 21:38:06 | INFO | sqlalchemy.engine.Engine | ROLLBACK
2026-05-17 21:38:26 | INFO | sqlalchemy.engine.Engine | BEGIN (implicit)
2026-05-17 21:38:26 | INFO | sqlalchemy.engine.Engine | SELECT users.id, users.email, users.username, users.hashed_password, users.is_active, users.created_at 
FROM users 
WHERE users.username = $1::VARCHAR
2026-05-17 21:38:26 | INFO | sqlalchemy.engine.Engine | [cached since 30.28s ago] ('yyy',)
2026-05-17 21:38:26 | INFO | sqlalchemy.engine.Engine | INSERT INTO ocr_tasks (celery_task_id, filename, file_path, status, created_at, completed_at, result, correction_log, model_version, inference_ms, avg_confidence, image_width, image_height, owner_id) VALUES ($1::VARCHAR, $2::VARCHAR, $3::VARCHAR, $4::taskstatus, $5::TIMESTAMP WITHOUT TIME ZONE, $6::TIMESTAMP WITHOUT TIME ZONE, $7::VARCHAR, $8::VARCHAR, $9::VARCHAR, $10::FLOAT, $11::FLOAT, $12::INTEGER, $13::INTEGER, $14::INTEGER) RETURNING ocr_tasks.id
2026-05-17 21:38:26 | INFO | sqlalchemy.engine.Engine | [cached since 30.27s ago] (None, '生僻字2.jpg', '6f23c81b-0788-4242-a098-f6d3c2f14b6d.jpg', 'PENDING', datetime.datetime(2026, 5, 17, 13, 38, 26, 797973), None, None, None, None, None, None, None, None, 4)
2026-05-17 21:38:26 | INFO | sqlalchemy.engine.Engine | COMMIT
2026-05-17 21:38:26 | INFO | sqlalchemy.engine.Engine | BEGIN (implicit)
2026-05-17 21:38:26 | INFO | sqlalchemy.engine.Engine | SELECT ocr_tasks.id, ocr_tasks.celery_task_id, ocr_tasks.filename, ocr_tasks.file_path, ocr_tasks.status, ocr_tasks.created_at, ocr_tasks.completed_at, ocr_tasks.result, ocr_tasks.correction_log, ocr_tasks.model_version, ocr_tasks.inference_ms, ocr_tasks.avg_confidence, ocr_tasks.image_width, ocr_tasks.image_height, ocr_tasks.owner_id 
FROM ocr_tasks 
WHERE ocr_tasks.id = $1::INTEGER
2026-05-17 21:38:26 | INFO | sqlalchemy.engine.Engine | [cached since 30.27s ago] (71,)
2026-05-17 21:38:26 | INFO | sqlalchemy.engine.Engine | SELECT ocr_run_metrics.id, ocr_run_metrics.task_id, ocr_run_metrics.owner_id, ocr_run_metrics.http_latency_ms, ocr_run_metrics.image_size_bytes, ocr_run_metrics.inference_ms, ocr_run_metrics.avg_confidence, ocr_run_metrics.image_width, ocr_run_metrics.image_height, ocr_run_metrics.created_at, ocr_run_metrics.updated_at 
FROM ocr_run_metrics 
WHERE ocr_run_metrics.task_id = $1::INTEGER
2026-05-17 21:38:26 | INFO | sqlalchemy.engine.Engine | [cached since 30.27s ago] (71,)
2026-05-17 21:38:26 | INFO | sqlalchemy.engine.Engine | INSERT INTO ocr_run_metrics (task_id, owner_id, http_latency_ms, image_size_bytes, inference_ms, avg_confidence, image_width, image_height, created_at, updated_at) VALUES ($1::INTEGER, $2::INTEGER, $3::FLOAT, $4::INTEGER, $5::FLOAT, $6::FLOAT, $7::INTEGER, $8::INTEGER, $9::TIMESTAMP WITHOUT TIME ZONE, $10::TIMESTAMP WITHOUT TIME ZONE) RETURNING ocr_run_metrics.id
2026-05-17 21:38:26 | INFO | sqlalchemy.engine.Engine | [cached since 30.27s ago] (71, 4, 49.30199997033924, 21437, None, None, None, None, datetime.datetime(2026, 5, 17, 13, 38, 26, 877828), datetime.datetime(2026, 5, 17, 13, 38, 26, 877828))
2026-05-17 21:38:26 | INFO | sqlalchemy.engine.Engine | COMMIT
2026-05-17 21:38:26 | INFO | sqlalchemy.engine.Engine | BEGIN (implicit)
2026-05-17 21:38:26 | INFO | sqlalchemy.engine.Engine | SELECT ocr_run_metrics.id, ocr_run_metrics.task_id, ocr_run_metrics.owner_id, ocr_run_metrics.http_latency_ms, ocr_run_metrics.image_size_bytes, ocr_run_metrics.inference_ms, ocr_run_metrics.avg_confidence, ocr_run_metrics.image_width, ocr_run_metrics.image_height, ocr_run_metrics.created_at, ocr_run_metrics.updated_at 
FROM ocr_run_metrics 
WHERE ocr_run_metrics.id = $1::INTEGER
2026-05-17 21:38:26 | INFO | sqlalchemy.engine.Engine | [cached since 30.27s ago] (18,)
2026-05-17 21:38:26 | INFO | sqlalchemy.engine.Engine | UPDATE ocr_tasks SET celery_task_id=$1::VARCHAR WHERE ocr_tasks.id = $2::INTEGER
2026-05-17 21:38:26 | INFO | sqlalchemy.engine.Engine | [cached since 30.16s ago] ('b97cab63-6e99-45f0-93f5-0374bf3f48ab', 71)
2026-05-17 21:38:26 | INFO | sqlalchemy.engine.Engine | COMMIT
2026-05-17 21:38:26 | INFO | sqlalchemy.engine.Engine | BEGIN (implicit)
2026-05-17 21:38:26 | INFO | sqlalchemy.engine.Engine | SELECT users.id, users.email, users.username, users.hashed_password, users.is_active, users.created_at 
FROM users 
WHERE users.username = $1::VARCHAR
2026-05-17 21:38:26 | INFO | sqlalchemy.engine.Engine | [cached since 30.51s ago] ('yyy',)
2026-05-17 21:38:26 | INFO | sqlalchemy.engine.Engine | SELECT ocr_tasks.id, ocr_tasks.celery_task_id, ocr_tasks.filename, ocr_tasks.file_path, ocr_tasks.status, ocr_tasks.created_at, ocr_tasks.completed_at, ocr_tasks.result, ocr_tasks.correction_log, ocr_tasks.model_version, ocr_tasks.inference_ms, ocr_tasks.avg_confidence, ocr_tasks.image_width, ocr_tasks.image_height, ocr_tasks.owner_id 
FROM ocr_tasks 
WHERE ocr_tasks.owner_id = $1::INTEGER ORDER BY ocr_tasks.created_at DESC 
 LIMIT $2::INTEGER OFFSET $3::INTEGER
2026-05-17 21:38:26 | INFO | sqlalchemy.engine.Engine | [cached since 30.15s ago] (4, 20, 0)
2026-05-17 21:38:27 | INFO | sqlalchemy.engine.Engine | ROLLBACK
2026-05-17 21:38:29 | INFO | sqlalchemy.engine.Engine | BEGIN (implicit)
2026-05-17 21:38:29 | INFO | sqlalchemy.engine.Engine | SELECT users.id, users.email, users.username, users.hashed_password, users.is_active, users.created_at 
FROM users 
WHERE users.username = $1::VARCHAR
2026-05-17 21:38:29 | INFO | sqlalchemy.engine.Engine | [cached since 32.6s ago] ('yyy',)
2026-05-17 21:38:29 | INFO | sqlalchemy.engine.Engine | SELECT ocr_tasks.id, ocr_tasks.celery_task_id, ocr_tasks.filename, ocr_tasks.file_path, ocr_tasks.status, ocr_tasks.created_at, ocr_tasks.completed_at, ocr_tasks.result, ocr_tasks.correction_log, ocr_tasks.model_version, ocr_tasks.inference_ms, ocr_tasks.avg_confidence, ocr_tasks.image_width, ocr_tasks.image_height, ocr_tasks.owner_id 
FROM ocr_tasks 
WHERE ocr_tasks.owner_id = $1::INTEGER ORDER BY ocr_tasks.created_at DESC 
 LIMIT $2::INTEGER OFFSET $3::INTEGER
2026-05-17 21:38:29 | INFO | sqlalchemy.engine.Engine | [cached since 32.23s ago] (4, 20, 0)
2026-05-17 21:38:29 | INFO | sqlalchemy.engine.Engine | ROLLBACK
2026-05-17 21:38:31 | INFO | sqlalchemy.engine.Engine | BEGIN (implicit)
2026-05-17 21:38:31 | INFO | sqlalchemy.engine.Engine | SELECT users.id, users.email, users.username, users.hashed_password, users.is_active, users.created_at 
FROM users 
WHERE users.username = $1::VARCHAR
2026-05-17 21:38:31 | INFO | sqlalchemy.engine.Engine | [cached since 34.66s ago] ('yyy',)
2026-05-17 21:38:31 | INFO | sqlalchemy.engine.Engine | SELECT ocr_tasks.id, ocr_tasks.celery_task_id, ocr_tasks.filename, ocr_tasks.file_path, ocr_tasks.status, ocr_tasks.created_at, ocr_tasks.completed_at, ocr_tasks.result, ocr_tasks.correction_log, ocr_tasks.model_version, ocr_tasks.inference_ms, ocr_tasks.avg_confidence, ocr_tasks.image_width, ocr_tasks.image_height, ocr_tasks.owner_id 
FROM ocr_tasks 
WHERE ocr_tasks.owner_id = $1::INTEGER ORDER BY ocr_tasks.created_at DESC 
 LIMIT $2::INTEGER OFFSET $3::INTEGER
2026-05-17 21:38:31 | INFO | sqlalchemy.engine.Engine | [cached since 34.29s ago] (4, 20, 0)
2026-05-17 21:38:31 | INFO | sqlalchemy.engine.Engine | ROLLBACK
2026-05-17 21:41:46 | INFO | sqlalchemy.engine.Engine | BEGIN (implicit)
2026-05-17 21:41:46 | INFO | sqlalchemy.engine.Engine | SELECT users.id, users.email, users.username, users.hashed_password, users.is_active, users.created_at 
FROM users 
WHERE users.username = $1::VARCHAR
2026-05-17 21:41:46 | INFO | sqlalchemy.engine.Engine | [cached since 230.3s ago] ('yyy',)
2026-05-17 21:41:46 | INFO | sqlalchemy.engine.Engine | BEGIN (implicit)
2026-05-17 21:41:46 | INFO | sqlalchemy.engine.Engine | SELECT users.id, users.email, users.username, users.hashed_password, users.is_active, users.created_at 
FROM users 
WHERE users.username = $1::VARCHAR
2026-05-17 21:41:46 | INFO | sqlalchemy.engine.Engine | [cached since 230.3s ago] ('yyy',)
2026-05-17 21:41:46 | INFO | sqlalchemy.engine.Engine | BEGIN (implicit)
2026-05-17 21:41:46 | INFO | sqlalchemy.engine.Engine | SELECT users.id, users.email, users.username, users.hashed_password, users.is_active, users.created_at 
FROM users 
WHERE users.username = $1::VARCHAR
2026-05-17 21:41:46 | INFO | sqlalchemy.engine.Engine | [cached since 230.3s ago] ('yyy',)
2026-05-17 21:41:46 | INFO | sqlalchemy.engine.Engine | BEGIN (implicit)
2026-05-17 21:41:46 | INFO | sqlalchemy.engine.Engine | SELECT users.id, users.email, users.username, users.hashed_password, users.is_active, users.created_at 
FROM users 
WHERE users.username = $1::VARCHAR
2026-05-17 21:41:46 | INFO | sqlalchemy.engine.Engine | [cached since 230.3s ago] ('yyy',)
2026-05-17 21:41:46 | INFO | sqlalchemy.engine.Engine | BEGIN (implicit)
2026-05-17 21:41:46 | INFO | sqlalchemy.engine.Engine | SELECT users.id, users.email, users.username, users.hashed_password, users.is_active, users.created_at 
FROM users 
WHERE users.username = $1::VARCHAR
2026-05-17 21:41:46 | INFO | sqlalchemy.engine.Engine | [cached since 230.3s ago] ('yyy',)
2026-05-17 21:41:46 | INFO | sqlalchemy.engine.Engine | SELECT ocr_tasks.id, ocr_tasks.celery_task_id, ocr_tasks.filename, ocr_tasks.file_path, ocr_tasks.status, ocr_tasks.created_at, ocr_tasks.completed_at, ocr_tasks.result, ocr_tasks.correction_log, ocr_tasks.model_version, ocr_tasks.inference_ms, ocr_tasks.avg_confidence, ocr_tasks.image_width, ocr_tasks.image_height, ocr_tasks.owner_id 
FROM ocr_tasks 
WHERE ocr_tasks.owner_id = $1::INTEGER AND (ocr_tasks.status = $2::taskstatus AND ocr_tasks.avg_confidence IS NOT NULL AND ocr_tasks.avg_confidence < $3::FLOAT OR ocr_tasks.status = $4::taskstatus) ORDER BY ocr_tasks.created_at DESC 
 LIMIT $5::INTEGER
2026-05-17 21:41:46 | INFO | sqlalchemy.engine.Engine | [generated in 0.00051s] (4, 'COMPLETED', 0.8, 'FAILED', 30)
2026-05-17 21:41:46 | INFO | sqlalchemy.engine.Engine | SELECT ocr_tasks.id, ocr_tasks.celery_task_id, ocr_tasks.filename, ocr_tasks.file_path, ocr_tasks.status, ocr_tasks.created_at, ocr_tasks.completed_at, ocr_tasks.result, ocr_tasks.correction_log, ocr_tasks.model_version, ocr_tasks.inference_ms, ocr_tasks.avg_confidence, ocr_tasks.image_width, ocr_tasks.image_height, ocr_tasks.owner_id 
FROM ocr_tasks 
WHERE ocr_tasks.owner_id = $1::INTEGER ORDER BY ocr_tasks.created_at DESC 
 LIMIT $2::INTEGER OFFSET $3::INTEGER
2026-05-17 21:41:46 | INFO | sqlalchemy.engine.Engine | [cached since 230s ago] (4, 20, 0)
2026-05-17 21:41:46 | INFO | sqlalchemy.engine.Engine | SELECT count(*) AS count_1 
FROM system_logs 
WHERE system_logs.level = $1::VARCHAR AND system_logs.created_at >= $2::TIMESTAMP WITHOUT TIME ZONE
2026-05-17 21:41:46 | INFO | sqlalchemy.engine.Engine | [generated in 0.00057s] ('ERROR', datetime.datetime(2026, 5, 16, 13, 41, 46, 804673))
2026-05-17 21:41:46 | INFO | sqlalchemy.engine.Engine | SELECT system_logs.id, system_logs.level, system_logs.source, system_logs.message, system_logs.detail, system_logs.path, system_logs.user_id, system_logs.created_at 
FROM system_logs ORDER BY system_logs.created_at DESC 
 LIMIT $1::INTEGER
2026-05-17 21:41:46 | INFO | sqlalchemy.engine.Engine | [generated in 0.00061s] (30,)
2026-05-17 21:41:46 | INFO | sqlalchemy.engine.Engine | SELECT date_trunc($1::VARCHAR, ocr_tasks.completed_at) AS bucket, avg(ocr_tasks.inference_ms) AS avg_ms, count(ocr_tasks.id) AS cnt 
FROM ocr_tasks 
WHERE ocr_tasks.owner_id = $2::INTEGER AND ocr_tasks.status = $3::taskstatus AND ocr_tasks.completed_at IS NOT NULL AND ocr_tasks.completed_at >= $4::TIMESTAMP WITHOUT TIME ZONE AND ocr_tasks.inference_ms IS NOT NULL GROUP BY date_trunc($1::VARCHAR, ocr_tasks.completed_at) ORDER BY bucket
2026-05-17 21:41:46 | INFO | sqlalchemy.engine.Engine | [generated in 0.00067s] ('hour', 4, 'COMPLETED', datetime.datetime(2026, 5, 16, 13, 41, 46, 811674))
2026-05-17 21:41:46 | INFO | sqlalchemy.engine.Engine | SELECT count(*) AS count_1 
FROM system_logs 
WHERE system_logs.level = $1::VARCHAR AND system_logs.created_at >= $2::TIMESTAMP WITHOUT TIME ZONE
2026-05-17 21:41:46 | INFO | sqlalchemy.engine.Engine | [cached since 0.009807s ago] ('WARNING', datetime.datetime(2026, 5, 16, 13, 41, 46, 804673))
2026-05-17 21:41:46 | INFO | sqlalchemy.engine.Engine | SELECT count(*) AS count_1 
FROM system_logs 
WHERE system_logs.created_at >= $1::TIMESTAMP WITHOUT TIME ZONE
2026-05-17 21:41:46 | INFO | sqlalchemy.engine.Engine | [generated in 0.00063s] (datetime.datetime(2026, 5, 16, 13, 41, 46, 804673),)
2026-05-17 21:41:46 | INFO | sqlalchemy.engine.Engine | ROLLBACK
2026-05-17 21:41:46 | INFO | sqlalchemy.engine.Engine | SELECT data_backup_records.id, data_backup_records.filename, data_backup_records.file_path, data_backup_records.size_bytes, data_backup_records.success, data_backup_records.error_message, data_backup_records.created_by_user_id, data_backup_records.created_at 
FROM data_backup_records ORDER BY data_backup_records.created_at DESC 
 LIMIT $1::INTEGER
2026-05-17 21:41:46 | INFO | sqlalchemy.engine.Engine | [generated in 0.00069s] (1,)
2026-05-17 21:41:46 | INFO | sqlalchemy.engine.Engine | ROLLBACK
2026-05-17 21:41:46 | INFO | sqlalchemy.engine.Engine | ROLLBACK
2026-05-17 21:41:46 | INFO | sqlalchemy.engine.Engine | ROLLBACK
2026-05-17 21:41:46 | INFO | sqlalchemy.engine.Engine | BEGIN (implicit)
2026-05-17 21:41:46 | INFO | sqlalchemy.engine.Engine | SELECT users.id, users.email, users.username, users.hashed_password, users.is_active, users.created_at 
FROM users 
WHERE users.username = $1::VARCHAR
2026-05-17 21:41:46 | INFO | sqlalchemy.engine.Engine | [cached since 230.4s ago] ('yyy',)
2026-05-17 21:41:46 | INFO | sqlalchemy.engine.Engine | SELECT ocr_tasks.id 
FROM ocr_tasks 
WHERE ocr_tasks.owner_id = $1::INTEGER AND ocr_tasks.status = $2::taskstatus AND ocr_tasks.avg_confidence IS NOT NULL AND ocr_tasks.avg_confidence < $3::FLOAT ORDER BY ocr_tasks.created_at DESC 
 LIMIT $4::INTEGER
2026-05-17 21:41:46 | INFO | sqlalchemy.engine.Engine | [generated in 0.00059s] (4, 'COMPLETED', 0.8, 50)
2026-05-17 21:41:46 | INFO | sqlalchemy.engine.Engine | SELECT ocr_tasks.status, count(ocr_tasks.id) AS count_1 
FROM ocr_tasks 
WHERE ocr_tasks.owner_id = $1::INTEGER AND ocr_tasks.created_at >= $2::TIMESTAMP WITHOUT TIME ZONE GROUP BY ocr_tasks.status
2026-05-17 21:41:46 | INFO | sqlalchemy.engine.Engine | [generated in 0.00075s] (4, datetime.datetime(2026, 5, 16, 13, 41, 46, 898343))
2026-05-17 21:41:46 | INFO | sqlalchemy.engine.Engine | SELECT system_logs.id, system_logs.level, system_logs.source, system_logs.message, system_logs.detail, system_logs.path, system_logs.user_id, system_logs.created_at 
FROM system_logs ORDER BY system_logs.created_at DESC 
 LIMIT $1::INTEGER
2026-05-17 21:41:46 | INFO | sqlalchemy.engine.Engine | [cached since 0.1305s ago] (30,)
2026-05-17 21:41:46 | INFO | sqlalchemy.engine.Engine | BEGIN (implicit)
2026-05-17 21:41:46 | INFO | sqlalchemy.engine.Engine | SELECT users.id, users.email, users.username, users.hashed_password, users.is_active, users.created_at 
FROM users 
WHERE users.username = $1::VARCHAR
2026-05-17 21:41:46 | INFO | sqlalchemy.engine.Engine | [cached since 230.5s ago] ('yyy',)
2026-05-17 21:41:46 | INFO | sqlalchemy.engine.Engine | ROLLBACK
2026-05-17 21:41:46 | INFO | sqlalchemy.engine.Engine | ROLLBACK
2026-05-17 21:41:46 | INFO | sqlalchemy.engine.Engine | SELECT count(*) AS count_1 
FROM system_logs 
WHERE system_logs.level = $1::VARCHAR AND system_logs.created_at >= $2::TIMESTAMP WITHOUT TIME ZONE
2026-05-17 21:41:46 | INFO | sqlalchemy.engine.Engine | [cached since 0.1704s ago] ('ERROR', datetime.datetime(2026, 5, 16, 13, 41, 46, 976169))
2026-05-17 21:41:46 | INFO | sqlalchemy.engine.Engine | BEGIN (implicit)
2026-05-17 21:41:46 | INFO | sqlalchemy.engine.Engine | SELECT users.id, users.email, users.username, users.hashed_password, users.is_active, users.created_at 
FROM users 
WHERE users.username = $1::VARCHAR
2026-05-17 21:41:46 | INFO | sqlalchemy.engine.Engine | [cached since 230.5s ago] ('yyy',)
2026-05-17 21:41:46 | INFO | sqlalchemy.engine.Engine | SELECT count(*) AS count_1 
FROM system_logs 
WHERE system_logs.level = $1::VARCHAR AND system_logs.created_at >= $2::TIMESTAMP WITHOUT TIME ZONE
2026-05-17 21:41:46 | INFO | sqlalchemy.engine.Engine | [cached since 0.1754s ago] ('WARNING', datetime.datetime(2026, 5, 16, 13, 41, 46, 976169))
2026-05-17 21:41:46 | INFO | sqlalchemy.engine.Engine | SELECT count(*) AS count_1 
FROM system_logs 
WHERE system_logs.created_at >= $1::TIMESTAMP WITHOUT TIME ZONE
2026-05-17 21:41:46 | INFO | sqlalchemy.engine.Engine | [cached since 0.1643s ago] (datetime.datetime(2026, 5, 16, 13, 41, 46, 976169),)
2026-05-17 21:41:46 | INFO | sqlalchemy.engine.Engine | SELECT ocr_tasks.id, ocr_tasks.celery_task_id, ocr_tasks.filename, ocr_tasks.file_path, ocr_tasks.status, ocr_tasks.created_at, ocr_tasks.completed_at, ocr_tasks.result, ocr_tasks.correction_log, ocr_tasks.model_version, ocr_tasks.inference_ms, ocr_tasks.avg_confidence, ocr_tasks.image_width, ocr_tasks.image_height, ocr_tasks.owner_id 
FROM ocr_tasks 
WHERE ocr_tasks.owner_id = $1::INTEGER ORDER BY ocr_tasks.created_at DESC 
 LIMIT $2::INTEGER OFFSET $3::INTEGER
2026-05-17 21:41:46 | INFO | sqlalchemy.engine.Engine | [cached since 230.2s ago] (4, 20, 0)
2026-05-17 21:41:46 | INFO | sqlalchemy.engine.Engine | SELECT data_backup_records.id, data_backup_records.filename, data_backup_records.file_path, data_backup_records.size_bytes, data_backup_records.success, data_backup_records.error_message, data_backup_records.created_by_user_id, data_backup_records.created_at 
FROM data_backup_records ORDER BY data_backup_records.created_at DESC 
 LIMIT $1::INTEGER
2026-05-17 21:41:46 | INFO | sqlalchemy.engine.Engine | [cached since 0.163s ago] (1,)
2026-05-17 21:41:46 | INFO | sqlalchemy.engine.Engine | ROLLBACK
2026-05-17 21:41:47 | INFO | sqlalchemy.engine.Engine | ROLLBACK
2026-05-17 21:41:47 | INFO | sqlalchemy.engine.Engine | BEGIN (implicit)
2026-05-17 21:41:47 | INFO | sqlalchemy.engine.Engine | SELECT users.id, users.email, users.username, users.hashed_password, users.is_active, users.created_at 
FROM users 
WHERE users.username = $1::VARCHAR
2026-05-17 21:41:47 | INFO | sqlalchemy.engine.Engine | [cached since 231.2s ago] ('yyy',)
2026-05-17 21:41:47 | INFO | sqlalchemy.engine.Engine | SELECT ocr_tasks.id, ocr_tasks.celery_task_id, ocr_tasks.filename, ocr_tasks.file_path, ocr_tasks.status, ocr_tasks.created_at, ocr_tasks.completed_at, ocr_tasks.result, ocr_tasks.correction_log, ocr_tasks.model_version, ocr_tasks.inference_ms, ocr_tasks.avg_confidence, ocr_tasks.image_width, ocr_tasks.image_height, ocr_tasks.owner_id 
FROM ocr_tasks 
WHERE ocr_tasks.owner_id = $1::INTEGER AND ocr_tasks.created_at >= $2::TIMESTAMP WITHOUT TIME ZONE ORDER BY ocr_tasks.created_at DESC 
 LIMIT $3::INTEGER OFFSET $4::INTEGER
2026-05-17 21:41:47 | INFO | sqlalchemy.engine.Engine | [generated in 0.00068s] (4, datetime.datetime(2026, 5, 10, 13, 41, 47, 680561), 100, 0)
2026-05-17 21:41:47 | INFO | sqlalchemy.engine.Engine | ROLLBACK
2026-05-17 21:41:47 | INFO | sqlalchemy.engine.Engine | BEGIN (implicit)
2026-05-17 21:41:47 | INFO | sqlalchemy.engine.Engine | SELECT users.id, users.email, users.username, users.hashed_password, users.is_active, users.created_at 
FROM users 
WHERE users.username = $1::VARCHAR
2026-05-17 21:41:47 | INFO | sqlalchemy.engine.Engine | [cached since 231.3s ago] ('yyy',)
2026-05-17 21:41:47 | INFO | sqlalchemy.engine.Engine | SELECT ocr_tasks.id, ocr_tasks.celery_task_id, ocr_tasks.filename, ocr_tasks.file_path, ocr_tasks.status, ocr_tasks.created_at, ocr_tasks.completed_at, ocr_tasks.result, ocr_tasks.correction_log, ocr_tasks.model_version, ocr_tasks.inference_ms, ocr_tasks.avg_confidence, ocr_tasks.image_width, ocr_tasks.image_height, ocr_tasks.owner_id 
FROM ocr_tasks 
WHERE ocr_tasks.owner_id = $1::INTEGER AND ocr_tasks.created_at >= $2::TIMESTAMP WITHOUT TIME ZONE ORDER BY ocr_tasks.created_at DESC 
 LIMIT $3::INTEGER OFFSET $4::INTEGER
2026-05-17 21:41:47 | INFO | sqlalchemy.engine.Engine | [cached since 0.073s ago] (4, datetime.datetime(2026, 5, 10, 13, 41, 47, 754071), 100, 0)
2026-05-17 21:41:47 | INFO | sqlalchemy.engine.Engine | ROLLBACK
2026-05-17 21:41:56 | INFO | sqlalchemy.engine.Engine | BEGIN (implicit)
2026-05-17 21:41:56 | INFO | sqlalchemy.engine.Engine | SELECT users.id, users.email, users.username, users.hashed_password, users.is_active, users.created_at 
FROM users 
WHERE users.username = $1::VARCHAR
2026-05-17 21:41:56 | INFO | sqlalchemy.engine.Engine | [cached since 239.6s ago] ('yyy',)
2026-05-17 21:41:56 | INFO | sqlalchemy.engine.Engine | SELECT ocr_tasks.id, ocr_tasks.celery_task_id, ocr_tasks.filename, ocr_tasks.file_path, ocr_tasks.status, ocr_tasks.created_at, ocr_tasks.completed_at, ocr_tasks.result, ocr_tasks.correction_log, ocr_tasks.model_version, ocr_tasks.inference_ms, ocr_tasks.avg_confidence, ocr_tasks.image_width, ocr_tasks.image_height, ocr_tasks.owner_id 
FROM ocr_tasks 
WHERE ocr_tasks.owner_id = $1::INTEGER ORDER BY ocr_tasks.created_at DESC 
 LIMIT $2::INTEGER OFFSET $3::INTEGER
2026-05-17 21:41:56 | INFO | sqlalchemy.engine.Engine | [cached since 239.3s ago] (4, 20, 0)
2026-05-17 21:41:56 | INFO | sqlalchemy.engine.Engine | ROLLBACK
2026-05-17 21:41:56 | INFO | sqlalchemy.engine.Engine | BEGIN (implicit)
2026-05-17 21:41:56 | INFO | sqlalchemy.engine.Engine | SELECT users.id, users.email, users.username, users.hashed_password, users.is_active, users.created_at 
FROM users 
WHERE users.username = $1::VARCHAR
2026-05-17 21:41:56 | INFO | sqlalchemy.engine.Engine | [cached since 239.7s ago] ('yyy',)
2026-05-17 21:41:56 | INFO | sqlalchemy.engine.Engine | SELECT ocr_tasks.id, ocr_tasks.celery_task_id, ocr_tasks.filename, ocr_tasks.file_path, ocr_tasks.status, ocr_tasks.created_at, ocr_tasks.completed_at, ocr_tasks.result, ocr_tasks.correction_log, ocr_tasks.model_version, ocr_tasks.inference_ms, ocr_tasks.avg_confidence, ocr_tasks.image_width, ocr_tasks.image_height, ocr_tasks.owner_id 
FROM ocr_tasks 
WHERE ocr_tasks.owner_id = $1::INTEGER ORDER BY ocr_tasks.created_at DESC 
 LIMIT $2::INTEGER OFFSET $3::INTEGER
2026-05-17 21:41:56 | INFO | sqlalchemy.engine.Engine | [cached since 239.3s ago] (4, 20, 0)
2026-05-17 21:41:56 | INFO | sqlalchemy.engine.Engine | ROLLBACK
2026-05-17 21:42:04 | INFO | sqlalchemy.engine.Engine | BEGIN (implicit)
2026-05-17 21:42:04 | INFO | sqlalchemy.engine.Engine | SELECT users.id, users.email, users.username, users.hashed_password, users.is_active, users.created_at 
FROM users 
WHERE users.username = $1::VARCHAR
2026-05-17 21:42:04 | INFO | sqlalchemy.engine.Engine | [cached since 248s ago] ('yyy',)
2026-05-17 21:42:04 | INFO | sqlalchemy.engine.Engine | BEGIN (implicit)
2026-05-17 21:42:04 | INFO | sqlalchemy.engine.Engine | SELECT users.id, users.email, users.username, users.hashed_password, users.is_active, users.created_at 
FROM users 
WHERE users.username = $1::VARCHAR
2026-05-17 21:42:04 | INFO | sqlalchemy.engine.Engine | [cached since 248s ago] ('yyy',)
2026-05-17 21:42:04 | INFO | sqlalchemy.engine.Engine | SELECT date_trunc($1::VARCHAR, ocr_tasks.completed_at) AS bucket, avg(ocr_tasks.inference_ms) AS avg_ms, count(ocr_tasks.id) AS cnt 
FROM ocr_tasks 
WHERE ocr_tasks.owner_id = $2::INTEGER AND ocr_tasks.status = $3::taskstatus AND ocr_tasks.completed_at IS NOT NULL AND ocr_tasks.completed_at >= $4::TIMESTAMP WITHOUT TIME ZONE AND ocr_tasks.inference_ms IS NOT NULL GROUP BY date_trunc($1::VARCHAR, ocr_tasks.completed_at) ORDER BY bucket
2026-05-17 21:42:04 | INFO | sqlalchemy.engine.Engine | [cached since 17.66s ago] ('hour', 4, 'COMPLETED', datetime.datetime(2026, 5, 16, 13, 42, 4, 464001))
2026-05-17 21:42:04 | INFO | sqlalchemy.engine.Engine | SELECT ocr_tasks.id, ocr_tasks.celery_task_id, ocr_tasks.filename, ocr_tasks.file_path, ocr_tasks.status, ocr_tasks.created_at, ocr_tasks.completed_at, ocr_tasks.result, ocr_tasks.correction_log, ocr_tasks.model_version, ocr_tasks.inference_ms, ocr_tasks.avg_confidence, ocr_tasks.image_width, ocr_tasks.image_height, ocr_tasks.owner_id 
FROM ocr_tasks 
WHERE ocr_tasks.owner_id = $1::INTEGER AND (ocr_tasks.status = $2::taskstatus AND ocr_tasks.avg_confidence IS NOT NULL AND ocr_tasks.avg_confidence < $3::FLOAT OR ocr_tasks.status = $4::taskstatus) ORDER BY ocr_tasks.created_at DESC 
 LIMIT $5::INTEGER
2026-05-17 21:42:04 | INFO | sqlalchemy.engine.Engine | [cached since 17.67s ago] (4, 'COMPLETED', 0.8, 'FAILED', 30)
2026-05-17 21:42:04 | INFO | sqlalchemy.engine.Engine | SELECT ocr_tasks.id 
FROM ocr_tasks 
WHERE ocr_tasks.owner_id = $1::INTEGER AND ocr_tasks.status = $2::taskstatus AND ocr_tasks.avg_confidence IS NOT NULL AND ocr_tasks.avg_confidence < $3::FLOAT ORDER BY ocr_tasks.created_at DESC 
 LIMIT $4::INTEGER
2026-05-17 21:42:04 | INFO | sqlalchemy.engine.Engine | [cached since 17.59s ago] (4, 'COMPLETED', 0.8, 50)
2026-05-17 21:42:04 | INFO | sqlalchemy.engine.Engine | SELECT ocr_tasks.status, count(ocr_tasks.id) AS count_1 
FROM ocr_tasks 
WHERE ocr_tasks.owner_id = $1::INTEGER AND ocr_tasks.created_at >= $2::TIMESTAMP WITHOUT TIME ZONE GROUP BY ocr_tasks.status
2026-05-17 21:42:04 | INFO | sqlalchemy.engine.Engine | [cached since 17.59s ago] (4, datetime.datetime(2026, 5, 16, 13, 42, 4, 485182))
2026-05-17 21:42:04 | INFO | sqlalchemy.engine.Engine | ROLLBACK
2026-05-17 21:42:04 | INFO | sqlalchemy.engine.Engine | ROLLBACK
2026-05-17 21:42:04 | INFO | sqlalchemy.engine.Engine | BEGIN (implicit)
2026-05-17 21:42:04 | INFO | sqlalchemy.engine.Engine | SELECT users.id, users.email, users.username, users.hashed_password, users.is_active, users.created_at 
FROM users 
WHERE users.username = $1::VARCHAR
2026-05-17 21:42:04 | INFO | sqlalchemy.engine.Engine | [cached since 248.1s ago] ('yyy',)
2026-05-17 21:42:04 | INFO | sqlalchemy.engine.Engine | BEGIN (implicit)
2026-05-17 21:42:04 | INFO | sqlalchemy.engine.Engine | SELECT users.id, users.email, users.username, users.hashed_password, users.is_active, users.created_at 
FROM users 
WHERE users.username = $1::VARCHAR
2026-05-17 21:42:04 | INFO | sqlalchemy.engine.Engine | [cached since 248.1s ago] ('yyy',)
2026-05-17 21:42:04 | INFO | sqlalchemy.engine.Engine | SELECT ocr_tasks.id, ocr_tasks.celery_task_id, ocr_tasks.filename, ocr_tasks.file_path, ocr_tasks.status, ocr_tasks.created_at, ocr_tasks.completed_at, ocr_tasks.result, ocr_tasks.correction_log, ocr_tasks.model_version, ocr_tasks.inference_ms, ocr_tasks.avg_confidence, ocr_tasks.image_width, ocr_tasks.image_height, ocr_tasks.owner_id 
FROM ocr_tasks 
WHERE ocr_tasks.owner_id = $1::INTEGER ORDER BY ocr_tasks.created_at DESC 
 LIMIT $2::INTEGER OFFSET $3::INTEGER
2026-05-17 21:42:04 | INFO | sqlalchemy.engine.Engine | [cached since 247.7s ago] (4, 20, 0)
2026-05-17 21:42:04 | INFO | sqlalchemy.engine.Engine | SELECT count(*) AS count_1 
FROM system_logs 
WHERE system_logs.level = $1::VARCHAR AND system_logs.created_at >= $2::TIMESTAMP WITHOUT TIME ZONE
2026-05-17 21:42:04 | INFO | sqlalchemy.engine.Engine | [cached since 17.76s ago] ('ERROR', datetime.datetime(2026, 5, 16, 13, 42, 4, 563160))
2026-05-17 21:42:04 | INFO | sqlalchemy.engine.Engine | SELECT count(*) AS count_1 
FROM system_logs 
WHERE system_logs.level = $1::VARCHAR AND system_logs.created_at >= $2::TIMESTAMP WITHOUT TIME ZONE
2026-05-17 21:42:04 | INFO | sqlalchemy.engine.Engine | [cached since 17.76s ago] ('WARNING', datetime.datetime(2026, 5, 16, 13, 42, 4, 563160))
2026-05-17 21:42:04 | INFO | sqlalchemy.engine.Engine | SELECT count(*) AS count_1 
FROM system_logs 
WHERE system_logs.created_at >= $1::TIMESTAMP WITHOUT TIME ZONE
2026-05-17 21:42:04 | INFO | sqlalchemy.engine.Engine | [cached since 17.75s ago] (datetime.datetime(2026, 5, 16, 13, 42, 4, 563160),)
2026-05-17 21:42:04 | INFO | sqlalchemy.engine.Engine | SELECT data_backup_records.id, data_backup_records.filename, data_backup_records.file_path, data_backup_records.size_bytes, data_backup_records.success, data_backup_records.error_message, data_backup_records.created_by_user_id, data_backup_records.created_at 
FROM data_backup_records ORDER BY data_backup_records.created_at DESC 
 LIMIT $1::INTEGER
2026-05-17 21:42:04 | INFO | sqlalchemy.engine.Engine | [cached since 17.74s ago] (1,)
2026-05-17 21:42:04 | INFO | sqlalchemy.engine.Engine | ROLLBACK
2026-05-17 21:42:04 | INFO | sqlalchemy.engine.Engine | ROLLBACK
2026-05-17 21:42:04 | INFO | sqlalchemy.engine.Engine | BEGIN (implicit)
2026-05-17 21:42:04 | INFO | sqlalchemy.engine.Engine | SELECT users.id, users.email, users.username, users.hashed_password, users.is_active, users.created_at 
FROM users 
WHERE users.username = $1::VARCHAR
2026-05-17 21:42:04 | INFO | sqlalchemy.engine.Engine | [cached since 248.2s ago] ('yyy',)
2026-05-17 21:42:04 | INFO | sqlalchemy.engine.Engine | BEGIN (implicit)
2026-05-17 21:42:04 | INFO | sqlalchemy.engine.Engine | SELECT users.id, users.email, users.username, users.hashed_password, users.is_active, users.created_at 
FROM users 
WHERE users.username = $1::VARCHAR
2026-05-17 21:42:04 | INFO | sqlalchemy.engine.Engine | [cached since 248.2s ago] ('yyy',)
2026-05-17 21:42:04 | INFO | sqlalchemy.engine.Engine | SELECT system_logs.id, system_logs.level, system_logs.source, system_logs.message, system_logs.detail, system_logs.path, system_logs.user_id, system_logs.created_at 
FROM system_logs ORDER BY system_logs.created_at DESC 
 LIMIT $1::INTEGER
2026-05-17 21:42:04 | INFO | sqlalchemy.engine.Engine | [cached since 17.84s ago] (30,)
2026-05-17 21:42:04 | INFO | sqlalchemy.engine.Engine | ROLLBACK
2026-05-17 21:42:04 | INFO | sqlalchemy.engine.Engine | SELECT count(*) AS count_1 
FROM system_logs 
WHERE system_logs.level = $1::VARCHAR AND system_logs.created_at >= $2::TIMESTAMP WITHOUT TIME ZONE
2026-05-17 21:42:04 | INFO | sqlalchemy.engine.Engine | [cached since 17.85s ago] ('ERROR', datetime.datetime(2026, 5, 16, 13, 42, 4, 654512))
2026-05-17 21:42:04 | INFO | sqlalchemy.engine.Engine | SELECT count(*) AS count_1 
FROM system_logs 
WHERE system_logs.level = $1::VARCHAR AND system_logs.created_at >= $2::TIMESTAMP WITHOUT TIME ZONE
2026-05-17 21:42:04 | INFO | sqlalchemy.engine.Engine | [cached since 17.86s ago] ('WARNING', datetime.datetime(2026, 5, 16, 13, 42, 4, 654512))
2026-05-17 21:42:04 | INFO | sqlalchemy.engine.Engine | SELECT count(*) AS count_1 
FROM system_logs 
WHERE system_logs.created_at >= $1::TIMESTAMP WITHOUT TIME ZONE
2026-05-17 21:42:04 | INFO | sqlalchemy.engine.Engine | [cached since 17.85s ago] (datetime.datetime(2026, 5, 16, 13, 42, 4, 654512),)
2026-05-17 21:42:04 | INFO | sqlalchemy.engine.Engine | SELECT data_backup_records.id, data_backup_records.filename, data_backup_records.file_path, data_backup_records.size_bytes, data_backup_records.success, data_backup_records.error_message, data_backup_records.created_by_user_id, data_backup_records.created_at 
FROM data_backup_records ORDER BY data_backup_records.created_at DESC 
 LIMIT $1::INTEGER
2026-05-17 21:42:04 | INFO | sqlalchemy.engine.Engine | [cached since 17.85s ago] (1,)
2026-05-17 21:42:04 | INFO | sqlalchemy.engine.Engine | BEGIN (implicit)
2026-05-17 21:42:04 | INFO | sqlalchemy.engine.Engine | SELECT users.id, users.email, users.username, users.hashed_password, users.is_active, users.created_at 
FROM users 
WHERE users.username = $1::VARCHAR
2026-05-17 21:42:04 | INFO | sqlalchemy.engine.Engine | [cached since 248.2s ago] ('yyy',)
2026-05-17 21:42:04 | INFO | sqlalchemy.engine.Engine | ROLLBACK
2026-05-17 21:42:04 | INFO | sqlalchemy.engine.Engine | SELECT ocr_tasks.id, ocr_tasks.celery_task_id, ocr_tasks.filename, ocr_tasks.file_path, ocr_tasks.status, ocr_tasks.created_at, ocr_tasks.completed_at, ocr_tasks.result, ocr_tasks.correction_log, ocr_tasks.model_version, ocr_tasks.inference_ms, ocr_tasks.avg_confidence, ocr_tasks.image_width, ocr_tasks.image_height, ocr_tasks.owner_id 
FROM ocr_tasks 
WHERE ocr_tasks.owner_id = $1::INTEGER ORDER BY ocr_tasks.created_at DESC 
 LIMIT $2::INTEGER OFFSET $3::INTEGER
2026-05-17 21:42:04 | INFO | sqlalchemy.engine.Engine | [cached since 247.9s ago] (4, 20, 0)
2026-05-17 21:42:04 | INFO | sqlalchemy.engine.Engine | BEGIN (implicit)
2026-05-17 21:42:04 | INFO | sqlalchemy.engine.Engine | SELECT users.id, users.email, users.username, users.hashed_password, users.is_active, users.created_at 
FROM users 
WHERE users.username = $1::VARCHAR
2026-05-17 21:42:04 | INFO | sqlalchemy.engine.Engine | [cached since 248.3s ago] ('yyy',)
2026-05-17 21:42:04 | INFO | sqlalchemy.engine.Engine | SELECT system_logs.id, system_logs.level, system_logs.source, system_logs.message, system_logs.detail, system_logs.path, system_logs.user_id, system_logs.created_at 
FROM system_logs ORDER BY system_logs.created_at DESC 
 LIMIT $1::INTEGER
2026-05-17 21:42:04 | INFO | sqlalchemy.engine.Engine | [cached since 17.96s ago] (30,)
2026-05-17 21:42:04 | INFO | sqlalchemy.engine.Engine | ROLLBACK
2026-05-17 21:42:04 | INFO | sqlalchemy.engine.Engine | ROLLBACK
2026-05-17 21:42:07 | INFO | sqlalchemy.engine.Engine | BEGIN (implicit)
2026-05-17 21:42:07 | INFO | sqlalchemy.engine.Engine | SELECT users.id, users.email, users.username, users.hashed_password, users.is_active, users.created_at 
FROM users 
WHERE users.username = $1::VARCHAR
2026-05-17 21:42:07 | INFO | sqlalchemy.engine.Engine | [cached since 251s ago] ('yyy',)
2026-05-17 21:42:07 | INFO | sqlalchemy.engine.Engine | SELECT ocr_tasks.id, ocr_tasks.celery_task_id, ocr_tasks.filename, ocr_tasks.file_path, ocr_tasks.status, ocr_tasks.created_at, ocr_tasks.completed_at, ocr_tasks.result, ocr_tasks.correction_log, ocr_tasks.model_version, ocr_tasks.inference_ms, ocr_tasks.avg_confidence, ocr_tasks.image_width, ocr_tasks.image_height, ocr_tasks.owner_id 
FROM ocr_tasks 
WHERE ocr_tasks.owner_id = $1::INTEGER ORDER BY ocr_tasks.created_at DESC 
 LIMIT $2::INTEGER OFFSET $3::INTEGER
2026-05-17 21:42:07 | INFO | sqlalchemy.engine.Engine | [cached since 250.6s ago] (4, 20, 0)
2026-05-17 21:42:07 | INFO | sqlalchemy.engine.Engine | ROLLBACK
2026-05-17 21:42:10 | INFO | sqlalchemy.engine.Engine | BEGIN (implicit)
2026-05-17 21:42:10 | INFO | sqlalchemy.engine.Engine | SELECT users.id, users.email, users.username, users.hashed_password, users.is_active, users.created_at 
FROM users 
WHERE users.username = $1::VARCHAR
2026-05-17 21:42:10 | INFO | sqlalchemy.engine.Engine | [cached since 254s ago] ('yyy',)
2026-05-17 21:42:10 | INFO | sqlalchemy.engine.Engine | SELECT ocr_tasks.id, ocr_tasks.celery_task_id, ocr_tasks.filename, ocr_tasks.file_path, ocr_tasks.status, ocr_tasks.created_at, ocr_tasks.completed_at, ocr_tasks.result, ocr_tasks.correction_log, ocr_tasks.model_version, ocr_tasks.inference_ms, ocr_tasks.avg_confidence, ocr_tasks.image_width, ocr_tasks.image_height, ocr_tasks.owner_id 
FROM ocr_tasks 
WHERE ocr_tasks.owner_id = $1::INTEGER ORDER BY ocr_tasks.created_at DESC 
 LIMIT $2::INTEGER OFFSET $3::INTEGER
2026-05-17 21:42:10 | INFO | sqlalchemy.engine.Engine | [cached since 253.6s ago] (4, 20, 0)
2026-05-17 21:42:10 | INFO | sqlalchemy.engine.Engine | ROLLBACK
2026-05-17 21:42:13 | INFO | sqlalchemy.engine.Engine | BEGIN (implicit)
2026-05-17 21:42:13 | INFO | sqlalchemy.engine.Engine | SELECT users.id, users.email, users.username, users.hashed_password, users.is_active, users.created_at 
FROM users 
WHERE users.username = $1::VARCHAR
2026-05-17 21:42:13 | INFO | sqlalchemy.engine.Engine | [cached since 257s ago] ('yyy',)
2026-05-17 21:42:13 | INFO | sqlalchemy.engine.Engine | SELECT ocr_tasks.id, ocr_tasks.celery_task_id, ocr_tasks.filename, ocr_tasks.file_path, ocr_tasks.status, ocr_tasks.created_at, ocr_tasks.completed_at, ocr_tasks.result, ocr_tasks.correction_log, ocr_tasks.model_version, ocr_tasks.inference_ms, ocr_tasks.avg_confidence, ocr_tasks.image_width, ocr_tasks.image_height, ocr_tasks.owner_id 
FROM ocr_tasks 
WHERE ocr_tasks.owner_id = $1::INTEGER ORDER BY ocr_tasks.created_at DESC 
 LIMIT $2::INTEGER OFFSET $3::INTEGER
2026-05-17 21:42:13 | INFO | sqlalchemy.engine.Engine | [cached since 256.6s ago] (4, 20, 0)
2026-05-17 21:42:13 | INFO | sqlalchemy.engine.Engine | ROLLBACK
2026-05-17 21:42:14 | INFO | sqlalchemy.engine.Engine | BEGIN (implicit)
2026-05-17 21:42:14 | INFO | sqlalchemy.engine.Engine | SELECT users.id, users.email, users.username, users.hashed_password, users.is_active, users.created_at 
FROM users 
WHERE users.username = $1::VARCHAR
2026-05-17 21:42:14 | INFO | sqlalchemy.engine.Engine | [cached since 258.1s ago] ('yyy',)
2026-05-17 21:42:14 | INFO | sqlalchemy.engine.Engine | SELECT date_trunc($1::VARCHAR, ocr_tasks.completed_at) AS bucket, avg(ocr_tasks.inference_ms) AS avg_ms, count(ocr_tasks.id) AS cnt 
FROM ocr_tasks 
WHERE ocr_tasks.owner_id = $2::INTEGER AND ocr_tasks.status = $3::taskstatus AND ocr_tasks.completed_at IS NOT NULL AND ocr_tasks.completed_at >= $4::TIMESTAMP WITHOUT TIME ZONE AND ocr_tasks.inference_ms IS NOT NULL GROUP BY date_trunc($1::VARCHAR, ocr_tasks.completed_at) ORDER BY bucket
2026-05-17 21:42:14 | INFO | sqlalchemy.engine.Engine | [cached since 27.73s ago] ('hour', 4, 'COMPLETED', datetime.datetime(2026, 5, 16, 13, 42, 14, 536842))
2026-05-17 21:42:14 | INFO | sqlalchemy.engine.Engine | SELECT ocr_tasks.id 
FROM ocr_tasks 
WHERE ocr_tasks.owner_id = $1::INTEGER AND ocr_tasks.status = $2::taskstatus AND ocr_tasks.avg_confidence IS NOT NULL AND ocr_tasks.avg_confidence < $3::FLOAT ORDER BY ocr_tasks.created_at DESC 
 LIMIT $4::INTEGER
2026-05-17 21:42:14 | INFO | sqlalchemy.engine.Engine | [cached since 27.67s ago] (4, 'COMPLETED', 0.8, 50)
2026-05-17 21:42:14 | INFO | sqlalchemy.engine.Engine | SELECT ocr_tasks.status, count(ocr_tasks.id) AS count_1 
FROM ocr_tasks 
WHERE ocr_tasks.owner_id = $1::INTEGER AND ocr_tasks.created_at >= $2::TIMESTAMP WITHOUT TIME ZONE GROUP BY ocr_tasks.status
2026-05-17 21:42:14 | INFO | sqlalchemy.engine.Engine | [cached since 27.66s ago] (4, datetime.datetime(2026, 5, 16, 13, 42, 14, 559773))
2026-05-17 21:42:14 | INFO | sqlalchemy.engine.Engine | ROLLBACK
2026-05-17 21:42:16 | INFO | sqlalchemy.engine.Engine | BEGIN (implicit)
2026-05-17 21:42:16 | INFO | sqlalchemy.engine.Engine | SELECT users.id, users.email, users.username, users.hashed_password, users.is_active, users.created_at 
FROM users 
WHERE users.username = $1::VARCHAR
2026-05-17 21:42:16 | INFO | sqlalchemy.engine.Engine | [cached since 260s ago] ('yyy',)
2026-05-17 21:42:16 | INFO | sqlalchemy.engine.Engine | SELECT ocr_tasks.id, ocr_tasks.celery_task_id, ocr_tasks.filename, ocr_tasks.file_path, ocr_tasks.status, ocr_tasks.created_at, ocr_tasks.completed_at, ocr_tasks.result, ocr_tasks.correction_log, ocr_tasks.model_version, ocr_tasks.inference_ms, ocr_tasks.avg_confidence, ocr_tasks.image_width, ocr_tasks.image_height, ocr_tasks.owner_id 
FROM ocr_tasks 
WHERE ocr_tasks.owner_id = $1::INTEGER ORDER BY ocr_tasks.created_at DESC 
 LIMIT $2::INTEGER OFFSET $3::INTEGER
2026-05-17 21:42:16 | INFO | sqlalchemy.engine.Engine | [cached since 259.6s ago] (4, 20, 0)
2026-05-17 21:42:16 | INFO | sqlalchemy.engine.Engine | ROLLBACK
2026-05-17 21:42:16 | INFO | sqlalchemy.engine.Engine | BEGIN (implicit)
2026-05-17 21:42:16 | INFO | sqlalchemy.engine.Engine | SELECT users.id, users.email, users.username, users.hashed_password, users.is_active, users.created_at 
FROM users 
WHERE users.username = $1::VARCHAR
2026-05-17 21:42:16 | INFO | sqlalchemy.engine.Engine | [cached since 260.1s ago] ('yyy',)
2026-05-17 21:42:16 | INFO | sqlalchemy.engine.Engine | SELECT ocr_tasks.id, ocr_tasks.celery_task_id, ocr_tasks.filename, ocr_tasks.file_path, ocr_tasks.status, ocr_tasks.created_at, ocr_tasks.completed_at, ocr_tasks.result, ocr_tasks.correction_log, ocr_tasks.model_version, ocr_tasks.inference_ms, ocr_tasks.avg_confidence, ocr_tasks.image_width, ocr_tasks.image_height, ocr_tasks.owner_id 
FROM ocr_tasks 
WHERE ocr_tasks.owner_id = $1::INTEGER AND (ocr_tasks.status = $2::taskstatus AND ocr_tasks.avg_confidence IS NOT NULL AND ocr_tasks.avg_confidence < $3::FLOAT OR ocr_tasks.status = $4::taskstatus) ORDER BY ocr_tasks.created_at DESC 
 LIMIT $5::INTEGER
2026-05-17 21:42:16 | INFO | sqlalchemy.engine.Engine | [cached since 29.75s ago] (4, 'COMPLETED', 0.8, 'FAILED', 30)
2026-05-17 21:42:16 | INFO | sqlalchemy.engine.Engine | ROLLBACK
2026-05-17 21:42:19 | INFO | sqlalchemy.engine.Engine | BEGIN (implicit)
2026-05-17 21:42:19 | INFO | sqlalchemy.engine.Engine | SELECT users.id, users.email, users.username, users.hashed_password, users.is_active, users.created_at 
FROM users 
WHERE users.username = $1::VARCHAR
2026-05-17 21:42:19 | INFO | sqlalchemy.engine.Engine | [cached since 263s ago] ('yyy',)
2026-05-17 21:42:19 | INFO | sqlalchemy.engine.Engine | BEGIN (implicit)
2026-05-17 21:42:19 | INFO | sqlalchemy.engine.Engine | SELECT users.id, users.email, users.username, users.hashed_password, users.is_active, users.created_at 
FROM users 
WHERE users.username = $1::VARCHAR
2026-05-17 21:42:19 | INFO | sqlalchemy.engine.Engine | [cached since 263s ago] ('yyy',)
2026-05-17 21:42:19 | INFO | sqlalchemy.engine.Engine | BEGIN (implicit)
2026-05-17 21:42:19 | INFO | sqlalchemy.engine.Engine | SELECT users.id, users.email, users.username, users.hashed_password, users.is_active, users.created_at 
FROM users 
WHERE users.username = $1::VARCHAR
2026-05-17 21:42:19 | INFO | sqlalchemy.engine.Engine | [cached since 263s ago] ('yyy',)
2026-05-17 21:42:19 | INFO | sqlalchemy.engine.Engine | SELECT ocr_tasks.id, ocr_tasks.celery_task_id, ocr_tasks.filename, ocr_tasks.file_path, ocr_tasks.status, ocr_tasks.created_at, ocr_tasks.completed_at, ocr_tasks.result, ocr_tasks.correction_log, ocr_tasks.model_version, ocr_tasks.inference_ms, ocr_tasks.avg_confidence, ocr_tasks.image_width, ocr_tasks.image_height, ocr_tasks.owner_id 
FROM ocr_tasks 
WHERE ocr_tasks.owner_id = $1::INTEGER ORDER BY ocr_tasks.created_at DESC 
 LIMIT $2::INTEGER OFFSET $3::INTEGER
2026-05-17 21:42:19 | INFO | sqlalchemy.engine.Engine | [cached since 262.7s ago] (4, 20, 0)
2026-05-17 21:42:19 | INFO | sqlalchemy.engine.Engine | SELECT system_logs.id, system_logs.level, system_logs.source, system_logs.message, system_logs.detail, system_logs.path, system_logs.user_id, system_logs.created_at 
FROM system_logs ORDER BY system_logs.created_at DESC 
 LIMIT $1::INTEGER
2026-05-17 21:42:19 | INFO | sqlalchemy.engine.Engine | [cached since 32.68s ago] (30,)
2026-05-17 21:42:19 | INFO | sqlalchemy.engine.Engine | SELECT count(*) AS count_1 
FROM system_logs 
WHERE system_logs.level = $1::VARCHAR AND system_logs.created_at >= $2::TIMESTAMP WITHOUT TIME ZONE
2026-05-17 21:42:19 | INFO | sqlalchemy.engine.Engine | [cached since 32.69s ago] ('ERROR', datetime.datetime(2026, 5, 16, 13, 42, 19, 492307))
2026-05-17 21:42:19 | INFO | sqlalchemy.engine.Engine | SELECT count(*) AS count_1 
FROM system_logs 
WHERE system_logs.level = $1::VARCHAR AND system_logs.created_at >= $2::TIMESTAMP WITHOUT TIME ZONE
2026-05-17 21:42:19 | INFO | sqlalchemy.engine.Engine | [cached since 32.69s ago] ('WARNING', datetime.datetime(2026, 5, 16, 13, 42, 19, 492307))
2026-05-17 21:42:19 | INFO | sqlalchemy.engine.Engine | ROLLBACK
2026-05-17 21:42:19 | INFO | sqlalchemy.engine.Engine | SELECT count(*) AS count_1 
FROM system_logs 
WHERE system_logs.created_at >= $1::TIMESTAMP WITHOUT TIME ZONE
2026-05-17 21:42:19 | INFO | sqlalchemy.engine.Engine | [cached since 32.68s ago] (datetime.datetime(2026, 5, 16, 13, 42, 19, 492307),)
2026-05-17 21:42:19 | INFO | sqlalchemy.engine.Engine | SELECT data_backup_records.id, data_backup_records.filename, data_backup_records.file_path, data_backup_records.size_bytes, data_backup_records.success, data_backup_records.error_message, data_backup_records.created_by_user_id, data_backup_records.created_at 
FROM data_backup_records ORDER BY data_backup_records.created_at DESC 
 LIMIT $1::INTEGER
2026-05-17 21:42:19 | INFO | sqlalchemy.engine.Engine | [cached since 32.68s ago] (1,)
2026-05-17 21:42:19 | INFO | sqlalchemy.engine.Engine | ROLLBACK
2026-05-17 21:42:19 | INFO | sqlalchemy.engine.Engine | ROLLBACK
2026-05-17 21:42:22 | INFO | sqlalchemy.engine.Engine | BEGIN (implicit)
2026-05-17 21:42:22 | INFO | sqlalchemy.engine.Engine | SELECT users.id, users.email, users.username, users.hashed_password, users.is_active, users.created_at 
FROM users 
WHERE users.username = $1::VARCHAR
2026-05-17 21:42:22 | INFO | sqlalchemy.engine.Engine | [cached since 266s ago] ('yyy',)
2026-05-17 21:42:22 | INFO | sqlalchemy.engine.Engine | SELECT ocr_tasks.id, ocr_tasks.celery_task_id, ocr_tasks.filename, ocr_tasks.file_path, ocr_tasks.status, ocr_tasks.created_at, ocr_tasks.completed_at, ocr_tasks.result, ocr_tasks.correction_log, ocr_tasks.model_version, ocr_tasks.inference_ms, ocr_tasks.avg_confidence, ocr_tasks.image_width, ocr_tasks.image_height, ocr_tasks.owner_id 
FROM ocr_tasks 
WHERE ocr_tasks.owner_id = $1::INTEGER ORDER BY ocr_tasks.created_at DESC 
 LIMIT $2::INTEGER OFFSET $3::INTEGER
2026-05-17 21:42:22 | INFO | sqlalchemy.engine.Engine | [cached since 265.6s ago] (4, 20, 0)
2026-05-17 21:42:22 | INFO | sqlalchemy.engine.Engine | ROLLBACK
2026-05-17 21:42:24 | INFO | sqlalchemy.engine.Engine | BEGIN (implicit)
2026-05-17 21:42:24 | INFO | sqlalchemy.engine.Engine | SELECT users.id, users.email, users.username, users.hashed_password, users.is_active, users.created_at 
FROM users 
WHERE users.username = $1::VARCHAR
2026-05-17 21:42:24 | INFO | sqlalchemy.engine.Engine | [cached since 268.1s ago] ('yyy',)
2026-05-17 21:42:24 | INFO | sqlalchemy.engine.Engine | SELECT date_trunc($1::VARCHAR, ocr_tasks.completed_at) AS bucket, avg(ocr_tasks.inference_ms) AS avg_ms, count(ocr_tasks.id) AS cnt 
FROM ocr_tasks 
WHERE ocr_tasks.owner_id = $2::INTEGER AND ocr_tasks.status = $3::taskstatus AND ocr_tasks.completed_at IS NOT NULL AND ocr_tasks.completed_at >= $4::TIMESTAMP WITHOUT TIME ZONE AND ocr_tasks.inference_ms IS NOT NULL GROUP BY date_trunc($1::VARCHAR, ocr_tasks.completed_at) ORDER BY bucket
2026-05-17 21:42:24 | INFO | sqlalchemy.engine.Engine | [cached since 37.8s ago] ('hour', 4, 'COMPLETED', datetime.datetime(2026, 5, 16, 13, 42, 24, 607751))
2026-05-17 21:42:24 | INFO | sqlalchemy.engine.Engine | SELECT ocr_tasks.id 
FROM ocr_tasks 
WHERE ocr_tasks.owner_id = $1::INTEGER AND ocr_tasks.status = $2::taskstatus AND ocr_tasks.avg_confidence IS NOT NULL AND ocr_tasks.avg_confidence < $3::FLOAT ORDER BY ocr_tasks.created_at DESC 
 LIMIT $4::INTEGER
2026-05-17 21:42:24 | INFO | sqlalchemy.engine.Engine | [cached since 37.73s ago] (4, 'COMPLETED', 0.8, 50)
2026-05-17 21:42:24 | INFO | sqlalchemy.engine.Engine | SELECT ocr_tasks.status, count(ocr_tasks.id) AS count_1 
FROM ocr_tasks 
WHERE ocr_tasks.owner_id = $1::INTEGER AND ocr_tasks.created_at >= $2::TIMESTAMP WITHOUT TIME ZONE GROUP BY ocr_tasks.status
2026-05-17 21:42:24 | INFO | sqlalchemy.engine.Engine | [cached since 37.73s ago] (4, datetime.datetime(2026, 5, 16, 13, 42, 24, 627408))
2026-05-17 21:42:24 | INFO | sqlalchemy.engine.Engine | ROLLBACK
2026-05-17 21:42:25 | INFO | sqlalchemy.engine.Engine | BEGIN (implicit)
2026-05-17 21:42:25 | INFO | sqlalchemy.engine.Engine | SELECT users.id, users.email, users.username, users.hashed_password, users.is_active, users.created_at 
FROM users 
WHERE users.username = $1::VARCHAR
2026-05-17 21:42:25 | INFO | sqlalchemy.engine.Engine | [cached since 269s ago] ('yyy',)
2026-05-17 21:42:25 | INFO | sqlalchemy.engine.Engine | SELECT ocr_tasks.id, ocr_tasks.celery_task_id, ocr_tasks.filename, ocr_tasks.file_path, ocr_tasks.status, ocr_tasks.created_at, ocr_tasks.completed_at, ocr_tasks.result, ocr_tasks.correction_log, ocr_tasks.model_version, ocr_tasks.inference_ms, ocr_tasks.avg_confidence, ocr_tasks.image_width, ocr_tasks.image_height, ocr_tasks.owner_id 
FROM ocr_tasks 
WHERE ocr_tasks.owner_id = $1::INTEGER ORDER BY ocr_tasks.created_at DESC 
 LIMIT $2::INTEGER OFFSET $3::INTEGER
2026-05-17 21:42:25 | INFO | sqlalchemy.engine.Engine | [cached since 268.6s ago] (4, 20, 0)
2026-05-17 21:42:25 | INFO | sqlalchemy.engine.Engine | ROLLBACK
2026-05-17 21:42:28 | INFO | sqlalchemy.engine.Engine | BEGIN (implicit)
2026-05-17 21:42:28 | INFO | sqlalchemy.engine.Engine | SELECT users.id, users.email, users.username, users.hashed_password, users.is_active, users.created_at 
FROM users 
WHERE users.username = $1::VARCHAR
2026-05-17 21:42:28 | INFO | sqlalchemy.engine.Engine | [cached since 272.2s ago] ('yyy',)
2026-05-17 21:42:28 | INFO | sqlalchemy.engine.Engine | SELECT ocr_tasks.id, ocr_tasks.celery_task_id, ocr_tasks.filename, ocr_tasks.file_path, ocr_tasks.status, ocr_tasks.created_at, ocr_tasks.completed_at, ocr_tasks.result, ocr_tasks.correction_log, ocr_tasks.model_version, ocr_tasks.inference_ms, ocr_tasks.avg_confidence, ocr_tasks.image_width, ocr_tasks.image_height, ocr_tasks.owner_id 
FROM ocr_tasks 
WHERE ocr_tasks.owner_id = $1::INTEGER ORDER BY ocr_tasks.created_at DESC 
 LIMIT $2::INTEGER OFFSET $3::INTEGER
2026-05-17 21:42:28 | INFO | sqlalchemy.engine.Engine | [cached since 271.8s ago] (4, 20, 0)
2026-05-17 21:42:28 | INFO | sqlalchemy.engine.Engine | ROLLBACK
2026-05-17 21:42:31 | INFO | sqlalchemy.engine.Engine | BEGIN (implicit)
2026-05-17 21:42:31 | INFO | sqlalchemy.engine.Engine | SELECT users.id, users.email, users.username, users.hashed_password, users.is_active, users.created_at 
FROM users 
WHERE users.username = $1::VARCHAR
2026-05-17 21:42:31 | INFO | sqlalchemy.engine.Engine | [cached since 275.2s ago] ('yyy',)
2026-05-17 21:42:31 | INFO | sqlalchemy.engine.Engine | SELECT ocr_tasks.id, ocr_tasks.celery_task_id, ocr_tasks.filename, ocr_tasks.file_path, ocr_tasks.status, ocr_tasks.created_at, ocr_tasks.completed_at, ocr_tasks.result, ocr_tasks.correction_log, ocr_tasks.model_version, ocr_tasks.inference_ms, ocr_tasks.avg_confidence, ocr_tasks.image_width, ocr_tasks.image_height, ocr_tasks.owner_id 
FROM ocr_tasks 
WHERE ocr_tasks.owner_id = $1::INTEGER ORDER BY ocr_tasks.created_at DESC 
 LIMIT $2::INTEGER OFFSET $3::INTEGER
2026-05-17 21:42:31 | INFO | sqlalchemy.engine.Engine | [cached since 274.8s ago] (4, 20, 0)
2026-05-17 21:42:31 | INFO | sqlalchemy.engine.Engine | ROLLBACK
2026-05-17 21:42:34 | INFO | sqlalchemy.engine.Engine | BEGIN (implicit)
2026-05-17 21:42:34 | INFO | sqlalchemy.engine.Engine | SELECT users.id, users.email, users.username, users.hashed_password, users.is_active, users.created_at 
FROM users 
WHERE users.username = $1::VARCHAR
2026-05-17 21:42:34 | INFO | sqlalchemy.engine.Engine | [cached since 278.5s ago] ('yyy',)
2026-05-17 21:42:34 | INFO | sqlalchemy.engine.Engine | BEGIN (implicit)
2026-05-17 21:42:34 | INFO | sqlalchemy.engine.Engine | SELECT users.id, users.email, users.username, users.hashed_password, users.is_active, users.created_at 
FROM users 
WHERE users.username = $1::VARCHAR
2026-05-17 21:42:34 | INFO | sqlalchemy.engine.Engine | [cached since 278.5s ago] ('yyy',)
2026-05-17 21:42:34 | INFO | sqlalchemy.engine.Engine | BEGIN (implicit)
2026-05-17 21:42:34 | INFO | sqlalchemy.engine.Engine | SELECT users.id, users.email, users.username, users.hashed_password, users.is_active, users.created_at 
FROM users 
WHERE users.username = $1::VARCHAR
2026-05-17 21:42:34 | INFO | sqlalchemy.engine.Engine | [cached since 278.5s ago] ('yyy',)
2026-05-17 21:42:34 | INFO | sqlalchemy.engine.Engine | SELECT count(*) AS count_1 
FROM system_logs 
WHERE system_logs.level = $1::VARCHAR AND system_logs.created_at >= $2::TIMESTAMP WITHOUT TIME ZONE
2026-05-17 21:42:34 | INFO | sqlalchemy.engine.Engine | [cached since 48.17s ago] ('ERROR', datetime.datetime(2026, 5, 16, 13, 42, 34, 973702))
2026-05-17 21:42:34 | INFO | sqlalchemy.engine.Engine | SELECT system_logs.id, system_logs.level, system_logs.source, system_logs.message, system_logs.detail, system_logs.path, system_logs.user_id, system_logs.created_at 
FROM system_logs ORDER BY system_logs.created_at DESC 
 LIMIT $1::INTEGER
2026-05-17 21:42:34 | INFO | sqlalchemy.engine.Engine | [cached since 48.17s ago] (30,)
2026-05-17 21:42:34 | INFO | sqlalchemy.engine.Engine | SELECT ocr_tasks.id, ocr_tasks.celery_task_id, ocr_tasks.filename, ocr_tasks.file_path, ocr_tasks.status, ocr_tasks.created_at, ocr_tasks.completed_at, ocr_tasks.result, ocr_tasks.correction_log, ocr_tasks.model_version, ocr_tasks.inference_ms, ocr_tasks.avg_confidence, ocr_tasks.image_width, ocr_tasks.image_height, ocr_tasks.owner_id 
FROM ocr_tasks 
WHERE ocr_tasks.owner_id = $1::INTEGER ORDER BY ocr_tasks.created_at DESC 
 LIMIT $2::INTEGER OFFSET $3::INTEGER
2026-05-17 21:42:34 | INFO | sqlalchemy.engine.Engine | [cached since 278.1s ago] (4, 20, 0)
2026-05-17 21:42:34 | INFO | sqlalchemy.engine.Engine | SELECT count(*) AS count_1 
FROM system_logs 
WHERE system_logs.level = $1::VARCHAR AND system_logs.created_at >= $2::TIMESTAMP WITHOUT TIME ZONE
2026-05-17 21:42:34 | INFO | sqlalchemy.engine.Engine | [cached since 48.17s ago] ('WARNING', datetime.datetime(2026, 5, 16, 13, 42, 34, 973702))
2026-05-17 21:42:34 | INFO | sqlalchemy.engine.Engine | SELECT count(*) AS count_1 
FROM system_logs 
WHERE system_logs.created_at >= $1::TIMESTAMP WITHOUT TIME ZONE
2026-05-17 21:42:34 | INFO | sqlalchemy.engine.Engine | [cached since 48.16s ago] (datetime.datetime(2026, 5, 16, 13, 42, 34, 973702),)
2026-05-17 21:42:34 | INFO | sqlalchemy.engine.Engine | ROLLBACK
2026-05-17 21:42:34 | INFO | sqlalchemy.engine.Engine | SELECT data_backup_records.id, data_backup_records.filename, data_backup_records.file_path, data_backup_records.size_bytes, data_backup_records.success, data_backup_records.error_message, data_backup_records.created_by_user_id, data_backup_records.created_at 
FROM data_backup_records ORDER BY data_backup_records.created_at DESC 
 LIMIT $1::INTEGER
2026-05-17 21:42:34 | INFO | sqlalchemy.engine.Engine | [cached since 48.16s ago] (1,)
2026-05-17 21:42:34 | INFO | sqlalchemy.engine.Engine | ROLLBACK
2026-05-17 21:42:34 | INFO | sqlalchemy.engine.Engine | ROLLBACK
2026-05-17 21:42:37 | INFO | sqlalchemy.engine.Engine | BEGIN (implicit)
2026-05-17 21:42:37 | INFO | sqlalchemy.engine.Engine | SELECT users.id, users.email, users.username, users.hashed_password, users.is_active, users.created_at 
FROM users 
WHERE users.username = $1::VARCHAR
2026-05-17 21:42:37 | INFO | sqlalchemy.engine.Engine | [cached since 280.6s ago] ('yyy',)
2026-05-17 21:42:37 | INFO | sqlalchemy.engine.Engine | BEGIN (implicit)
2026-05-17 21:42:37 | INFO | sqlalchemy.engine.Engine | SELECT users.id, users.email, users.username, users.hashed_password, users.is_active, users.created_at 
FROM users 
WHERE users.username = $1::VARCHAR
2026-05-17 21:42:37 | INFO | sqlalchemy.engine.Engine | [cached since 280.6s ago] ('yyy',)
2026-05-17 21:42:37 | INFO | sqlalchemy.engine.Engine | SELECT date_trunc($1::VARCHAR, ocr_tasks.completed_at) AS bucket, avg(ocr_tasks.inference_ms) AS avg_ms, count(ocr_tasks.id) AS cnt 
FROM ocr_tasks 
WHERE ocr_tasks.owner_id = $2::INTEGER AND ocr_tasks.status = $3::taskstatus AND ocr_tasks.completed_at IS NOT NULL AND ocr_tasks.completed_at >= $4::TIMESTAMP WITHOUT TIME ZONE AND ocr_tasks.inference_ms IS NOT NULL GROUP BY date_trunc($1::VARCHAR, ocr_tasks.completed_at) ORDER BY bucket
2026-05-17 21:42:37 | INFO | sqlalchemy.engine.Engine | [cached since 50.22s ago] ('hour', 4, 'COMPLETED', datetime.datetime(2026, 5, 16, 13, 42, 37, 32543))
2026-05-17 21:42:37 | INFO | sqlalchemy.engine.Engine | SELECT ocr_tasks.id, ocr_tasks.celery_task_id, ocr_tasks.filename, ocr_tasks.file_path, ocr_tasks.status, ocr_tasks.created_at, ocr_tasks.completed_at, ocr_tasks.result, ocr_tasks.correction_log, ocr_tasks.model_version, ocr_tasks.inference_ms, ocr_tasks.avg_confidence, ocr_tasks.image_width, ocr_tasks.image_height, ocr_tasks.owner_id 
FROM ocr_tasks 
WHERE ocr_tasks.owner_id = $1::INTEGER AND (ocr_tasks.status = $2::taskstatus AND ocr_tasks.avg_confidence IS NOT NULL AND ocr_tasks.avg_confidence < $3::FLOAT OR ocr_tasks.status = $4::taskstatus) ORDER BY ocr_tasks.created_at DESC 
 LIMIT $5::INTEGER
2026-05-17 21:42:37 | INFO | sqlalchemy.engine.Engine | [cached since 50.23s ago] (4, 'COMPLETED', 0.8, 'FAILED', 30)
2026-05-17 21:42:37 | INFO | sqlalchemy.engine.Engine | SELECT ocr_tasks.id 
FROM ocr_tasks 
WHERE ocr_tasks.owner_id = $1::INTEGER AND ocr_tasks.status = $2::taskstatus AND ocr_tasks.avg_confidence IS NOT NULL AND ocr_tasks.avg_confidence < $3::FLOAT ORDER BY ocr_tasks.created_at DESC 
 LIMIT $4::INTEGER
2026-05-17 21:42:37 | INFO | sqlalchemy.engine.Engine | [cached since 50.16s ago] (4, 'COMPLETED', 0.8, 50)
2026-05-17 21:42:37 | INFO | sqlalchemy.engine.Engine | SELECT ocr_tasks.status, count(ocr_tasks.id) AS count_1 
FROM ocr_tasks 
WHERE ocr_tasks.owner_id = $1::INTEGER AND ocr_tasks.created_at >= $2::TIMESTAMP WITHOUT TIME ZONE GROUP BY ocr_tasks.status
2026-05-17 21:42:37 | INFO | sqlalchemy.engine.Engine | [cached since 50.15s ago] (4, datetime.datetime(2026, 5, 16, 13, 42, 37, 50562))
2026-05-17 21:42:37 | INFO | sqlalchemy.engine.Engine | ROLLBACK
2026-05-17 21:42:37 | INFO | sqlalchemy.engine.Engine | ROLLBACK
2026-05-17 21:42:37 | INFO | sqlalchemy.engine.Engine | BEGIN (implicit)
2026-05-17 21:42:37 | INFO | sqlalchemy.engine.Engine | SELECT users.id, users.email, users.username, users.hashed_password, users.is_active, users.created_at 
FROM users 
WHERE users.username = $1::VARCHAR
2026-05-17 21:42:37 | INFO | sqlalchemy.engine.Engine | [cached since 281s ago] ('yyy',)
2026-05-17 21:42:37 | INFO | sqlalchemy.engine.Engine | SELECT ocr_tasks.id, ocr_tasks.celery_task_id, ocr_tasks.filename, ocr_tasks.file_path, ocr_tasks.status, ocr_tasks.created_at, ocr_tasks.completed_at, ocr_tasks.result, ocr_tasks.correction_log, ocr_tasks.model_version, ocr_tasks.inference_ms, ocr_tasks.avg_confidence, ocr_tasks.image_width, ocr_tasks.image_height, ocr_tasks.owner_id 
FROM ocr_tasks 
WHERE ocr_tasks.owner_id = $1::INTEGER ORDER BY ocr_tasks.created_at DESC 
 LIMIT $2::INTEGER OFFSET $3::INTEGER
2026-05-17 21:42:37 | INFO | sqlalchemy.engine.Engine | [cached since 280.6s ago] (4, 20, 0)
2026-05-17 21:42:37 | INFO | sqlalchemy.engine.Engine | ROLLBACK
2026-05-17 21:42:40 | INFO | sqlalchemy.engine.Engine | BEGIN (implicit)
2026-05-17 21:42:40 | INFO | sqlalchemy.engine.Engine | SELECT users.id, users.email, users.username, users.hashed_password, users.is_active, users.created_at 
FROM users 
WHERE users.username = $1::VARCHAR
2026-05-17 21:42:40 | INFO | sqlalchemy.engine.Engine | [cached since 284.2s ago] ('yyy',)
2026-05-17 21:42:40 | INFO | sqlalchemy.engine.Engine | SELECT ocr_tasks.id, ocr_tasks.celery_task_id, ocr_tasks.filename, ocr_tasks.file_path, ocr_tasks.status, ocr_tasks.created_at, ocr_tasks.completed_at, ocr_tasks.result, ocr_tasks.correction_log, ocr_tasks.model_version, ocr_tasks.inference_ms, ocr_tasks.avg_confidence, ocr_tasks.image_width, ocr_tasks.image_height, ocr_tasks.owner_id 
FROM ocr_tasks 
WHERE ocr_tasks.owner_id = $1::INTEGER ORDER BY ocr_tasks.created_at DESC 
 LIMIT $2::INTEGER OFFSET $3::INTEGER
2026-05-17 21:42:40 | INFO | sqlalchemy.engine.Engine | [cached since 283.8s ago] (4, 20, 0)
2026-05-17 21:42:40 | INFO | sqlalchemy.engine.Engine | ROLLBACK
2026-05-17 21:42:43 | INFO | sqlalchemy.engine.Engine | BEGIN (implicit)
2026-05-17 21:42:43 | INFO | sqlalchemy.engine.Engine | SELECT users.id, users.email, users.username, users.hashed_password, users.is_active, users.created_at 
FROM users 
WHERE users.username = $1::VARCHAR
2026-05-17 21:42:43 | INFO | sqlalchemy.engine.Engine | [cached since 287.2s ago] ('yyy',)
2026-05-17 21:42:43 | INFO | sqlalchemy.engine.Engine | SELECT ocr_tasks.id, ocr_tasks.celery_task_id, ocr_tasks.filename, ocr_tasks.file_path, ocr_tasks.status, ocr_tasks.created_at, ocr_tasks.completed_at, ocr_tasks.result, ocr_tasks.correction_log, ocr_tasks.model_version, ocr_tasks.inference_ms, ocr_tasks.avg_confidence, ocr_tasks.image_width, ocr_tasks.image_height, ocr_tasks.owner_id 
FROM ocr_tasks 
WHERE ocr_tasks.owner_id = $1::INTEGER ORDER BY ocr_tasks.created_at DESC 
 LIMIT $2::INTEGER OFFSET $3::INTEGER
2026-05-17 21:42:43 | INFO | sqlalchemy.engine.Engine | [cached since 286.8s ago] (4, 20, 0)
2026-05-17 21:42:43 | INFO | sqlalchemy.engine.Engine | ROLLBACK
2026-05-17 21:42:46 | INFO | sqlalchemy.engine.Engine | BEGIN (implicit)
2026-05-17 21:42:46 | INFO | sqlalchemy.engine.Engine | SELECT users.id, users.email, users.username, users.hashed_password, users.is_active, users.created_at 
FROM users 
WHERE users.username = $1::VARCHAR
2026-05-17 21:42:46 | INFO | sqlalchemy.engine.Engine | [cached since 290.2s ago] ('yyy',)
2026-05-17 21:42:46 | INFO | sqlalchemy.engine.Engine | SELECT ocr_tasks.id, ocr_tasks.celery_task_id, ocr_tasks.filename, ocr_tasks.file_path, ocr_tasks.status, ocr_tasks.created_at, ocr_tasks.completed_at, ocr_tasks.result, ocr_tasks.correction_log, ocr_tasks.model_version, ocr_tasks.inference_ms, ocr_tasks.avg_confidence, ocr_tasks.image_width, ocr_tasks.image_height, ocr_tasks.owner_id 
FROM ocr_tasks 
WHERE ocr_tasks.owner_id = $1::INTEGER ORDER BY ocr_tasks.created_at DESC 
 LIMIT $2::INTEGER OFFSET $3::INTEGER
2026-05-17 21:42:46 | INFO | sqlalchemy.engine.Engine | [cached since 289.8s ago] (4, 20, 0)
2026-05-17 21:42:46 | INFO | sqlalchemy.engine.Engine | ROLLBACK
2026-05-17 21:42:49 | INFO | sqlalchemy.engine.Engine | BEGIN (implicit)
2026-05-17 21:42:49 | INFO | sqlalchemy.engine.Engine | SELECT users.id, users.email, users.username, users.hashed_password, users.is_active, users.created_at 
FROM users 
WHERE users.username = $1::VARCHAR
2026-05-17 21:42:49 | INFO | sqlalchemy.engine.Engine | [cached since 293.3s ago] ('yyy',)
2026-05-17 21:42:49 | INFO | sqlalchemy.engine.Engine | BEGIN (implicit)
2026-05-17 21:42:49 | INFO | sqlalchemy.engine.Engine | SELECT users.id, users.email, users.username, users.hashed_password, users.is_active, users.created_at 
FROM users 
WHERE users.username = $1::VARCHAR
2026-05-17 21:42:49 | INFO | sqlalchemy.engine.Engine | [cached since 293.3s ago] ('yyy',)
2026-05-17 21:42:49 | INFO | sqlalchemy.engine.Engine | SELECT date_trunc($1::VARCHAR, ocr_tasks.completed_at) AS bucket, avg(ocr_tasks.inference_ms) AS avg_ms, count(ocr_tasks.id) AS cnt 
FROM ocr_tasks 
WHERE ocr_tasks.owner_id = $2::INTEGER AND ocr_tasks.status = $3::taskstatus AND ocr_tasks.completed_at IS NOT NULL AND ocr_tasks.completed_at >= $4::TIMESTAMP WITHOUT TIME ZONE AND ocr_tasks.inference_ms IS NOT NULL GROUP BY date_trunc($1::VARCHAR, ocr_tasks.completed_at) ORDER BY bucket
2026-05-17 21:42:49 | INFO | sqlalchemy.engine.Engine | [cached since 63s ago] ('hour', 4, 'COMPLETED', datetime.datetime(2026, 5, 16, 13, 42, 49, 803041))
2026-05-17 21:42:49 | INFO | sqlalchemy.engine.Engine | SELECT ocr_tasks.id, ocr_tasks.celery_task_id, ocr_tasks.filename, ocr_tasks.file_path, ocr_tasks.status, ocr_tasks.created_at, ocr_tasks.completed_at, ocr_tasks.result, ocr_tasks.correction_log, ocr_tasks.model_version, ocr_tasks.inference_ms, ocr_tasks.avg_confidence, ocr_tasks.image_width, ocr_tasks.image_height, ocr_tasks.owner_id 
FROM ocr_tasks 
WHERE ocr_tasks.owner_id = $1::INTEGER AND (ocr_tasks.status = $2::taskstatus AND ocr_tasks.avg_confidence IS NOT NULL AND ocr_tasks.avg_confidence < $3::FLOAT OR ocr_tasks.status = $4::taskstatus) ORDER BY ocr_tasks.created_at DESC 
 LIMIT $5::INTEGER
2026-05-17 21:42:49 | INFO | sqlalchemy.engine.Engine | [cached since 63.01s ago] (4, 'COMPLETED', 0.8, 'FAILED', 30)
2026-05-17 21:42:49 | INFO | sqlalchemy.engine.Engine | SELECT ocr_tasks.id 
FROM ocr_tasks 
WHERE ocr_tasks.owner_id = $1::INTEGER AND ocr_tasks.status = $2::taskstatus AND ocr_tasks.avg_confidence IS NOT NULL AND ocr_tasks.avg_confidence < $3::FLOAT ORDER BY ocr_tasks.created_at DESC 
 LIMIT $4::INTEGER
2026-05-17 21:42:49 | INFO | sqlalchemy.engine.Engine | [cached since 62.93s ago] (4, 'COMPLETED', 0.8, 50)
2026-05-17 21:42:49 | INFO | sqlalchemy.engine.Engine | ROLLBACK
2026-05-17 21:42:49 | INFO | sqlalchemy.engine.Engine | SELECT ocr_tasks.status, count(ocr_tasks.id) AS count_1 
FROM ocr_tasks 
WHERE ocr_tasks.owner_id = $1::INTEGER AND ocr_tasks.created_at >= $2::TIMESTAMP WITHOUT TIME ZONE GROUP BY ocr_tasks.status
2026-05-17 21:42:49 | INFO | sqlalchemy.engine.Engine | [cached since 62.93s ago] (4, datetime.datetime(2026, 5, 16, 13, 42, 49, 828701))
2026-05-17 21:42:49 | INFO | sqlalchemy.engine.Engine | ROLLBACK
2026-05-17 21:42:49 | INFO | sqlalchemy.engine.Engine | BEGIN (implicit)
2026-05-17 21:42:49 | INFO | sqlalchemy.engine.Engine | SELECT users.id, users.email, users.username, users.hashed_password, users.is_active, users.created_at 
FROM users 
WHERE users.username = $1::VARCHAR
2026-05-17 21:42:49 | INFO | sqlalchemy.engine.Engine | [cached since 293.4s ago] ('yyy',)
2026-05-17 21:42:49 | INFO | sqlalchemy.engine.Engine | BEGIN (implicit)
2026-05-17 21:42:49 | INFO | sqlalchemy.engine.Engine | SELECT users.id, users.email, users.username, users.hashed_password, users.is_active, users.created_at 
FROM users 
WHERE users.username = $1::VARCHAR
2026-05-17 21:42:49 | INFO | sqlalchemy.engine.Engine | [cached since 293.4s ago] ('yyy',)
2026-05-17 21:42:49 | INFO | sqlalchemy.engine.Engine | SELECT ocr_tasks.id, ocr_tasks.celery_task_id, ocr_tasks.filename, ocr_tasks.file_path, ocr_tasks.status, ocr_tasks.created_at, ocr_tasks.completed_at, ocr_tasks.result, ocr_tasks.correction_log, ocr_tasks.model_version, ocr_tasks.inference_ms, ocr_tasks.avg_confidence, ocr_tasks.image_width, ocr_tasks.image_height, ocr_tasks.owner_id 
FROM ocr_tasks 
WHERE ocr_tasks.owner_id = $1::INTEGER ORDER BY ocr_tasks.created_at DESC 
 LIMIT $2::INTEGER OFFSET $3::INTEGER
2026-05-17 21:42:49 | INFO | sqlalchemy.engine.Engine | [cached since 293.1s ago] (4, 20, 0)
2026-05-17 21:42:49 | INFO | sqlalchemy.engine.Engine | SELECT count(*) AS count_1 
FROM system_logs 
WHERE system_logs.level = $1::VARCHAR AND system_logs.created_at >= $2::TIMESTAMP WITHOUT TIME ZONE
2026-05-17 21:42:49 | INFO | sqlalchemy.engine.Engine | [cached since 63.11s ago] ('ERROR', datetime.datetime(2026, 5, 16, 13, 42, 49, 912507))
2026-05-17 21:42:49 | INFO | sqlalchemy.engine.Engine | SELECT count(*) AS count_1 
FROM system_logs 
WHERE system_logs.level = $1::VARCHAR AND system_logs.created_at >= $2::TIMESTAMP WITHOUT TIME ZONE
2026-05-17 21:42:49 | INFO | sqlalchemy.engine.Engine | [cached since 63.11s ago] ('WARNING', datetime.datetime(2026, 5, 16, 13, 42, 49, 912507))
2026-05-17 21:42:49 | INFO | sqlalchemy.engine.Engine | SELECT count(*) AS count_1 
FROM system_logs 
WHERE system_logs.created_at >= $1::TIMESTAMP WITHOUT TIME ZONE
2026-05-17 21:42:49 | INFO | sqlalchemy.engine.Engine | [cached since 63.1s ago] (datetime.datetime(2026, 5, 16, 13, 42, 49, 912507),)
2026-05-17 21:42:49 | INFO | sqlalchemy.engine.Engine | SELECT data_backup_records.id, data_backup_records.filename, data_backup_records.file_path, data_backup_records.size_bytes, data_backup_records.success, data_backup_records.error_message, data_backup_records.created_by_user_id, data_backup_records.created_at 
FROM data_backup_records ORDER BY data_backup_records.created_at DESC 
 LIMIT $1::INTEGER
2026-05-17 21:42:49 | INFO | sqlalchemy.engine.Engine | [cached since 63.1s ago] (1,)
2026-05-17 21:42:49 | INFO | sqlalchemy.engine.Engine | ROLLBACK
2026-05-17 21:42:49 | INFO | sqlalchemy.engine.Engine | ROLLBACK
2026-05-17 21:42:49 | INFO | sqlalchemy.engine.Engine | BEGIN (implicit)
2026-05-17 21:42:49 | INFO | sqlalchemy.engine.Engine | SELECT users.id, users.email, users.username, users.hashed_password, users.is_active, users.created_at 
FROM users 
WHERE users.username = $1::VARCHAR
2026-05-17 21:42:49 | INFO | sqlalchemy.engine.Engine | [cached since 293.5s ago] ('yyy',)
2026-05-17 21:42:49 | INFO | sqlalchemy.engine.Engine | SELECT system_logs.id, system_logs.level, system_logs.source, system_logs.message, system_logs.detail, system_logs.path, system_logs.user_id, system_logs.created_at 
FROM system_logs ORDER BY system_logs.created_at DESC 
 LIMIT $1::INTEGER
2026-05-17 21:42:49 | INFO | sqlalchemy.engine.Engine | [cached since 63.17s ago] (30,)
2026-05-17 21:42:49 | INFO | sqlalchemy.engine.Engine | ROLLBACK
2026-05-17 21:42:52 | INFO | sqlalchemy.engine.Engine | BEGIN (implicit)
2026-05-17 21:42:52 | INFO | sqlalchemy.engine.Engine | SELECT users.id, users.email, users.username, users.hashed_password, users.is_active, users.created_at 
FROM users 
WHERE users.username = $1::VARCHAR
2026-05-17 21:42:52 | INFO | sqlalchemy.engine.Engine | [cached since 296.2s ago] ('yyy',)
2026-05-17 21:42:52 | INFO | sqlalchemy.engine.Engine | SELECT ocr_tasks.id, ocr_tasks.celery_task_id, ocr_tasks.filename, ocr_tasks.file_path, ocr_tasks.status, ocr_tasks.created_at, ocr_tasks.completed_at, ocr_tasks.result, ocr_tasks.correction_log, ocr_tasks.model_version, ocr_tasks.inference_ms, ocr_tasks.avg_confidence, ocr_tasks.image_width, ocr_tasks.image_height, ocr_tasks.owner_id 
FROM ocr_tasks 
WHERE ocr_tasks.owner_id = $1::INTEGER ORDER BY ocr_tasks.created_at DESC 
 LIMIT $2::INTEGER OFFSET $3::INTEGER
2026-05-17 21:42:52 | INFO | sqlalchemy.engine.Engine | [cached since 295.9s ago] (4, 20, 0)
2026-05-17 21:42:52 | INFO | sqlalchemy.engine.Engine | ROLLBACK
2026-05-17 21:42:55 | INFO | sqlalchemy.engine.Engine | BEGIN (implicit)
2026-05-17 21:42:55 | INFO | sqlalchemy.engine.Engine | SELECT users.id, users.email, users.username, users.hashed_password, users.is_active, users.created_at 
FROM users 
WHERE users.username = $1::VARCHAR
2026-05-17 21:42:55 | INFO | sqlalchemy.engine.Engine | [cached since 299.2s ago] ('yyy',)
2026-05-17 21:42:55 | INFO | sqlalchemy.engine.Engine | SELECT ocr_tasks.id, ocr_tasks.celery_task_id, ocr_tasks.filename, ocr_tasks.file_path, ocr_tasks.status, ocr_tasks.created_at, ocr_tasks.completed_at, ocr_tasks.result, ocr_tasks.correction_log, ocr_tasks.model_version, ocr_tasks.inference_ms, ocr_tasks.avg_confidence, ocr_tasks.image_width, ocr_tasks.image_height, ocr_tasks.owner_id 
FROM ocr_tasks 
WHERE ocr_tasks.owner_id = $1::INTEGER ORDER BY ocr_tasks.created_at DESC 
 LIMIT $2::INTEGER OFFSET $3::INTEGER
2026-05-17 21:42:55 | INFO | sqlalchemy.engine.Engine | [cached since 298.9s ago] (4, 20, 0)
2026-05-17 21:42:55 | INFO | sqlalchemy.engine.Engine | ROLLBACK
2026-05-17 21:42:58 | INFO | sqlalchemy.engine.Engine | BEGIN (implicit)
2026-05-17 21:42:58 | INFO | sqlalchemy.engine.Engine | SELECT users.id, users.email, users.username, users.hashed_password, users.is_active, users.created_at 
FROM users 
WHERE users.username = $1::VARCHAR
2026-05-17 21:42:58 | INFO | sqlalchemy.engine.Engine | [cached since 302.5s ago] ('yyy',)
2026-05-17 21:42:58 | INFO | sqlalchemy.engine.Engine | ROLLBACK
2026-05-17 21:42:59 | INFO | sqlalchemy.engine.Engine | BEGIN (implicit)
2026-05-17 21:42:59 | INFO | sqlalchemy.engine.Engine | SELECT users.id, users.email, users.username, users.hashed_password, users.is_active, users.created_at 
FROM users 
WHERE users.username = $1::VARCHAR
2026-05-17 21:42:59 | INFO | sqlalchemy.engine.Engine | [cached since 302.6s ago] ('yyy',)
2026-05-17 21:42:59 | INFO | sqlalchemy.engine.Engine | BEGIN (implicit)
2026-05-17 21:42:59 | INFO | sqlalchemy.engine.Engine | SELECT users.id, users.email, users.username, users.hashed_password, users.is_active, users.created_at 
FROM users 
WHERE users.username = $1::VARCHAR
2026-05-17 21:42:59 | INFO | sqlalchemy.engine.Engine | [cached since 302.6s ago] ('yyy',)
2026-05-17 21:42:59 | INFO | sqlalchemy.engine.Engine | BEGIN (implicit)
2026-05-17 21:42:59 | INFO | sqlalchemy.engine.Engine | SELECT users.id, users.email, users.username, users.hashed_password, users.is_active, users.created_at 
FROM users 
WHERE users.username = $1::VARCHAR
2026-05-17 21:42:59 | INFO | sqlalchemy.engine.Engine | [cached since 302.7s ago] ('yyy',)
2026-05-17 21:42:59 | INFO | sqlalchemy.engine.Engine | ROLLBACK
2026-05-17 21:42:59 | INFO | sqlalchemy.engine.Engine | BEGIN (implicit)
2026-05-17 21:42:59 | INFO | sqlalchemy.engine.Engine | SELECT users.id, users.email, users.username, users.hashed_password, users.is_active, users.created_at 
FROM users 
WHERE users.username = $1::VARCHAR
2026-05-17 21:42:59 | INFO | sqlalchemy.engine.Engine | [cached since 302.7s ago] ('yyy',)
2026-05-17 21:42:59 | INFO | sqlalchemy.engine.Engine | SELECT date_trunc($1::VARCHAR, ocr_tasks.completed_at) AS bucket, avg(ocr_tasks.inference_ms) AS avg_ms, count(ocr_tasks.id) AS cnt 
FROM ocr_tasks 
WHERE ocr_tasks.owner_id = $2::INTEGER AND ocr_tasks.status = $3::taskstatus AND ocr_tasks.completed_at IS NOT NULL AND ocr_tasks.completed_at >= $4::TIMESTAMP WITHOUT TIME ZONE AND ocr_tasks.inference_ms IS NOT NULL GROUP BY date_trunc($1::VARCHAR, ocr_tasks.completed_at) ORDER BY bucket
2026-05-17 21:42:59 | INFO | sqlalchemy.engine.Engine | [cached since 72.31s ago] ('hour', 4, 'COMPLETED', datetime.datetime(2026, 5, 16, 13, 42, 59, 124603))
2026-05-17 21:42:59 | INFO | sqlalchemy.engine.Engine | SELECT ocr_tasks.id, ocr_tasks.celery_task_id, ocr_tasks.filename, ocr_tasks.file_path, ocr_tasks.status, ocr_tasks.created_at, ocr_tasks.completed_at, ocr_tasks.result, ocr_tasks.correction_log, ocr_tasks.model_version, ocr_tasks.inference_ms, ocr_tasks.avg_confidence, ocr_tasks.image_width, ocr_tasks.image_height, ocr_tasks.owner_id 
FROM ocr_tasks 
WHERE ocr_tasks.owner_id = $1::INTEGER AND (ocr_tasks.status = $2::taskstatus AND ocr_tasks.avg_confidence IS NOT NULL AND ocr_tasks.avg_confidence < $3::FLOAT OR ocr_tasks.status = $4::taskstatus) ORDER BY ocr_tasks.created_at DESC 
 LIMIT $5::INTEGER
2026-05-17 21:42:59 | INFO | sqlalchemy.engine.Engine | [cached since 72.33s ago] (4, 'COMPLETED', 0.8, 'FAILED', 30)
2026-05-17 21:42:59 | INFO | sqlalchemy.engine.Engine | SELECT ocr_tasks.id, ocr_tasks.celery_task_id, ocr_tasks.filename, ocr_tasks.file_path, ocr_tasks.status, ocr_tasks.created_at, ocr_tasks.completed_at, ocr_tasks.result, ocr_tasks.correction_log, ocr_tasks.model_version, ocr_tasks.inference_ms, ocr_tasks.avg_confidence, ocr_tasks.image_width, ocr_tasks.image_height, ocr_tasks.owner_id 
FROM ocr_tasks 
WHERE ocr_tasks.owner_id = $1::INTEGER ORDER BY ocr_tasks.created_at DESC 
 LIMIT $2::INTEGER OFFSET $3::INTEGER
2026-05-17 21:42:59 | INFO | sqlalchemy.engine.Engine | [cached since 302.3s ago] (4, 20, 0)
2026-05-17 21:42:59 | INFO | sqlalchemy.engine.Engine | BEGIN (implicit)
2026-05-17 21:42:59 | INFO | sqlalchemy.engine.Engine | SELECT users.id, users.email, users.username, users.hashed_password, users.is_active, users.created_at 
FROM users 
WHERE users.username = $1::VARCHAR
2026-05-17 21:42:59 | INFO | sqlalchemy.engine.Engine | [cached since 302.7s ago] ('yyy',)
2026-05-17 21:42:59 | INFO | sqlalchemy.engine.Engine | SELECT count(*) AS count_1 
FROM system_logs 
WHERE system_logs.level = $1::VARCHAR AND system_logs.created_at >= $2::TIMESTAMP WITHOUT TIME ZONE
2026-05-17 21:42:59 | INFO | sqlalchemy.engine.Engine | [cached since 72.36s ago] ('ERROR', datetime.datetime(2026, 5, 16, 13, 42, 59, 161624))
2026-05-17 21:42:59 | INFO | sqlalchemy.engine.Engine | SELECT count(*) AS count_1 
FROM system_logs 
WHERE system_logs.level = $1::VARCHAR AND system_logs.created_at >= $2::TIMESTAMP WITHOUT TIME ZONE
2026-05-17 21:42:59 | INFO | sqlalchemy.engine.Engine | [cached since 72.36s ago] ('WARNING', datetime.datetime(2026, 5, 16, 13, 42, 59, 161624))
2026-05-17 21:42:59 | INFO | sqlalchemy.engine.Engine | SELECT count(*) AS count_1 
FROM system_logs 
WHERE system_logs.created_at >= $1::TIMESTAMP WITHOUT TIME ZONE
2026-05-17 21:42:59 | INFO | sqlalchemy.engine.Engine | [cached since 72.35s ago] (datetime.datetime(2026, 5, 16, 13, 42, 59, 161624),)
2026-05-17 21:42:59 | INFO | sqlalchemy.engine.Engine | SELECT data_backup_records.id, data_backup_records.filename, data_backup_records.file_path, data_backup_records.size_bytes, data_backup_records.success, data_backup_records.error_message, data_backup_records.created_by_user_id, data_backup_records.created_at 
FROM data_backup_records ORDER BY data_backup_records.created_at DESC 
 LIMIT $1::INTEGER
2026-05-17 21:42:59 | INFO | sqlalchemy.engine.Engine | [cached since 72.35s ago] (1,)
2026-05-17 21:42:59 | INFO | sqlalchemy.engine.Engine | SELECT ocr_tasks.id 
FROM ocr_tasks 
WHERE ocr_tasks.owner_id = $1::INTEGER AND ocr_tasks.status = $2::taskstatus AND ocr_tasks.avg_confidence IS NOT NULL AND ocr_tasks.avg_confidence < $3::FLOAT ORDER BY ocr_tasks.created_at DESC 
 LIMIT $4::INTEGER
2026-05-17 21:42:59 | INFO | sqlalchemy.engine.Engine | [cached since 72.28s ago] (4, 'COMPLETED', 0.8, 50)
2026-05-17 21:42:59 | INFO | sqlalchemy.engine.Engine | SELECT ocr_tasks.status, count(ocr_tasks.id) AS count_1 
FROM ocr_tasks 
WHERE ocr_tasks.owner_id = $1::INTEGER AND ocr_tasks.created_at >= $2::TIMESTAMP WITHOUT TIME ZONE GROUP BY ocr_tasks.status
2026-05-17 21:42:59 | INFO | sqlalchemy.engine.Engine | [cached since 72.28s ago] (4, datetime.datetime(2026, 5, 16, 13, 42, 59, 175121))
2026-05-17 21:42:59 | INFO | sqlalchemy.engine.Engine | ROLLBACK
2026-05-17 21:42:59 | INFO | sqlalchemy.engine.Engine | ROLLBACK
2026-05-17 21:42:59 | INFO | sqlalchemy.engine.Engine | ROLLBACK
2026-05-17 21:42:59 | INFO | sqlalchemy.engine.Engine | ROLLBACK
2026-05-17 21:42:59 | INFO | sqlalchemy.engine.Engine | BEGIN (implicit)
2026-05-17 21:42:59 | INFO | sqlalchemy.engine.Engine | SELECT users.id, users.email, users.username, users.hashed_password, users.is_active, users.created_at 
FROM users 
WHERE users.username = $1::VARCHAR
2026-05-17 21:42:59 | INFO | sqlalchemy.engine.Engine | [cached since 302.8s ago] ('yyy',)
2026-05-17 21:42:59 | INFO | sqlalchemy.engine.Engine | BEGIN (implicit)
2026-05-17 21:42:59 | INFO | sqlalchemy.engine.Engine | SELECT users.id, users.email, users.username, users.hashed_password, users.is_active, users.created_at 
FROM users 
WHERE users.username = $1::VARCHAR
2026-05-17 21:42:59 | INFO | sqlalchemy.engine.Engine | [cached since 302.8s ago] ('yyy',)
2026-05-17 21:42:59 | INFO | sqlalchemy.engine.Engine | BEGIN (implicit)
2026-05-17 21:42:59 | INFO | sqlalchemy.engine.Engine | SELECT users.id, users.email, users.username, users.hashed_password, users.is_active, users.created_at 
FROM users 
WHERE users.username = $1::VARCHAR
2026-05-17 21:42:59 | INFO | sqlalchemy.engine.Engine | [cached since 302.8s ago] ('yyy',)
2026-05-17 21:42:59 | INFO | sqlalchemy.engine.Engine | SELECT ocr_tasks.id, ocr_tasks.celery_task_id, ocr_tasks.filename, ocr_tasks.file_path, ocr_tasks.status, ocr_tasks.created_at, ocr_tasks.completed_at, ocr_tasks.result, ocr_tasks.correction_log, ocr_tasks.model_version, ocr_tasks.inference_ms, ocr_tasks.avg_confidence, ocr_tasks.image_width, ocr_tasks.image_height, ocr_tasks.owner_id 
FROM ocr_tasks 
WHERE ocr_tasks.owner_id = $1::INTEGER ORDER BY ocr_tasks.created_at DESC 
 LIMIT $2::INTEGER OFFSET $3::INTEGER
2026-05-17 21:42:59 | INFO | sqlalchemy.engine.Engine | [cached since 302.5s ago] (4, 20, 0)
2026-05-17 21:42:59 | INFO | sqlalchemy.engine.Engine | SELECT count(*) AS count_1 
FROM system_logs 
WHERE system_logs.level = $1::VARCHAR AND system_logs.created_at >= $2::TIMESTAMP WITHOUT TIME ZONE
2026-05-17 21:42:59 | INFO | sqlalchemy.engine.Engine | [cached since 72.51s ago] ('ERROR', datetime.datetime(2026, 5, 16, 13, 42, 59, 312132))
2026-05-17 21:42:59 | INFO | sqlalchemy.engine.Engine | SELECT system_logs.id, system_logs.level, system_logs.source, system_logs.message, system_logs.detail, system_logs.path, system_logs.user_id, system_logs.created_at 
FROM system_logs ORDER BY system_logs.created_at DESC 
 LIMIT $1::INTEGER
2026-05-17 21:42:59 | INFO | sqlalchemy.engine.Engine | [cached since 72.51s ago] (30,)
2026-05-17 21:42:59 | INFO | sqlalchemy.engine.Engine | SELECT count(*) AS count_1 
FROM system_logs 
WHERE system_logs.level = $1::VARCHAR AND system_logs.created_at >= $2::TIMESTAMP WITHOUT TIME ZONE
2026-05-17 21:42:59 | INFO | sqlalchemy.engine.Engine | [cached since 72.51s ago] ('WARNING', datetime.datetime(2026, 5, 16, 13, 42, 59, 312132))
2026-05-17 21:42:59 | INFO | sqlalchemy.engine.Engine | SELECT count(*) AS count_1 
FROM system_logs 
WHERE system_logs.created_at >= $1::TIMESTAMP WITHOUT TIME ZONE
2026-05-17 21:42:59 | INFO | sqlalchemy.engine.Engine | [cached since 72.5s ago] (datetime.datetime(2026, 5, 16, 13, 42, 59, 312132),)
2026-05-17 21:42:59 | INFO | sqlalchemy.engine.Engine | ROLLBACK
2026-05-17 21:42:59 | INFO | sqlalchemy.engine.Engine | SELECT data_backup_records.id, data_backup_records.filename, data_backup_records.file_path, data_backup_records.size_bytes, data_backup_records.success, data_backup_records.error_message, data_backup_records.created_by_user_id, data_backup_records.created_at 
FROM data_backup_records ORDER BY data_backup_records.created_at DESC 
 LIMIT $1::INTEGER
2026-05-17 21:42:59 | INFO | sqlalchemy.engine.Engine | [cached since 72.51s ago] (1,)
2026-05-17 21:42:59 | INFO | sqlalchemy.engine.Engine | ROLLBACK
2026-05-17 21:42:59 | INFO | sqlalchemy.engine.Engine | BEGIN (implicit)
2026-05-17 21:42:59 | INFO | sqlalchemy.engine.Engine | SELECT users.id, users.email, users.username, users.hashed_password, users.is_active, users.created_at 
FROM users 
WHERE users.username = $1::VARCHAR
2026-05-17 21:42:59 | INFO | sqlalchemy.engine.Engine | [cached since 302.9s ago] ('yyy',)
2026-05-17 21:42:59 | INFO | sqlalchemy.engine.Engine | ROLLBACK
2026-05-17 21:42:59 | INFO | sqlalchemy.engine.Engine | SELECT system_logs.id, system_logs.level, system_logs.source, system_logs.message, system_logs.detail, system_logs.path, system_logs.user_id, system_logs.created_at 
FROM system_logs ORDER BY system_logs.created_at DESC 
 LIMIT $1::INTEGER
2026-05-17 21:42:59 | INFO | sqlalchemy.engine.Engine | [cached since 72.59s ago] (30,)
2026-05-17 21:42:59 | INFO | sqlalchemy.engine.Engine | ROLLBACK
2026-05-17 21:43:02 | INFO | sqlalchemy.engine.Engine | BEGIN (implicit)
2026-05-17 21:43:02 | INFO | sqlalchemy.engine.Engine | SELECT users.id, users.email, users.username, users.hashed_password, users.is_active, users.created_at 
FROM users 
WHERE users.username = $1::VARCHAR
2026-05-17 21:43:02 | INFO | sqlalchemy.engine.Engine | [cached since 305.6s ago] ('yyy',)
2026-05-17 21:43:02 | INFO | sqlalchemy.engine.Engine | SELECT ocr_tasks.id, ocr_tasks.celery_task_id, ocr_tasks.filename, ocr_tasks.file_path, ocr_tasks.status, ocr_tasks.created_at, ocr_tasks.completed_at, ocr_tasks.result, ocr_tasks.correction_log, ocr_tasks.model_version, ocr_tasks.inference_ms, ocr_tasks.avg_confidence, ocr_tasks.image_width, ocr_tasks.image_height, ocr_tasks.owner_id 
FROM ocr_tasks 
WHERE ocr_tasks.owner_id = $1::INTEGER ORDER BY ocr_tasks.created_at DESC 
 LIMIT $2::INTEGER OFFSET $3::INTEGER
2026-05-17 21:43:02 | INFO | sqlalchemy.engine.Engine | [cached since 305.2s ago] (4, 20, 0)
2026-05-17 21:43:02 | INFO | sqlalchemy.engine.Engine | ROLLBACK
2026-05-17 21:43:05 | INFO | sqlalchemy.engine.Engine | BEGIN (implicit)
2026-05-17 21:43:05 | INFO | sqlalchemy.engine.Engine | SELECT users.id, users.email, users.username, users.hashed_password, users.is_active, users.created_at 
FROM users 
WHERE users.username = $1::VARCHAR
2026-05-17 21:43:05 | INFO | sqlalchemy.engine.Engine | [cached since 308.6s ago] ('yyy',)
2026-05-17 21:43:05 | INFO | sqlalchemy.engine.Engine | SELECT ocr_tasks.id, ocr_tasks.celery_task_id, ocr_tasks.filename, ocr_tasks.file_path, ocr_tasks.status, ocr_tasks.created_at, ocr_tasks.completed_at, ocr_tasks.result, ocr_tasks.correction_log, ocr_tasks.model_version, ocr_tasks.inference_ms, ocr_tasks.avg_confidence, ocr_tasks.image_width, ocr_tasks.image_height, ocr_tasks.owner_id 
FROM ocr_tasks 
WHERE ocr_tasks.owner_id = $1::INTEGER ORDER BY ocr_tasks.created_at DESC 
 LIMIT $2::INTEGER OFFSET $3::INTEGER
2026-05-17 21:43:05 | INFO | sqlalchemy.engine.Engine | [cached since 308.2s ago] (4, 20, 0)
2026-05-17 21:43:05 | INFO | sqlalchemy.engine.Engine | ROLLBACK
2026-05-17 21:43:08 | INFO | sqlalchemy.engine.Engine | BEGIN (implicit)
2026-05-17 21:43:08 | INFO | sqlalchemy.engine.Engine | SELECT users.id, users.email, users.username, users.hashed_password, users.is_active, users.created_at 
FROM users 
WHERE users.username = $1::VARCHAR
2026-05-17 21:43:08 | INFO | sqlalchemy.engine.Engine | [cached since 311.6s ago] ('yyy',)
2026-05-17 21:43:08 | INFO | sqlalchemy.engine.Engine | SELECT ocr_tasks.id, ocr_tasks.celery_task_id, ocr_tasks.filename, ocr_tasks.file_path, ocr_tasks.status, ocr_tasks.created_at, ocr_tasks.completed_at, ocr_tasks.result, ocr_tasks.correction_log, ocr_tasks.model_version, ocr_tasks.inference_ms, ocr_tasks.avg_confidence, ocr_tasks.image_width, ocr_tasks.image_height, ocr_tasks.owner_id 
FROM ocr_tasks 
WHERE ocr_tasks.owner_id = $1::INTEGER ORDER BY ocr_tasks.created_at DESC 
 LIMIT $2::INTEGER OFFSET $3::INTEGER
2026-05-17 21:43:08 | INFO | sqlalchemy.engine.Engine | [cached since 311.2s ago] (4, 20, 0)
2026-05-17 21:43:08 | INFO | sqlalchemy.engine.Engine | ROLLBACK
2026-05-17 21:43:09 | INFO | sqlalchemy.engine.Engine | BEGIN (implicit)
2026-05-17 21:43:09 | INFO | sqlalchemy.engine.Engine | SELECT users.id, users.email, users.username, users.hashed_password, users.is_active, users.created_at 
FROM users 
WHERE users.username = $1::VARCHAR
2026-05-17 21:43:09 | INFO | sqlalchemy.engine.Engine | [cached since 312.8s ago] ('yyy',)
2026-05-17 21:43:09 | INFO | sqlalchemy.engine.Engine | SELECT date_trunc($1::VARCHAR, ocr_tasks.completed_at) AS bucket, avg(ocr_tasks.inference_ms) AS avg_ms, count(ocr_tasks.id) AS cnt 
FROM ocr_tasks 
WHERE ocr_tasks.owner_id = $2::INTEGER AND ocr_tasks.status = $3::taskstatus AND ocr_tasks.completed_at IS NOT NULL AND ocr_tasks.completed_at >= $4::TIMESTAMP WITHOUT TIME ZONE AND ocr_tasks.inference_ms IS NOT NULL GROUP BY date_trunc($1::VARCHAR, ocr_tasks.completed_at) ORDER BY bucket
2026-05-17 21:43:09 | INFO | sqlalchemy.engine.Engine | [cached since 82.44s ago] ('hour', 4, 'COMPLETED', datetime.datetime(2026, 5, 16, 13, 43, 9, 252671))
2026-05-17 21:43:09 | INFO | sqlalchemy.engine.Engine | SELECT ocr_tasks.id 
FROM ocr_tasks 
WHERE ocr_tasks.owner_id = $1::INTEGER AND ocr_tasks.status = $2::taskstatus AND ocr_tasks.avg_confidence IS NOT NULL AND ocr_tasks.avg_confidence < $3::FLOAT ORDER BY ocr_tasks.created_at DESC 
 LIMIT $4::INTEGER
2026-05-17 21:43:09 | INFO | sqlalchemy.engine.Engine | [cached since 82.38s ago] (4, 'COMPLETED', 0.8, 50)
2026-05-17 21:43:09 | INFO | sqlalchemy.engine.Engine | SELECT ocr_tasks.status, count(ocr_tasks.id) AS count_1 
FROM ocr_tasks 
WHERE ocr_tasks.owner_id = $1::INTEGER AND ocr_tasks.created_at >= $2::TIMESTAMP WITHOUT TIME ZONE GROUP BY ocr_tasks.status
2026-05-17 21:43:09 | INFO | sqlalchemy.engine.Engine | [cached since 82.37s ago] (4, datetime.datetime(2026, 5, 16, 13, 43, 9, 264785))
2026-05-17 21:43:09 | INFO | sqlalchemy.engine.Engine | ROLLBACK
2026-05-17 21:43:09 | INFO | sqlalchemy.engine.Engine | BEGIN (implicit)
2026-05-17 21:43:09 | INFO | sqlalchemy.engine.Engine | SELECT users.id, users.email, users.username, users.hashed_password, users.is_active, users.created_at 
FROM users 
WHERE users.username = $1::VARCHAR
2026-05-17 21:43:09 | INFO | sqlalchemy.engine.Engine | [cached since 313.4s ago] ('yyy',)
2026-05-17 21:43:09 | INFO | sqlalchemy.engine.Engine | SELECT ocr_tasks.id, ocr_tasks.celery_task_id, ocr_tasks.filename, ocr_tasks.file_path, ocr_tasks.status, ocr_tasks.created_at, ocr_tasks.completed_at, ocr_tasks.result, ocr_tasks.correction_log, ocr_tasks.model_version, ocr_tasks.inference_ms, ocr_tasks.avg_confidence, ocr_tasks.image_width, ocr_tasks.image_height, ocr_tasks.owner_id 
FROM ocr_tasks 
WHERE ocr_tasks.id = $1::INTEGER AND ocr_tasks.owner_id = $2::INTEGER
2026-05-17 21:43:09 | INFO | sqlalchemy.engine.Engine | [cached since 309.8s ago] (59, 4)
2026-05-17 21:43:09 | INFO | sqlalchemy.engine.Engine | ROLLBACK
2026-05-17 21:43:11 | INFO | sqlalchemy.engine.Engine | BEGIN (implicit)
2026-05-17 21:43:11 | INFO | sqlalchemy.engine.Engine | SELECT users.id, users.email, users.username, users.hashed_password, users.is_active, users.created_at 
FROM users 
WHERE users.username = $1::VARCHAR
2026-05-17 21:43:11 | INFO | sqlalchemy.engine.Engine | [cached since 314.6s ago] ('yyy',)
2026-05-17 21:43:11 | INFO | sqlalchemy.engine.Engine | SELECT ocr_tasks.id, ocr_tasks.celery_task_id, ocr_tasks.filename, ocr_tasks.file_path, ocr_tasks.status, ocr_tasks.created_at, ocr_tasks.completed_at, ocr_tasks.result, ocr_tasks.correction_log, ocr_tasks.model_version, ocr_tasks.inference_ms, ocr_tasks.avg_confidence, ocr_tasks.image_width, ocr_tasks.image_height, ocr_tasks.owner_id 
FROM ocr_tasks 
WHERE ocr_tasks.owner_id = $1::INTEGER ORDER BY ocr_tasks.created_at DESC 
 LIMIT $2::INTEGER OFFSET $3::INTEGER
2026-05-17 21:43:11 | INFO | sqlalchemy.engine.Engine | [cached since 314.2s ago] (4, 20, 0)
2026-05-17 21:43:11 | INFO | sqlalchemy.engine.Engine | ROLLBACK
2026-05-17 21:43:11 | INFO | sqlalchemy.engine.Engine | BEGIN (implicit)
2026-05-17 21:43:11 | INFO | sqlalchemy.engine.Engine | SELECT users.id, users.email, users.username, users.hashed_password, users.is_active, users.created_at 
FROM users 
WHERE users.username = $1::VARCHAR
2026-05-17 21:43:11 | INFO | sqlalchemy.engine.Engine | [cached since 314.8s ago] ('yyy',)
2026-05-17 21:43:11 | INFO | sqlalchemy.engine.Engine | SELECT ocr_tasks.id, ocr_tasks.celery_task_id, ocr_tasks.filename, ocr_tasks.file_path, ocr_tasks.status, ocr_tasks.created_at, ocr_tasks.completed_at, ocr_tasks.result, ocr_tasks.correction_log, ocr_tasks.model_version, ocr_tasks.inference_ms, ocr_tasks.avg_confidence, ocr_tasks.image_width, ocr_tasks.image_height, ocr_tasks.owner_id 
FROM ocr_tasks 
WHERE ocr_tasks.owner_id = $1::INTEGER AND (ocr_tasks.status = $2::taskstatus AND ocr_tasks.avg_confidence IS NOT NULL AND ocr_tasks.avg_confidence < $3::FLOAT OR ocr_tasks.status = $4::taskstatus) ORDER BY ocr_tasks.created_at DESC 
 LIMIT $5::INTEGER
2026-05-17 21:43:11 | INFO | sqlalchemy.engine.Engine | [cached since 84.42s ago] (4, 'COMPLETED', 0.8, 'FAILED', 30)
2026-05-17 21:43:11 | INFO | sqlalchemy.engine.Engine | ROLLBACK
2026-05-17 21:43:12 | INFO | sqlalchemy.engine.Engine | BEGIN (implicit)
2026-05-17 21:43:12 | INFO | sqlalchemy.engine.Engine | SELECT users.id, users.email, users.username, users.hashed_password, users.is_active, users.created_at 
FROM users 
WHERE users.username = $1::VARCHAR
2026-05-17 21:43:12 | INFO | sqlalchemy.engine.Engine | [cached since 316.3s ago] ('yyy',)
2026-05-17 21:43:12 | INFO | sqlalchemy.engine.Engine | SELECT ocr_tasks.id, ocr_tasks.celery_task_id, ocr_tasks.filename, ocr_tasks.file_path, ocr_tasks.status, ocr_tasks.created_at, ocr_tasks.completed_at, ocr_tasks.result, ocr_tasks.correction_log, ocr_tasks.model_version, ocr_tasks.inference_ms, ocr_tasks.avg_confidence, ocr_tasks.image_width, ocr_tasks.image_height, ocr_tasks.owner_id 
FROM ocr_tasks 
WHERE ocr_tasks.id = $1::INTEGER AND ocr_tasks.owner_id = $2::INTEGER
2026-05-17 21:43:12 | INFO | sqlalchemy.engine.Engine | [cached since 312.7s ago] (54, 4)
2026-05-17 21:43:12 | INFO | sqlalchemy.engine.Engine | ROLLBACK
2026-05-17 21:43:14 | INFO | sqlalchemy.engine.Engine | BEGIN (implicit)
2026-05-17 21:43:14 | INFO | sqlalchemy.engine.Engine | SELECT users.id, users.email, users.username, users.hashed_password, users.is_active, users.created_at 
FROM users 
WHERE users.username = $1::VARCHAR
2026-05-17 21:43:14 | INFO | sqlalchemy.engine.Engine | [cached since 317.6s ago] ('yyy',)
2026-05-17 21:43:14 | INFO | sqlalchemy.engine.Engine | BEGIN (implicit)
2026-05-17 21:43:14 | INFO | sqlalchemy.engine.Engine | SELECT users.id, users.email, users.username, users.hashed_password, users.is_active, users.created_at 
FROM users 
WHERE users.username = $1::VARCHAR
2026-05-17 21:43:14 | INFO | sqlalchemy.engine.Engine | [cached since 317.6s ago] ('yyy',)
2026-05-17 21:43:14 | INFO | sqlalchemy.engine.Engine | BEGIN (implicit)
2026-05-17 21:43:14 | INFO | sqlalchemy.engine.Engine | SELECT users.id, users.email, users.username, users.hashed_password, users.is_active, users.created_at 
FROM users 
WHERE users.username = $1::VARCHAR
2026-05-17 21:43:14 | INFO | sqlalchemy.engine.Engine | [cached since 317.6s ago] ('yyy',)
2026-05-17 21:43:14 | INFO | sqlalchemy.engine.Engine | SELECT ocr_tasks.id, ocr_tasks.celery_task_id, ocr_tasks.filename, ocr_tasks.file_path, ocr_tasks.status, ocr_tasks.created_at, ocr_tasks.completed_at, ocr_tasks.result, ocr_tasks.correction_log, ocr_tasks.model_version, ocr_tasks.inference_ms, ocr_tasks.avg_confidence, ocr_tasks.image_width, ocr_tasks.image_height, ocr_tasks.owner_id 
FROM ocr_tasks 
WHERE ocr_tasks.owner_id = $1::INTEGER ORDER BY ocr_tasks.created_at DESC 
 LIMIT $2::INTEGER OFFSET $3::INTEGER
2026-05-17 21:43:14 | INFO | sqlalchemy.engine.Engine | [cached since 317.2s ago] (4, 20, 0)
2026-05-17 21:43:14 | INFO | sqlalchemy.engine.Engine | SELECT system_logs.id, system_logs.level, system_logs.source, system_logs.message, system_logs.detail, system_logs.path, system_logs.user_id, system_logs.created_at 
FROM system_logs ORDER BY system_logs.created_at DESC 
 LIMIT $1::INTEGER
2026-05-17 21:43:14 | INFO | sqlalchemy.engine.Engine | [cached since 87.26s ago] (30,)
2026-05-17 21:43:14 | INFO | sqlalchemy.engine.Engine | SELECT count(*) AS count_1 
FROM system_logs 
WHERE system_logs.level = $1::VARCHAR AND system_logs.created_at >= $2::TIMESTAMP WITHOUT TIME ZONE
2026-05-17 21:43:14 | INFO | sqlalchemy.engine.Engine | [cached since 87.26s ago] ('ERROR', datetime.datetime(2026, 5, 16, 13, 43, 14, 67055))
2026-05-17 21:43:14 | INFO | sqlalchemy.engine.Engine | SELECT count(*) AS count_1 
FROM system_logs 
WHERE system_logs.level = $1::VARCHAR AND system_logs.created_at >= $2::TIMESTAMP WITHOUT TIME ZONE
2026-05-17 21:43:14 | INFO | sqlalchemy.engine.Engine | [cached since 87.26s ago] ('WARNING', datetime.datetime(2026, 5, 16, 13, 43, 14, 67055))
2026-05-17 21:43:14 | INFO | sqlalchemy.engine.Engine | SELECT count(*) AS count_1 
FROM system_logs 
WHERE system_logs.created_at >= $1::TIMESTAMP WITHOUT TIME ZONE
2026-05-17 21:43:14 | INFO | sqlalchemy.engine.Engine | [cached since 87.25s ago] (datetime.datetime(2026, 5, 16, 13, 43, 14, 67055),)
2026-05-17 21:43:14 | INFO | sqlalchemy.engine.Engine | ROLLBACK
2026-05-17 21:43:14 | INFO | sqlalchemy.engine.Engine | SELECT data_backup_records.id, data_backup_records.filename, data_backup_records.file_path, data_backup_records.size_bytes, data_backup_records.success, data_backup_records.error_message, data_backup_records.created_by_user_id, data_backup_records.created_at 
FROM data_backup_records ORDER BY data_backup_records.created_at DESC 
 LIMIT $1::INTEGER
2026-05-17 21:43:14 | INFO | sqlalchemy.engine.Engine | [cached since 87.25s ago] (1,)
2026-05-17 21:43:14 | INFO | sqlalchemy.engine.Engine | ROLLBACK
2026-05-17 21:43:14 | INFO | sqlalchemy.engine.Engine | ROLLBACK
2026-05-17 21:43:17 | INFO | sqlalchemy.engine.Engine | BEGIN (implicit)
2026-05-17 21:43:17 | INFO | sqlalchemy.engine.Engine | SELECT users.id, users.email, users.username, users.hashed_password, users.is_active, users.created_at 
FROM users 
WHERE users.username = $1::VARCHAR
2026-05-17 21:43:17 | INFO | sqlalchemy.engine.Engine | [cached since 320.6s ago] ('yyy',)
2026-05-17 21:43:17 | INFO | sqlalchemy.engine.Engine | SELECT ocr_tasks.id, ocr_tasks.celery_task_id, ocr_tasks.filename, ocr_tasks.file_path, ocr_tasks.status, ocr_tasks.created_at, ocr_tasks.completed_at, ocr_tasks.result, ocr_tasks.correction_log, ocr_tasks.model_version, ocr_tasks.inference_ms, ocr_tasks.avg_confidence, ocr_tasks.image_width, ocr_tasks.image_height, ocr_tasks.owner_id 
FROM ocr_tasks 
WHERE ocr_tasks.owner_id = $1::INTEGER ORDER BY ocr_tasks.created_at DESC 
 LIMIT $2::INTEGER OFFSET $3::INTEGER
2026-05-17 21:43:17 | INFO | sqlalchemy.engine.Engine | [cached since 320.2s ago] (4, 20, 0)
2026-05-17 21:43:17 | INFO | sqlalchemy.engine.Engine | ROLLBACK
2026-05-17 21:43:19 | INFO | sqlalchemy.engine.Engine | BEGIN (implicit)
2026-05-17 21:43:19 | INFO | sqlalchemy.engine.Engine | SELECT users.id, users.email, users.username, users.hashed_password, users.is_active, users.created_at 
FROM users 
WHERE users.username = $1::VARCHAR
2026-05-17 21:43:19 | INFO | sqlalchemy.engine.Engine | [cached since 322.8s ago] ('yyy',)
2026-05-17 21:43:19 | INFO | sqlalchemy.engine.Engine | SELECT date_trunc($1::VARCHAR, ocr_tasks.completed_at) AS bucket, avg(ocr_tasks.inference_ms) AS avg_ms, count(ocr_tasks.id) AS cnt 
FROM ocr_tasks 
WHERE ocr_tasks.owner_id = $2::INTEGER AND ocr_tasks.status = $3::taskstatus AND ocr_tasks.completed_at IS NOT NULL AND ocr_tasks.completed_at >= $4::TIMESTAMP WITHOUT TIME ZONE AND ocr_tasks.inference_ms IS NOT NULL GROUP BY date_trunc($1::VARCHAR, ocr_tasks.completed_at) ORDER BY bucket
2026-05-17 21:43:19 | INFO | sqlalchemy.engine.Engine | [cached since 92.5s ago] ('hour', 4, 'COMPLETED', datetime.datetime(2026, 5, 16, 13, 43, 19, 309485))
2026-05-17 21:43:19 | INFO | sqlalchemy.engine.Engine | SELECT ocr_tasks.id 
FROM ocr_tasks 
WHERE ocr_tasks.owner_id = $1::INTEGER AND ocr_tasks.status = $2::taskstatus AND ocr_tasks.avg_confidence IS NOT NULL AND ocr_tasks.avg_confidence < $3::FLOAT ORDER BY ocr_tasks.created_at DESC 
 LIMIT $4::INTEGER
2026-05-17 21:43:19 | INFO | sqlalchemy.engine.Engine | [cached since 92.44s ago] (4, 'COMPLETED', 0.8, 50)
2026-05-17 21:43:19 | INFO | sqlalchemy.engine.Engine | SELECT ocr_tasks.status, count(ocr_tasks.id) AS count_1 
FROM ocr_tasks 
WHERE ocr_tasks.owner_id = $1::INTEGER AND ocr_tasks.created_at >= $2::TIMESTAMP WITHOUT TIME ZONE GROUP BY ocr_tasks.status
2026-05-17 21:43:19 | INFO | sqlalchemy.engine.Engine | [cached since 92.43s ago] (4, datetime.datetime(2026, 5, 16, 13, 43, 19, 327994))
2026-05-17 21:43:19 | INFO | sqlalchemy.engine.Engine | ROLLBACK
2026-05-17 21:43:20 | INFO | sqlalchemy.engine.Engine | BEGIN (implicit)
2026-05-17 21:43:20 | INFO | sqlalchemy.engine.Engine | SELECT users.id, users.email, users.username, users.hashed_password, users.is_active, users.created_at 
FROM users 
WHERE users.username = $1::VARCHAR
2026-05-17 21:43:20 | INFO | sqlalchemy.engine.Engine | [cached since 323.6s ago] ('yyy',)
2026-05-17 21:43:20 | INFO | sqlalchemy.engine.Engine | SELECT ocr_tasks.id, ocr_tasks.celery_task_id, ocr_tasks.filename, ocr_tasks.file_path, ocr_tasks.status, ocr_tasks.created_at, ocr_tasks.completed_at, ocr_tasks.result, ocr_tasks.correction_log, ocr_tasks.model_version, ocr_tasks.inference_ms, ocr_tasks.avg_confidence, ocr_tasks.image_width, ocr_tasks.image_height, ocr_tasks.owner_id 
FROM ocr_tasks 
WHERE ocr_tasks.owner_id = $1::INTEGER ORDER BY ocr_tasks.created_at DESC 
 LIMIT $2::INTEGER OFFSET $3::INTEGER
2026-05-17 21:43:20 | INFO | sqlalchemy.engine.Engine | [cached since 323.2s ago] (4, 20, 0)
2026-05-17 21:43:20 | INFO | sqlalchemy.engine.Engine | ROLLBACK
2026-05-17 21:43:20 | INFO | sqlalchemy.engine.Engine | BEGIN (implicit)
2026-05-17 21:43:20 | INFO | sqlalchemy.engine.Engine | SELECT users.id, users.email, users.username, users.hashed_password, users.is_active, users.created_at 
FROM users 
WHERE users.username = $1::VARCHAR
2026-05-17 21:43:20 | INFO | sqlalchemy.engine.Engine | [cached since 323.7s ago] ('yyy',)
2026-05-17 21:43:20 | INFO | sqlalchemy.engine.Engine | SELECT ocr_tasks.id, ocr_tasks.celery_task_id, ocr_tasks.filename, ocr_tasks.file_path, ocr_tasks.status, ocr_tasks.created_at, ocr_tasks.completed_at, ocr_tasks.result, ocr_tasks.correction_log, ocr_tasks.model_version, ocr_tasks.inference_ms, ocr_tasks.avg_confidence, ocr_tasks.image_width, ocr_tasks.image_height, ocr_tasks.owner_id 
FROM ocr_tasks 
WHERE ocr_tasks.owner_id = $1::INTEGER ORDER BY ocr_tasks.created_at DESC 
 LIMIT $2::INTEGER OFFSET $3::INTEGER
2026-05-17 21:43:20 | INFO | sqlalchemy.engine.Engine | [cached since 323.3s ago] (4, 20, 0)
2026-05-17 21:43:20 | INFO | sqlalchemy.engine.Engine | ROLLBACK
2026-05-17 21:43:20 | INFO | sqlalchemy.engine.Engine | BEGIN (implicit)
2026-05-17 21:43:20 | INFO | sqlalchemy.engine.Engine | SELECT users.id, users.email, users.username, users.hashed_password, users.is_active, users.created_at 
FROM users 
WHERE users.username = $1::VARCHAR
2026-05-17 21:43:20 | INFO | sqlalchemy.engine.Engine | [cached since 323.7s ago] ('yyy',)
2026-05-17 21:43:20 | INFO | sqlalchemy.engine.Engine | SELECT ocr_tasks.id, ocr_tasks.celery_task_id, ocr_tasks.filename, ocr_tasks.file_path, ocr_tasks.status, ocr_tasks.created_at, ocr_tasks.completed_at, ocr_tasks.result, ocr_tasks.correction_log, ocr_tasks.model_version, ocr_tasks.inference_ms, ocr_tasks.avg_confidence, ocr_tasks.image_width, ocr_tasks.image_height, ocr_tasks.owner_id 
FROM ocr_tasks 
WHERE ocr_tasks.owner_id = $1::INTEGER ORDER BY ocr_tasks.created_at DESC 
 LIMIT $2::INTEGER OFFSET $3::INTEGER
2026-05-17 21:43:20 | INFO | sqlalchemy.engine.Engine | [cached since 323.4s ago] (4, 20, 0)
2026-05-17 21:43:20 | INFO | sqlalchemy.engine.Engine | ROLLBACK
2026-05-17 21:45:27 | INFO | sqlalchemy.engine.Engine | BEGIN (implicit)
2026-05-17 21:45:27 | INFO | sqlalchemy.engine.Engine | SELECT users.id, users.email, users.username, users.hashed_password, users.is_active, users.created_at 
FROM users 
WHERE users.username = $1::VARCHAR
2026-05-17 21:45:27 | INFO | sqlalchemy.engine.Engine | [cached since 450.8s ago] ('yyy',)
2026-05-17 21:45:27 | INFO | sqlalchemy.engine.Engine | INSERT INTO ocr_tasks (celery_task_id, filename, file_path, status, created_at, completed_at, result, correction_log, model_version, inference_ms, avg_confidence, image_width, image_height, owner_id) VALUES ($1::VARCHAR, $2::VARCHAR, $3::VARCHAR, $4::taskstatus, $5::TIMESTAMP WITHOUT TIME ZONE, $6::TIMESTAMP WITHOUT TIME ZONE, $7::VARCHAR, $8::VARCHAR, $9::VARCHAR, $10::FLOAT, $11::FLOAT, $12::INTEGER, $13::INTEGER, $14::INTEGER) RETURNING ocr_tasks.id
2026-05-17 21:45:27 | INFO | sqlalchemy.engine.Engine | [cached since 450.8s ago] (None, 'general_ocr_002.png', 'd872abb3-be85-4d09-9092-ed3425d78752.png', 'PENDING', datetime.datetime(2026, 5, 17, 13, 45, 27, 319136), None, None, None, None, None, None, None, None, 4)
2026-05-17 21:45:27 | INFO | sqlalchemy.engine.Engine | COMMIT
2026-05-17 21:45:27 | INFO | sqlalchemy.engine.Engine | BEGIN (implicit)
2026-05-17 21:45:27 | INFO | sqlalchemy.engine.Engine | SELECT ocr_tasks.id, ocr_tasks.celery_task_id, ocr_tasks.filename, ocr_tasks.file_path, ocr_tasks.status, ocr_tasks.created_at, ocr_tasks.completed_at, ocr_tasks.result, ocr_tasks.correction_log, ocr_tasks.model_version, ocr_tasks.inference_ms, ocr_tasks.avg_confidence, ocr_tasks.image_width, ocr_tasks.image_height, ocr_tasks.owner_id 
FROM ocr_tasks 
WHERE ocr_tasks.id = $1::INTEGER
2026-05-17 21:45:27 | INFO | sqlalchemy.engine.Engine | [cached since 450.8s ago] (72,)
2026-05-17 21:45:27 | INFO | sqlalchemy.engine.Engine | SELECT ocr_run_metrics.id, ocr_run_metrics.task_id, ocr_run_metrics.owner_id, ocr_run_metrics.http_latency_ms, ocr_run_metrics.image_size_bytes, ocr_run_metrics.inference_ms, ocr_run_metrics.avg_confidence, ocr_run_metrics.image_width, ocr_run_metrics.image_height, ocr_run_metrics.created_at, ocr_run_metrics.updated_at 
FROM ocr_run_metrics 
WHERE ocr_run_metrics.task_id = $1::INTEGER
2026-05-17 21:45:27 | INFO | sqlalchemy.engine.Engine | [cached since 450.8s ago] (72,)
2026-05-17 21:45:27 | INFO | sqlalchemy.engine.Engine | INSERT INTO ocr_run_metrics (task_id, owner_id, http_latency_ms, image_size_bytes, inference_ms, avg_confidence, image_width, image_height, created_at, updated_at) VALUES ($1::INTEGER, $2::INTEGER, $3::FLOAT, $4::INTEGER, $5::FLOAT, $6::FLOAT, $7::INTEGER, $8::INTEGER, $9::TIMESTAMP WITHOUT TIME ZONE, $10::TIMESTAMP WITHOUT TIME ZONE) RETURNING ocr_run_metrics.id
2026-05-17 21:45:27 | INFO | sqlalchemy.engine.Engine | [cached since 450.8s ago] (72, 4, 46.084599976893514, 128713, None, None, None, None, datetime.datetime(2026, 5, 17, 13, 45, 27, 396015), datetime.datetime(2026, 5, 17, 13, 45, 27, 396015))
2026-05-17 21:45:27 | INFO | sqlalchemy.engine.Engine | COMMIT
2026-05-17 21:45:27 | INFO | sqlalchemy.engine.Engine | BEGIN (implicit)
2026-05-17 21:45:27 | INFO | sqlalchemy.engine.Engine | SELECT ocr_run_metrics.id, ocr_run_metrics.task_id, ocr_run_metrics.owner_id, ocr_run_metrics.http_latency_ms, ocr_run_metrics.image_size_bytes, ocr_run_metrics.inference_ms, ocr_run_metrics.avg_confidence, ocr_run_metrics.image_width, ocr_run_metrics.image_height, ocr_run_metrics.created_at, ocr_run_metrics.updated_at 
FROM ocr_run_metrics 
WHERE ocr_run_metrics.id = $1::INTEGER
2026-05-17 21:45:27 | INFO | sqlalchemy.engine.Engine | [cached since 450.8s ago] (19,)
2026-05-17 21:45:27 | INFO | sqlalchemy.engine.Engine | UPDATE ocr_tasks SET celery_task_id=$1::VARCHAR WHERE ocr_tasks.id = $2::INTEGER
2026-05-17 21:45:27 | INFO | sqlalchemy.engine.Engine | [cached since 450.7s ago] ('9ac5bc55-ae18-4f2b-a2a3-4967a53b30ad', 72)
2026-05-17 21:45:27 | INFO | sqlalchemy.engine.Engine | COMMIT
2026-05-17 21:45:27 | INFO | sqlalchemy.engine.Engine | BEGIN (implicit)
2026-05-17 21:45:27 | INFO | sqlalchemy.engine.Engine | SELECT users.id, users.email, users.username, users.hashed_password, users.is_active, users.created_at 
FROM users 
WHERE users.username = $1::VARCHAR
2026-05-17 21:45:27 | INFO | sqlalchemy.engine.Engine | [cached since 451.1s ago] ('yyy',)
2026-05-17 21:45:27 | INFO | sqlalchemy.engine.Engine | SELECT ocr_tasks.id, ocr_tasks.celery_task_id, ocr_tasks.filename, ocr_tasks.file_path, ocr_tasks.status, ocr_tasks.created_at, ocr_tasks.completed_at, ocr_tasks.result, ocr_tasks.correction_log, ocr_tasks.model_version, ocr_tasks.inference_ms, ocr_tasks.avg_confidence, ocr_tasks.image_width, ocr_tasks.image_height, ocr_tasks.owner_id 
FROM ocr_tasks 
WHERE ocr_tasks.owner_id = $1::INTEGER ORDER BY ocr_tasks.created_at DESC 
 LIMIT $2::INTEGER OFFSET $3::INTEGER
2026-05-17 21:45:27 | INFO | sqlalchemy.engine.Engine | [cached since 450.7s ago] (4, 20, 0)
2026-05-17 21:45:27 | INFO | sqlalchemy.engine.Engine | ROLLBACK
2026-05-17 21:45:29 | INFO | sqlalchemy.engine.Engine | BEGIN (implicit)
2026-05-17 21:45:29 | INFO | sqlalchemy.engine.Engine | SELECT users.id, users.email, users.username, users.hashed_password, users.is_active, users.created_at 
FROM users 
WHERE users.username = $1::VARCHAR
2026-05-17 21:45:29 | INFO | sqlalchemy.engine.Engine | [cached since 453.1s ago] ('yyy',)
2026-05-17 21:45:29 | INFO | sqlalchemy.engine.Engine | SELECT ocr_tasks.id, ocr_tasks.celery_task_id, ocr_tasks.filename, ocr_tasks.file_path, ocr_tasks.status, ocr_tasks.created_at, ocr_tasks.completed_at, ocr_tasks.result, ocr_tasks.correction_log, ocr_tasks.model_version, ocr_tasks.inference_ms, ocr_tasks.avg_confidence, ocr_tasks.image_width, ocr_tasks.image_height, ocr_tasks.owner_id 
FROM ocr_tasks 
WHERE ocr_tasks.owner_id = $1::INTEGER ORDER BY ocr_tasks.created_at DESC 
 LIMIT $2::INTEGER OFFSET $3::INTEGER
2026-05-17 21:45:29 | INFO | sqlalchemy.engine.Engine | [cached since 452.8s ago] (4, 20, 0)
2026-05-17 21:45:29 | INFO | sqlalchemy.engine.Engine | ROLLBACK
2026-05-17 21:45:31 | INFO | sqlalchemy.engine.Engine | BEGIN (implicit)
2026-05-17 21:45:31 | INFO | sqlalchemy.engine.Engine | SELECT users.id, users.email, users.username, users.hashed_password, users.is_active, users.created_at 
FROM users 
WHERE users.username = $1::VARCHAR
2026-05-17 21:45:31 | INFO | sqlalchemy.engine.Engine | [cached since 455.2s ago] ('yyy',)
2026-05-17 21:45:31 | INFO | sqlalchemy.engine.Engine | SELECT ocr_tasks.id, ocr_tasks.celery_task_id, ocr_tasks.filename, ocr_tasks.file_path, ocr_tasks.status, ocr_tasks.created_at, ocr_tasks.completed_at, ocr_tasks.result, ocr_tasks.correction_log, ocr_tasks.model_version, ocr_tasks.inference_ms, ocr_tasks.avg_confidence, ocr_tasks.image_width, ocr_tasks.image_height, ocr_tasks.owner_id 
FROM ocr_tasks 
WHERE ocr_tasks.owner_id = $1::INTEGER ORDER BY ocr_tasks.created_at DESC 
 LIMIT $2::INTEGER OFFSET $3::INTEGER
2026-05-17 21:45:31 | INFO | sqlalchemy.engine.Engine | [cached since 454.9s ago] (4, 20, 0)
2026-05-17 21:45:31 | INFO | sqlalchemy.engine.Engine | ROLLBACK
2026-05-17 21:45:33 | INFO | sqlalchemy.engine.Engine | BEGIN (implicit)
2026-05-17 21:45:33 | INFO | sqlalchemy.engine.Engine | SELECT users.id, users.email, users.username, users.hashed_password, users.is_active, users.created_at 
FROM users 
WHERE users.username = $1::VARCHAR
2026-05-17 21:45:33 | INFO | sqlalchemy.engine.Engine | [cached since 457.3s ago] ('yyy',)
2026-05-17 21:45:33 | INFO | sqlalchemy.engine.Engine | SELECT ocr_tasks.id, ocr_tasks.celery_task_id, ocr_tasks.filename, ocr_tasks.file_path, ocr_tasks.status, ocr_tasks.created_at, ocr_tasks.completed_at, ocr_tasks.result, ocr_tasks.correction_log, ocr_tasks.model_version, ocr_tasks.inference_ms, ocr_tasks.avg_confidence, ocr_tasks.image_width, ocr_tasks.image_height, ocr_tasks.owner_id 
FROM ocr_tasks 
WHERE ocr_tasks.owner_id = $1::INTEGER ORDER BY ocr_tasks.created_at DESC 
 LIMIT $2::INTEGER OFFSET $3::INTEGER
2026-05-17 21:45:33 | INFO | sqlalchemy.engine.Engine | [cached since 456.9s ago] (4, 20, 0)
2026-05-17 21:45:33 | INFO | sqlalchemy.engine.Engine | ROLLBACK
2026-05-17 21:45:36 | INFO | sqlalchemy.engine.Engine | BEGIN (implicit)
2026-05-17 21:45:36 | INFO | sqlalchemy.engine.Engine | SELECT users.id, users.email, users.username, users.hashed_password, users.is_active, users.created_at 
FROM users 
WHERE users.username = $1::VARCHAR
2026-05-17 21:45:36 | INFO | sqlalchemy.engine.Engine | [cached since 459.7s ago] ('yyy',)
2026-05-17 21:45:36 | INFO | sqlalchemy.engine.Engine | SELECT ocr_tasks.id, ocr_tasks.celery_task_id, ocr_tasks.filename, ocr_tasks.file_path, ocr_tasks.status, ocr_tasks.created_at, ocr_tasks.completed_at, ocr_tasks.result, ocr_tasks.correction_log, ocr_tasks.model_version, ocr_tasks.inference_ms, ocr_tasks.avg_confidence, ocr_tasks.image_width, ocr_tasks.image_height, ocr_tasks.owner_id 
FROM ocr_tasks 
WHERE ocr_tasks.owner_id = $1::INTEGER ORDER BY ocr_tasks.created_at DESC 
 LIMIT $2::INTEGER OFFSET $3::INTEGER
2026-05-17 21:45:36 | INFO | sqlalchemy.engine.Engine | [cached since 459.3s ago] (4, 20, 0)
2026-05-17 21:45:36 | INFO | sqlalchemy.engine.Engine | ROLLBACK
2026-05-17 21:45:38 | INFO | sqlalchemy.engine.Engine | BEGIN (implicit)
2026-05-17 21:45:38 | INFO | sqlalchemy.engine.Engine | SELECT users.id, users.email, users.username, users.hashed_password, users.is_active, users.created_at 
FROM users 
WHERE users.username = $1::VARCHAR
2026-05-17 21:45:38 | INFO | sqlalchemy.engine.Engine | [cached since 461.7s ago] ('yyy',)
2026-05-17 21:45:38 | INFO | sqlalchemy.engine.Engine | SELECT ocr_tasks.id, ocr_tasks.celery_task_id, ocr_tasks.filename, ocr_tasks.file_path, ocr_tasks.status, ocr_tasks.created_at, ocr_tasks.completed_at, ocr_tasks.result, ocr_tasks.correction_log, ocr_tasks.model_version, ocr_tasks.inference_ms, ocr_tasks.avg_confidence, ocr_tasks.image_width, ocr_tasks.image_height, ocr_tasks.owner_id 
FROM ocr_tasks 
WHERE ocr_tasks.owner_id = $1::INTEGER ORDER BY ocr_tasks.created_at DESC 
 LIMIT $2::INTEGER OFFSET $3::INTEGER
2026-05-17 21:45:38 | INFO | sqlalchemy.engine.Engine | [cached since 461.4s ago] (4, 20, 0)
2026-05-17 21:45:38 | INFO | sqlalchemy.engine.Engine | ROLLBACK
2026-05-17 21:48:01 | INFO | sqlalchemy.engine.Engine | BEGIN (implicit)
2026-05-17 21:48:01 | INFO | sqlalchemy.engine.Engine | SELECT users.id, users.email, users.username, users.hashed_password, users.is_active, users.created_at 
FROM users 
WHERE users.username = $1::VARCHAR
2026-05-17 21:48:01 | INFO | sqlalchemy.engine.Engine | [cached since 605.1s ago] ('yyy',)
2026-05-17 21:48:01 | INFO | sqlalchemy.engine.Engine | BEGIN (implicit)
2026-05-17 21:48:01 | INFO | sqlalchemy.engine.Engine | SELECT users.id, users.email, users.username, users.hashed_password, users.is_active, users.created_at 
FROM users 
WHERE users.username = $1::VARCHAR
2026-05-17 21:48:01 | INFO | sqlalchemy.engine.Engine | [cached since 605.1s ago] ('yyy',)
2026-05-17 21:48:01 | INFO | sqlalchemy.engine.Engine | BEGIN (implicit)
2026-05-17 21:48:01 | INFO | sqlalchemy.engine.Engine | SELECT users.id, users.email, users.username, users.hashed_password, users.is_active, users.created_at 
FROM users 
WHERE users.username = $1::VARCHAR
2026-05-17 21:48:01 | INFO | sqlalchemy.engine.Engine | [cached since 605.1s ago] ('yyy',)
2026-05-17 21:48:01 | INFO | sqlalchemy.engine.Engine | BEGIN (implicit)
2026-05-17 21:48:01 | INFO | sqlalchemy.engine.Engine | SELECT users.id, users.email, users.username, users.hashed_password, users.is_active, users.created_at 
FROM users 
WHERE users.username = $1::VARCHAR
2026-05-17 21:48:01 | INFO | sqlalchemy.engine.Engine | [cached since 605.1s ago] ('yyy',)
2026-05-17 21:48:01 | INFO | sqlalchemy.engine.Engine | SELECT ocr_tasks.id, ocr_tasks.celery_task_id, ocr_tasks.filename, ocr_tasks.file_path, ocr_tasks.status, ocr_tasks.created_at, ocr_tasks.completed_at, ocr_tasks.result, ocr_tasks.correction_log, ocr_tasks.model_version, ocr_tasks.inference_ms, ocr_tasks.avg_confidence, ocr_tasks.image_width, ocr_tasks.image_height, ocr_tasks.owner_id 
FROM ocr_tasks 
WHERE ocr_tasks.owner_id = $1::INTEGER AND (ocr_tasks.status = $2::taskstatus AND ocr_tasks.avg_confidence IS NOT NULL AND ocr_tasks.avg_confidence < $3::FLOAT OR ocr_tasks.status = $4::taskstatus) ORDER BY ocr_tasks.created_at DESC 
 LIMIT $5::INTEGER
2026-05-17 21:48:01 | INFO | sqlalchemy.engine.Engine | [cached since 374.8s ago] (4, 'COMPLETED', 0.8, 'FAILED', 30)
2026-05-17 21:48:01 | INFO | sqlalchemy.engine.Engine | SELECT date_trunc($1::VARCHAR, ocr_tasks.completed_at) AS bucket, avg(ocr_tasks.inference_ms) AS avg_ms, count(ocr_tasks.id) AS cnt 
FROM ocr_tasks 
WHERE ocr_tasks.owner_id = $2::INTEGER AND ocr_tasks.status = $3::taskstatus AND ocr_tasks.completed_at IS NOT NULL AND ocr_tasks.completed_at >= $4::TIMESTAMP WITHOUT TIME ZONE AND ocr_tasks.inference_ms IS NOT NULL GROUP BY date_trunc($1::VARCHAR, ocr_tasks.completed_at) ORDER BY bucket
2026-05-17 21:48:01 | INFO | sqlalchemy.engine.Engine | [cached since 374.8s ago] ('hour', 4, 'COMPLETED', datetime.datetime(2026, 5, 16, 13, 48, 1, 575339))
2026-05-17 21:48:01 | INFO | sqlalchemy.engine.Engine | BEGIN (implicit)
2026-05-17 21:48:01 | INFO | sqlalchemy.engine.Engine | SELECT users.id, users.email, users.username, users.hashed_password, users.is_active, users.created_at 
FROM users 
WHERE users.username = $1::VARCHAR
2026-05-17 21:48:01 | INFO | sqlalchemy.engine.Engine | [cached since 605.1s ago] ('yyy',)
2026-05-17 21:48:01 | INFO | sqlalchemy.engine.Engine | SELECT count(*) AS count_1 
FROM system_logs 
WHERE system_logs.level = $1::VARCHAR AND system_logs.created_at >= $2::TIMESTAMP WITHOUT TIME ZONE
2026-05-17 21:48:01 | INFO | sqlalchemy.engine.Engine | [cached since 374.8s ago] ('ERROR', datetime.datetime(2026, 5, 16, 13, 48, 1, 580604))
2026-05-17 21:48:01 | INFO | sqlalchemy.engine.Engine | SELECT count(*) AS count_1 
FROM system_logs 
WHERE system_logs.level = $1::VARCHAR AND system_logs.created_at >= $2::TIMESTAMP WITHOUT TIME ZONE
2026-05-17 21:48:01 | INFO | sqlalchemy.engine.Engine | [cached since 374.8s ago] ('WARNING', datetime.datetime(2026, 5, 16, 13, 48, 1, 580604))
2026-05-17 21:48:01 | INFO | sqlalchemy.engine.Engine | SELECT count(*) AS count_1 
FROM system_logs 
WHERE system_logs.created_at >= $1::TIMESTAMP WITHOUT TIME ZONE
2026-05-17 21:48:01 | INFO | sqlalchemy.engine.Engine | [cached since 374.8s ago] (datetime.datetime(2026, 5, 16, 13, 48, 1, 580604),)
2026-05-17 21:48:01 | INFO | sqlalchemy.engine.Engine | SELECT ocr_tasks.id, ocr_tasks.celery_task_id, ocr_tasks.filename, ocr_tasks.file_path, ocr_tasks.status, ocr_tasks.created_at, ocr_tasks.completed_at, ocr_tasks.result, ocr_tasks.correction_log, ocr_tasks.model_version, ocr_tasks.inference_ms, ocr_tasks.avg_confidence, ocr_tasks.image_width, ocr_tasks.image_height, ocr_tasks.owner_id 
FROM ocr_tasks 
WHERE ocr_tasks.owner_id = $1::INTEGER ORDER BY ocr_tasks.created_at DESC 
 LIMIT $2::INTEGER OFFSET $3::INTEGER
2026-05-17 21:48:01 | INFO | sqlalchemy.engine.Engine | [cached since 604.8s ago] (4, 20, 0)
2026-05-17 21:48:01 | INFO | sqlalchemy.engine.Engine | SELECT system_logs.id, system_logs.level, system_logs.source, system_logs.message, system_logs.detail, system_logs.path, system_logs.user_id, system_logs.created_at 
FROM system_logs ORDER BY system_logs.created_at DESC 
 LIMIT $1::INTEGER
2026-05-17 21:48:01 | INFO | sqlalchemy.engine.Engine | [cached since 374.8s ago] (30,)
2026-05-17 21:48:01 | INFO | sqlalchemy.engine.Engine | SELECT data_backup_records.id, data_backup_records.filename, data_backup_records.file_path, data_backup_records.size_bytes, data_backup_records.success, data_backup_records.error_message, data_backup_records.created_by_user_id, data_backup_records.created_at 
FROM data_backup_records ORDER BY data_backup_records.created_at DESC 
 LIMIT $1::INTEGER
2026-05-17 21:48:01 | INFO | sqlalchemy.engine.Engine | [cached since 374.8s ago] (1,)
2026-05-17 21:48:01 | INFO | sqlalchemy.engine.Engine | ROLLBACK
2026-05-17 21:48:01 | INFO | sqlalchemy.engine.Engine | ROLLBACK
2026-05-17 21:48:01 | INFO | sqlalchemy.engine.Engine | ROLLBACK
2026-05-17 21:48:01 | INFO | sqlalchemy.engine.Engine | SELECT ocr_tasks.id 
FROM ocr_tasks 
WHERE ocr_tasks.owner_id = $1::INTEGER AND ocr_tasks.status = $2::taskstatus AND ocr_tasks.avg_confidence IS NOT NULL AND ocr_tasks.avg_confidence < $3::FLOAT ORDER BY ocr_tasks.created_at DESC 
 LIMIT $4::INTEGER
2026-05-17 21:48:01 | INFO | sqlalchemy.engine.Engine | [cached since 374.7s ago] (4, 'COMPLETED', 0.8, 50)
2026-05-17 21:48:01 | INFO | sqlalchemy.engine.Engine | SELECT ocr_tasks.status, count(ocr_tasks.id) AS count_1 
FROM ocr_tasks 
WHERE ocr_tasks.owner_id = $1::INTEGER AND ocr_tasks.created_at >= $2::TIMESTAMP WITHOUT TIME ZONE GROUP BY ocr_tasks.status
2026-05-17 21:48:01 | INFO | sqlalchemy.engine.Engine | [cached since 374.7s ago] (4, datetime.datetime(2026, 5, 16, 13, 48, 1, 616216))
2026-05-17 21:48:01 | INFO | sqlalchemy.engine.Engine | ROLLBACK
2026-05-17 21:48:01 | INFO | sqlalchemy.engine.Engine | ROLLBACK
2026-05-17 21:48:01 | INFO | sqlalchemy.engine.Engine | BEGIN (implicit)
2026-05-17 21:48:01 | INFO | sqlalchemy.engine.Engine | SELECT users.id, users.email, users.username, users.hashed_password, users.is_active, users.created_at 
FROM users 
WHERE users.username = $1::VARCHAR
2026-05-17 21:48:01 | INFO | sqlalchemy.engine.Engine | [cached since 605.2s ago] ('yyy',)
2026-05-17 21:48:01 | INFO | sqlalchemy.engine.Engine | BEGIN (implicit)
2026-05-17 21:48:01 | INFO | sqlalchemy.engine.Engine | SELECT users.id, users.email, users.username, users.hashed_password, users.is_active, users.created_at 
FROM users 
WHERE users.username = $1::VARCHAR
2026-05-17 21:48:01 | INFO | sqlalchemy.engine.Engine | [cached since 605.2s ago] ('yyy',)
2026-05-17 21:48:01 | INFO | sqlalchemy.engine.Engine | SELECT system_logs.id, system_logs.level, system_logs.source, system_logs.message, system_logs.detail, system_logs.path, system_logs.user_id, system_logs.created_at 
FROM system_logs ORDER BY system_logs.created_at DESC 
 LIMIT $1::INTEGER
2026-05-17 21:48:01 | INFO | sqlalchemy.engine.Engine | [cached since 374.9s ago] (30,)
2026-05-17 21:48:01 | INFO | sqlalchemy.engine.Engine | SELECT count(*) AS count_1 
FROM system_logs 
WHERE system_logs.level = $1::VARCHAR AND system_logs.created_at >= $2::TIMESTAMP WITHOUT TIME ZONE
2026-05-17 21:48:01 | INFO | sqlalchemy.engine.Engine | [cached since 374.9s ago] ('ERROR', datetime.datetime(2026, 5, 16, 13, 48, 1, 694317))
2026-05-17 21:48:01 | INFO | sqlalchemy.engine.Engine | ROLLBACK
2026-05-17 21:48:01 | INFO | sqlalchemy.engine.Engine | SELECT count(*) AS count_1 
FROM system_logs 
WHERE system_logs.level = $1::VARCHAR AND system_logs.created_at >= $2::TIMESTAMP WITHOUT TIME ZONE
2026-05-17 21:48:01 | INFO | sqlalchemy.engine.Engine | [cached since 374.9s ago] ('WARNING', datetime.datetime(2026, 5, 16, 13, 48, 1, 694317))
2026-05-17 21:48:01 | INFO | sqlalchemy.engine.Engine | BEGIN (implicit)
2026-05-17 21:48:01 | INFO | sqlalchemy.engine.Engine | SELECT users.id, users.email, users.username, users.hashed_password, users.is_active, users.created_at 
FROM users 
WHERE users.username = $1::VARCHAR
2026-05-17 21:48:01 | INFO | sqlalchemy.engine.Engine | [cached since 605.3s ago] ('yyy',)
2026-05-17 21:48:01 | INFO | sqlalchemy.engine.Engine | SELECT count(*) AS count_1 
FROM system_logs 
WHERE system_logs.created_at >= $1::TIMESTAMP WITHOUT TIME ZONE
2026-05-17 21:48:01 | INFO | sqlalchemy.engine.Engine | [cached since 374.9s ago] (datetime.datetime(2026, 5, 16, 13, 48, 1, 694317),)
2026-05-17 21:48:01 | INFO | sqlalchemy.engine.Engine | SELECT data_backup_records.id, data_backup_records.filename, data_backup_records.file_path, data_backup_records.size_bytes, data_backup_records.success, data_backup_records.error_message, data_backup_records.created_by_user_id, data_backup_records.created_at 
FROM data_backup_records ORDER BY data_backup_records.created_at DESC 
 LIMIT $1::INTEGER
2026-05-17 21:48:01 | INFO | sqlalchemy.engine.Engine | [cached since 374.9s ago] (1,)
2026-05-17 21:48:01 | INFO | sqlalchemy.engine.Engine | SELECT ocr_tasks.id, ocr_tasks.celery_task_id, ocr_tasks.filename, ocr_tasks.file_path, ocr_tasks.status, ocr_tasks.created_at, ocr_tasks.completed_at, ocr_tasks.result, ocr_tasks.correction_log, ocr_tasks.model_version, ocr_tasks.inference_ms, ocr_tasks.avg_confidence, ocr_tasks.image_width, ocr_tasks.image_height, ocr_tasks.owner_id 
FROM ocr_tasks 
WHERE ocr_tasks.owner_id = $1::INTEGER ORDER BY ocr_tasks.created_at DESC 
 LIMIT $2::INTEGER OFFSET $3::INTEGER
2026-05-17 21:48:01 | INFO | sqlalchemy.engine.Engine | [cached since 604.9s ago] (4, 20, 0)
2026-05-17 21:48:01 | INFO | sqlalchemy.engine.Engine | ROLLBACK
2026-05-17 21:48:01 | INFO | sqlalchemy.engine.Engine | ROLLBACK
2026-05-17 21:48:04 | INFO | sqlalchemy.engine.Engine | BEGIN (implicit)
2026-05-17 21:48:04 | INFO | sqlalchemy.engine.Engine | SELECT users.id, users.email, users.username, users.hashed_password, users.is_active, users.created_at 
FROM users 
WHERE users.username = $1::VARCHAR
2026-05-17 21:48:04 | INFO | sqlalchemy.engine.Engine | [cached since 608.2s ago] ('yyy',)
2026-05-17 21:48:04 | INFO | sqlalchemy.engine.Engine | SELECT ocr_tasks.id, ocr_tasks.celery_task_id, ocr_tasks.filename, ocr_tasks.file_path, ocr_tasks.status, ocr_tasks.created_at, ocr_tasks.completed_at, ocr_tasks.result, ocr_tasks.correction_log, ocr_tasks.model_version, ocr_tasks.inference_ms, ocr_tasks.avg_confidence, ocr_tasks.image_width, ocr_tasks.image_height, ocr_tasks.owner_id 
FROM ocr_tasks 
WHERE ocr_tasks.owner_id = $1::INTEGER ORDER BY ocr_tasks.created_at DESC 
 LIMIT $2::INTEGER OFFSET $3::INTEGER
2026-05-17 21:48:04 | INFO | sqlalchemy.engine.Engine | [cached since 607.8s ago] (4, 20, 0)
2026-05-17 21:48:04 | INFO | sqlalchemy.engine.Engine | ROLLBACK
2026-05-17 21:48:07 | INFO | sqlalchemy.engine.Engine | BEGIN (implicit)
2026-05-17 21:48:07 | INFO | sqlalchemy.engine.Engine | SELECT users.id, users.email, users.username, users.hashed_password, users.is_active, users.created_at 
FROM users 
WHERE users.username = $1::VARCHAR
2026-05-17 21:48:07 | INFO | sqlalchemy.engine.Engine | [cached since 611.2s ago] ('yyy',)
2026-05-17 21:48:07 | INFO | sqlalchemy.engine.Engine | SELECT ocr_tasks.id, ocr_tasks.celery_task_id, ocr_tasks.filename, ocr_tasks.file_path, ocr_tasks.status, ocr_tasks.created_at, ocr_tasks.completed_at, ocr_tasks.result, ocr_tasks.correction_log, ocr_tasks.model_version, ocr_tasks.inference_ms, ocr_tasks.avg_confidence, ocr_tasks.image_width, ocr_tasks.image_height, ocr_tasks.owner_id 
FROM ocr_tasks 
WHERE ocr_tasks.owner_id = $1::INTEGER ORDER BY ocr_tasks.created_at DESC 
 LIMIT $2::INTEGER OFFSET $3::INTEGER
2026-05-17 21:48:07 | INFO | sqlalchemy.engine.Engine | [cached since 610.8s ago] (4, 20, 0)
2026-05-17 21:48:07 | INFO | sqlalchemy.engine.Engine | ROLLBACK
2026-05-17 21:48:10 | INFO | sqlalchemy.engine.Engine | BEGIN (implicit)
2026-05-17 21:48:10 | INFO | sqlalchemy.engine.Engine | SELECT users.id, users.email, users.username, users.hashed_password, users.is_active, users.created_at 
FROM users 
WHERE users.username = $1::VARCHAR
2026-05-17 21:48:10 | INFO | sqlalchemy.engine.Engine | [cached since 614.2s ago] ('yyy',)
2026-05-17 21:48:10 | INFO | sqlalchemy.engine.Engine | SELECT ocr_tasks.id, ocr_tasks.celery_task_id, ocr_tasks.filename, ocr_tasks.file_path, ocr_tasks.status, ocr_tasks.created_at, ocr_tasks.completed_at, ocr_tasks.result, ocr_tasks.correction_log, ocr_tasks.model_version, ocr_tasks.inference_ms, ocr_tasks.avg_confidence, ocr_tasks.image_width, ocr_tasks.image_height, ocr_tasks.owner_id 
FROM ocr_tasks 
WHERE ocr_tasks.owner_id = $1::INTEGER ORDER BY ocr_tasks.created_at DESC 
 LIMIT $2::INTEGER OFFSET $3::INTEGER
2026-05-17 21:48:10 | INFO | sqlalchemy.engine.Engine | [cached since 613.8s ago] (4, 20, 0)
2026-05-17 21:48:10 | INFO | sqlalchemy.engine.Engine | ROLLBACK
2026-05-17 21:48:13 | INFO | sqlalchemy.engine.Engine | BEGIN (implicit)
2026-05-17 21:48:13 | INFO | sqlalchemy.engine.Engine | SELECT users.id, users.email, users.username, users.hashed_password, users.is_active, users.created_at 
FROM users 
WHERE users.username = $1::VARCHAR
2026-05-17 21:48:13 | INFO | sqlalchemy.engine.Engine | [cached since 617.2s ago] ('yyy',)
2026-05-17 21:48:13 | INFO | sqlalchemy.engine.Engine | SELECT ocr_tasks.id, ocr_tasks.celery_task_id, ocr_tasks.filename, ocr_tasks.file_path, ocr_tasks.status, ocr_tasks.created_at, ocr_tasks.completed_at, ocr_tasks.result, ocr_tasks.correction_log, ocr_tasks.model_version, ocr_tasks.inference_ms, ocr_tasks.avg_confidence, ocr_tasks.image_width, ocr_tasks.image_height, ocr_tasks.owner_id 
FROM ocr_tasks 
WHERE ocr_tasks.owner_id = $1::INTEGER ORDER BY ocr_tasks.created_at DESC 
 LIMIT $2::INTEGER OFFSET $3::INTEGER
2026-05-17 21:48:13 | INFO | sqlalchemy.engine.Engine | [cached since 616.8s ago] (4, 20, 0)
2026-05-17 21:48:13 | INFO | sqlalchemy.engine.Engine | ROLLBACK
2026-05-17 21:48:16 | INFO | sqlalchemy.engine.Engine | BEGIN (implicit)
2026-05-17 21:48:16 | INFO | sqlalchemy.engine.Engine | SELECT users.id, users.email, users.username, users.hashed_password, users.is_active, users.created_at 
FROM users 
WHERE users.username = $1::VARCHAR
2026-05-17 21:48:16 | INFO | sqlalchemy.engine.Engine | [cached since 620.2s ago] ('yyy',)
2026-05-17 21:48:16 | INFO | sqlalchemy.engine.Engine | BEGIN (implicit)
2026-05-17 21:48:16 | INFO | sqlalchemy.engine.Engine | SELECT users.id, users.email, users.username, users.hashed_password, users.is_active, users.created_at 
FROM users 
WHERE users.username = $1::VARCHAR
2026-05-17 21:48:16 | INFO | sqlalchemy.engine.Engine | [cached since 620.2s ago] ('yyy',)
2026-05-17 21:48:16 | INFO | sqlalchemy.engine.Engine | SELECT count(*) AS count_1 
FROM system_logs 
WHERE system_logs.level = $1::VARCHAR AND system_logs.created_at >= $2::TIMESTAMP WITHOUT TIME ZONE
2026-05-17 21:48:16 | INFO | sqlalchemy.engine.Engine | [cached since 389.8s ago] ('ERROR', datetime.datetime(2026, 5, 16, 13, 48, 16, 649462))
2026-05-17 21:48:16 | INFO | sqlalchemy.engine.Engine | SELECT system_logs.id, system_logs.level, system_logs.source, system_logs.message, system_logs.detail, system_logs.path, system_logs.user_id, system_logs.created_at 
FROM system_logs ORDER BY system_logs.created_at DESC 
 LIMIT $1::INTEGER
2026-05-17 21:48:16 | INFO | sqlalchemy.engine.Engine | [cached since 389.8s ago] (30,)
2026-05-17 21:48:16 | INFO | sqlalchemy.engine.Engine | SELECT count(*) AS count_1 
FROM system_logs 
WHERE system_logs.level = $1::VARCHAR AND system_logs.created_at >= $2::TIMESTAMP WITHOUT TIME ZONE
2026-05-17 21:48:16 | INFO | sqlalchemy.engine.Engine | [cached since 389.9s ago] ('WARNING', datetime.datetime(2026, 5, 16, 13, 48, 16, 649462))
2026-05-17 21:48:16 | INFO | sqlalchemy.engine.Engine | SELECT count(*) AS count_1 
FROM system_logs 
WHERE system_logs.created_at >= $1::TIMESTAMP WITHOUT TIME ZONE
2026-05-17 21:48:16 | INFO | sqlalchemy.engine.Engine | [cached since 389.8s ago] (datetime.datetime(2026, 5, 16, 13, 48, 16, 649462),)
2026-05-17 21:48:16 | INFO | sqlalchemy.engine.Engine | ROLLBACK
2026-05-17 21:48:16 | INFO | sqlalchemy.engine.Engine | SELECT data_backup_records.id, data_backup_records.filename, data_backup_records.file_path, data_backup_records.size_bytes, data_backup_records.success, data_backup_records.error_message, data_backup_records.created_by_user_id, data_backup_records.created_at 
FROM data_backup_records ORDER BY data_backup_records.created_at DESC 
 LIMIT $1::INTEGER
2026-05-17 21:48:16 | INFO | sqlalchemy.engine.Engine | [cached since 389.8s ago] (1,)
2026-05-17 21:48:16 | INFO | sqlalchemy.engine.Engine | ROLLBACK
2026-05-17 21:48:16 | INFO | sqlalchemy.engine.Engine | BEGIN (implicit)
2026-05-17 21:48:16 | INFO | sqlalchemy.engine.Engine | SELECT users.id, users.email, users.username, users.hashed_password, users.is_active, users.created_at 
FROM users 
WHERE users.username = $1::VARCHAR
2026-05-17 21:48:16 | INFO | sqlalchemy.engine.Engine | [cached since 620.2s ago] ('yyy',)
2026-05-17 21:48:16 | INFO | sqlalchemy.engine.Engine | SELECT ocr_tasks.id, ocr_tasks.celery_task_id, ocr_tasks.filename, ocr_tasks.file_path, ocr_tasks.status, ocr_tasks.created_at, ocr_tasks.completed_at, ocr_tasks.result, ocr_tasks.correction_log, ocr_tasks.model_version, ocr_tasks.inference_ms, ocr_tasks.avg_confidence, ocr_tasks.image_width, ocr_tasks.image_height, ocr_tasks.owner_id 
FROM ocr_tasks 
WHERE ocr_tasks.owner_id = $1::INTEGER ORDER BY ocr_tasks.created_at DESC 
 LIMIT $2::INTEGER OFFSET $3::INTEGER
2026-05-17 21:48:16 | INFO | sqlalchemy.engine.Engine | [cached since 619.9s ago] (4, 20, 0)
2026-05-17 21:48:16 | INFO | sqlalchemy.engine.Engine | ROLLBACK
2026-05-17 21:48:18 | INFO | sqlalchemy.engine.Engine | BEGIN (implicit)
2026-05-17 21:48:18 | INFO | sqlalchemy.engine.Engine | SELECT users.id, users.email, users.username, users.hashed_password, users.is_active, users.created_at 
FROM users 
WHERE users.username = $1::VARCHAR
2026-05-17 21:48:18 | INFO | sqlalchemy.engine.Engine | [cached since 621.6s ago] ('yyy',)
2026-05-17 21:48:18 | INFO | sqlalchemy.engine.Engine | BEGIN (implicit)
2026-05-17 21:48:18 | INFO | sqlalchemy.engine.Engine | SELECT users.id, users.email, users.username, users.hashed_password, users.is_active, users.created_at 
FROM users 
WHERE users.username = $1::VARCHAR
2026-05-17 21:48:18 | INFO | sqlalchemy.engine.Engine | [cached since 621.6s ago] ('yyy',)
2026-05-17 21:48:18 | INFO | sqlalchemy.engine.Engine | SELECT date_trunc($1::VARCHAR, ocr_tasks.completed_at) AS bucket, avg(ocr_tasks.inference_ms) AS avg_ms, count(ocr_tasks.id) AS cnt 
FROM ocr_tasks 
WHERE ocr_tasks.owner_id = $2::INTEGER AND ocr_tasks.status = $3::taskstatus AND ocr_tasks.completed_at IS NOT NULL AND ocr_tasks.completed_at >= $4::TIMESTAMP WITHOUT TIME ZONE AND ocr_tasks.inference_ms IS NOT NULL GROUP BY date_trunc($1::VARCHAR, ocr_tasks.completed_at) ORDER BY bucket
2026-05-17 21:48:18 | INFO | sqlalchemy.engine.Engine | [cached since 391.2s ago] ('hour', 4, 'COMPLETED', datetime.datetime(2026, 5, 16, 13, 48, 18, 60129))
2026-05-17 21:48:18 | INFO | sqlalchemy.engine.Engine | SELECT ocr_tasks.id, ocr_tasks.celery_task_id, ocr_tasks.filename, ocr_tasks.file_path, ocr_tasks.status, ocr_tasks.created_at, ocr_tasks.completed_at, ocr_tasks.result, ocr_tasks.correction_log, ocr_tasks.model_version, ocr_tasks.inference_ms, ocr_tasks.avg_confidence, ocr_tasks.image_width, ocr_tasks.image_height, ocr_tasks.owner_id 
FROM ocr_tasks 
WHERE ocr_tasks.owner_id = $1::INTEGER AND (ocr_tasks.status = $2::taskstatus AND ocr_tasks.avg_confidence IS NOT NULL AND ocr_tasks.avg_confidence < $3::FLOAT OR ocr_tasks.status = $4::taskstatus) ORDER BY ocr_tasks.created_at DESC 
 LIMIT $5::INTEGER
2026-05-17 21:48:18 | INFO | sqlalchemy.engine.Engine | [cached since 391.3s ago] (4, 'COMPLETED', 0.8, 'FAILED', 30)
2026-05-17 21:48:18 | INFO | sqlalchemy.engine.Engine | SELECT ocr_tasks.id 
FROM ocr_tasks 
WHERE ocr_tasks.owner_id = $1::INTEGER AND ocr_tasks.status = $2::taskstatus AND ocr_tasks.avg_confidence IS NOT NULL AND ocr_tasks.avg_confidence < $3::FLOAT ORDER BY ocr_tasks.created_at DESC 
 LIMIT $4::INTEGER
2026-05-17 21:48:18 | INFO | sqlalchemy.engine.Engine | [cached since 391.2s ago] (4, 'COMPLETED', 0.8, 50)
2026-05-17 21:48:18 | INFO | sqlalchemy.engine.Engine | SELECT ocr_tasks.status, count(ocr_tasks.id) AS count_1 
FROM ocr_tasks 
WHERE ocr_tasks.owner_id = $1::INTEGER AND ocr_tasks.created_at >= $2::TIMESTAMP WITHOUT TIME ZONE GROUP BY ocr_tasks.status
2026-05-17 21:48:18 | INFO | sqlalchemy.engine.Engine | [cached since 391.2s ago] (4, datetime.datetime(2026, 5, 16, 13, 48, 18, 88567))
2026-05-17 21:48:18 | INFO | sqlalchemy.engine.Engine | ROLLBACK
2026-05-17 21:48:18 | INFO | sqlalchemy.engine.Engine | ROLLBACK
2026-05-17 21:48:19 | INFO | sqlalchemy.engine.Engine | BEGIN (implicit)
2026-05-17 21:48:19 | INFO | sqlalchemy.engine.Engine | SELECT users.id, users.email, users.username, users.hashed_password, users.is_active, users.created_at 
FROM users 
WHERE users.username = $1::VARCHAR
2026-05-17 21:48:19 | INFO | sqlalchemy.engine.Engine | [cached since 622.7s ago] ('yyy',)
2026-05-17 21:48:19 | INFO | sqlalchemy.engine.Engine | SELECT ocr_tasks.id, ocr_tasks.celery_task_id, ocr_tasks.filename, ocr_tasks.file_path, ocr_tasks.status, ocr_tasks.created_at, ocr_tasks.completed_at, ocr_tasks.result, ocr_tasks.correction_log, ocr_tasks.model_version, ocr_tasks.inference_ms, ocr_tasks.avg_confidence, ocr_tasks.image_width, ocr_tasks.image_height, ocr_tasks.owner_id 
FROM ocr_tasks 
WHERE ocr_tasks.owner_id = $1::INTEGER ORDER BY ocr_tasks.created_at DESC 
 LIMIT $2::INTEGER OFFSET $3::INTEGER
2026-05-17 21:48:19 | INFO | sqlalchemy.engine.Engine | [cached since 622.3s ago] (4, 20, 0)
2026-05-17 21:48:19 | INFO | sqlalchemy.engine.Engine | ROLLBACK
2026-05-17 21:48:22 | INFO | sqlalchemy.engine.Engine | BEGIN (implicit)
2026-05-17 21:48:22 | INFO | sqlalchemy.engine.Engine | SELECT users.id, users.email, users.username, users.hashed_password, users.is_active, users.created_at 
FROM users 
WHERE users.username = $1::VARCHAR
2026-05-17 21:48:22 | INFO | sqlalchemy.engine.Engine | [cached since 626.2s ago] ('yyy',)
2026-05-17 21:48:22 | INFO | sqlalchemy.engine.Engine | SELECT ocr_tasks.id, ocr_tasks.celery_task_id, ocr_tasks.filename, ocr_tasks.file_path, ocr_tasks.status, ocr_tasks.created_at, ocr_tasks.completed_at, ocr_tasks.result, ocr_tasks.correction_log, ocr_tasks.model_version, ocr_tasks.inference_ms, ocr_tasks.avg_confidence, ocr_tasks.image_width, ocr_tasks.image_height, ocr_tasks.owner_id 
FROM ocr_tasks 
WHERE ocr_tasks.owner_id = $1::INTEGER ORDER BY ocr_tasks.created_at DESC 
 LIMIT $2::INTEGER OFFSET $3::INTEGER
2026-05-17 21:48:22 | INFO | sqlalchemy.engine.Engine | [cached since 625.8s ago] (4, 20, 0)
2026-05-17 21:48:22 | INFO | sqlalchemy.engine.Engine | ROLLBACK
2026-05-17 21:48:25 | INFO | sqlalchemy.engine.Engine | BEGIN (implicit)
2026-05-17 21:48:25 | INFO | sqlalchemy.engine.Engine | SELECT users.id, users.email, users.username, users.hashed_password, users.is_active, users.created_at 
FROM users 
WHERE users.username = $1::VARCHAR
2026-05-17 21:48:25 | INFO | sqlalchemy.engine.Engine | [cached since 628.8s ago] ('yyy',)
2026-05-17 21:48:25 | INFO | sqlalchemy.engine.Engine | BEGIN (implicit)
2026-05-17 21:48:25 | INFO | sqlalchemy.engine.Engine | SELECT users.id, users.email, users.username, users.hashed_password, users.is_active, users.created_at 
FROM users 
WHERE users.username = $1::VARCHAR
2026-05-17 21:48:25 | INFO | sqlalchemy.engine.Engine | [cached since 628.8s ago] ('yyy',)
2026-05-17 21:48:25 | INFO | sqlalchemy.engine.Engine | SELECT date_trunc($1::VARCHAR, ocr_tasks.completed_at) AS bucket, avg(ocr_tasks.inference_ms) AS avg_ms, count(ocr_tasks.id) AS cnt 
FROM ocr_tasks 
WHERE ocr_tasks.owner_id = $2::INTEGER AND ocr_tasks.status = $3::taskstatus AND ocr_tasks.completed_at IS NOT NULL AND ocr_tasks.completed_at >= $4::TIMESTAMP WITHOUT TIME ZONE AND ocr_tasks.inference_ms IS NOT NULL GROUP BY date_trunc($1::VARCHAR, ocr_tasks.completed_at) ORDER BY bucket
2026-05-17 21:48:25 | INFO | sqlalchemy.engine.Engine | [cached since 398.5s ago] ('hour', 4, 'COMPLETED', datetime.datetime(2026, 5, 16, 13, 48, 25, 284049))
2026-05-17 21:48:25 | INFO | sqlalchemy.engine.Engine | SELECT ocr_tasks.id, ocr_tasks.celery_task_id, ocr_tasks.filename, ocr_tasks.file_path, ocr_tasks.status, ocr_tasks.created_at, ocr_tasks.completed_at, ocr_tasks.result, ocr_tasks.correction_log, ocr_tasks.model_version, ocr_tasks.inference_ms, ocr_tasks.avg_confidence, ocr_tasks.image_width, ocr_tasks.image_height, ocr_tasks.owner_id 
FROM ocr_tasks 
WHERE ocr_tasks.owner_id = $1::INTEGER AND (ocr_tasks.status = $2::taskstatus AND ocr_tasks.avg_confidence IS NOT NULL AND ocr_tasks.avg_confidence < $3::FLOAT OR ocr_tasks.status = $4::taskstatus) ORDER BY ocr_tasks.created_at DESC 
 LIMIT $5::INTEGER
2026-05-17 21:48:25 | INFO | sqlalchemy.engine.Engine | [cached since 398.5s ago] (4, 'COMPLETED', 0.8, 'FAILED', 30)
2026-05-17 21:48:25 | INFO | sqlalchemy.engine.Engine | SELECT ocr_tasks.id 
FROM ocr_tasks 
WHERE ocr_tasks.owner_id = $1::INTEGER AND ocr_tasks.status = $2::taskstatus AND ocr_tasks.avg_confidence IS NOT NULL AND ocr_tasks.avg_confidence < $3::FLOAT ORDER BY ocr_tasks.created_at DESC 
 LIMIT $4::INTEGER
2026-05-17 21:48:25 | INFO | sqlalchemy.engine.Engine | [cached since 398.4s ago] (4, 'COMPLETED', 0.8, 50)
2026-05-17 21:48:25 | INFO | sqlalchemy.engine.Engine | ROLLBACK
2026-05-17 21:48:25 | INFO | sqlalchemy.engine.Engine | SELECT ocr_tasks.status, count(ocr_tasks.id) AS count_1 
FROM ocr_tasks 
WHERE ocr_tasks.owner_id = $1::INTEGER AND ocr_tasks.created_at >= $2::TIMESTAMP WITHOUT TIME ZONE GROUP BY ocr_tasks.status
2026-05-17 21:48:25 | INFO | sqlalchemy.engine.Engine | [cached since 398.4s ago] (4, datetime.datetime(2026, 5, 16, 13, 48, 25, 309176))
2026-05-17 21:48:25 | INFO | sqlalchemy.engine.Engine | ROLLBACK
2026-05-17 21:48:25 | INFO | sqlalchemy.engine.Engine | BEGIN (implicit)
2026-05-17 21:48:25 | INFO | sqlalchemy.engine.Engine | SELECT users.id, users.email, users.username, users.hashed_password, users.is_active, users.created_at 
FROM users 
WHERE users.username = $1::VARCHAR
2026-05-17 21:48:25 | INFO | sqlalchemy.engine.Engine | [cached since 628.9s ago] ('yyy',)
2026-05-17 21:48:25 | INFO | sqlalchemy.engine.Engine | SELECT ocr_tasks.id, ocr_tasks.celery_task_id, ocr_tasks.filename, ocr_tasks.file_path, ocr_tasks.status, ocr_tasks.created_at, ocr_tasks.completed_at, ocr_tasks.result, ocr_tasks.correction_log, ocr_tasks.model_version, ocr_tasks.inference_ms, ocr_tasks.avg_confidence, ocr_tasks.image_width, ocr_tasks.image_height, ocr_tasks.owner_id 
FROM ocr_tasks 
WHERE ocr_tasks.owner_id = $1::INTEGER ORDER BY ocr_tasks.created_at DESC 
 LIMIT $2::INTEGER OFFSET $3::INTEGER
2026-05-17 21:48:25 | INFO | sqlalchemy.engine.Engine | [cached since 628.5s ago] (4, 20, 0)
2026-05-17 21:48:25 | INFO | sqlalchemy.engine.Engine | ROLLBACK
2026-05-17 21:48:28 | INFO | sqlalchemy.engine.Engine | BEGIN (implicit)
2026-05-17 21:48:28 | INFO | sqlalchemy.engine.Engine | SELECT users.id, users.email, users.username, users.hashed_password, users.is_active, users.created_at 
FROM users 
WHERE users.username = $1::VARCHAR
2026-05-17 21:48:28 | INFO | sqlalchemy.engine.Engine | [cached since 631.7s ago] ('yyy',)
2026-05-17 21:48:28 | INFO | sqlalchemy.engine.Engine | SELECT ocr_tasks.id, ocr_tasks.celery_task_id, ocr_tasks.filename, ocr_tasks.file_path, ocr_tasks.status, ocr_tasks.created_at, ocr_tasks.completed_at, ocr_tasks.result, ocr_tasks.correction_log, ocr_tasks.model_version, ocr_tasks.inference_ms, ocr_tasks.avg_confidence, ocr_tasks.image_width, ocr_tasks.image_height, ocr_tasks.owner_id 
FROM ocr_tasks 
WHERE ocr_tasks.owner_id = $1::INTEGER ORDER BY ocr_tasks.created_at DESC 
 LIMIT $2::INTEGER OFFSET $3::INTEGER
2026-05-17 21:48:28 | INFO | sqlalchemy.engine.Engine | [cached since 631.3s ago] (4, 20, 0)
2026-05-17 21:48:28 | INFO | sqlalchemy.engine.Engine | ROLLBACK
2026-05-17 21:48:31 | INFO | sqlalchemy.engine.Engine | BEGIN (implicit)
2026-05-17 21:48:31 | INFO | sqlalchemy.engine.Engine | SELECT users.id, users.email, users.username, users.hashed_password, users.is_active, users.created_at 
FROM users 
WHERE users.username = $1::VARCHAR
2026-05-17 21:48:31 | INFO | sqlalchemy.engine.Engine | [cached since 635.2s ago] ('yyy',)
2026-05-17 21:48:31 | INFO | sqlalchemy.engine.Engine | BEGIN (implicit)
2026-05-17 21:48:31 | INFO | sqlalchemy.engine.Engine | SELECT users.id, users.email, users.username, users.hashed_password, users.is_active, users.created_at 
FROM users 
WHERE users.username = $1::VARCHAR
2026-05-17 21:48:31 | INFO | sqlalchemy.engine.Engine | [cached since 635.2s ago] ('yyy',)
2026-05-17 21:48:31 | INFO | sqlalchemy.engine.Engine | SELECT count(*) AS count_1 
FROM system_logs 
WHERE system_logs.level = $1::VARCHAR AND system_logs.created_at >= $2::TIMESTAMP WITHOUT TIME ZONE
2026-05-17 21:48:31 | INFO | sqlalchemy.engine.Engine | [cached since 404.8s ago] ('ERROR', datetime.datetime(2026, 5, 16, 13, 48, 31, 644896))
2026-05-17 21:48:31 | INFO | sqlalchemy.engine.Engine | SELECT system_logs.id, system_logs.level, system_logs.source, system_logs.message, system_logs.detail, system_logs.path, system_logs.user_id, system_logs.created_at 
FROM system_logs ORDER BY system_logs.created_at DESC 
 LIMIT $1::INTEGER
2026-05-17 21:48:31 | INFO | sqlalchemy.engine.Engine | [cached since 404.8s ago] (30,)
2026-05-17 21:48:31 | INFO | sqlalchemy.engine.Engine | SELECT count(*) AS count_1 
FROM system_logs 
WHERE system_logs.level = $1::VARCHAR AND system_logs.created_at >= $2::TIMESTAMP WITHOUT TIME ZONE
2026-05-17 21:48:31 | INFO | sqlalchemy.engine.Engine | [cached since 404.8s ago] ('WARNING', datetime.datetime(2026, 5, 16, 13, 48, 31, 644896))
2026-05-17 21:48:31 | INFO | sqlalchemy.engine.Engine | SELECT count(*) AS count_1 
FROM system_logs 
WHERE system_logs.created_at >= $1::TIMESTAMP WITHOUT TIME ZONE
2026-05-17 21:48:31 | INFO | sqlalchemy.engine.Engine | [cached since 404.8s ago] (datetime.datetime(2026, 5, 16, 13, 48, 31, 644896),)
2026-05-17 21:48:31 | INFO | sqlalchemy.engine.Engine | ROLLBACK
2026-05-17 21:48:31 | INFO | sqlalchemy.engine.Engine | SELECT data_backup_records.id, data_backup_records.filename, data_backup_records.file_path, data_backup_records.size_bytes, data_backup_records.success, data_backup_records.error_message, data_backup_records.created_by_user_id, data_backup_records.created_at 
FROM data_backup_records ORDER BY data_backup_records.created_at DESC 
 LIMIT $1::INTEGER
2026-05-17 21:48:31 | INFO | sqlalchemy.engine.Engine | [cached since 404.8s ago] (1,)
2026-05-17 21:48:31 | INFO | sqlalchemy.engine.Engine | ROLLBACK
2026-05-17 21:48:31 | INFO | sqlalchemy.engine.Engine | BEGIN (implicit)
2026-05-17 21:48:31 | INFO | sqlalchemy.engine.Engine | SELECT users.id, users.email, users.username, users.hashed_password, users.is_active, users.created_at 
FROM users 
WHERE users.username = $1::VARCHAR
2026-05-17 21:48:31 | INFO | sqlalchemy.engine.Engine | [cached since 635.2s ago] ('yyy',)
2026-05-17 21:48:31 | INFO | sqlalchemy.engine.Engine | SELECT ocr_tasks.id, ocr_tasks.celery_task_id, ocr_tasks.filename, ocr_tasks.file_path, ocr_tasks.status, ocr_tasks.created_at, ocr_tasks.completed_at, ocr_tasks.result, ocr_tasks.correction_log, ocr_tasks.model_version, ocr_tasks.inference_ms, ocr_tasks.avg_confidence, ocr_tasks.image_width, ocr_tasks.image_height, ocr_tasks.owner_id 
FROM ocr_tasks 
WHERE ocr_tasks.owner_id = $1::INTEGER ORDER BY ocr_tasks.created_at DESC 
 LIMIT $2::INTEGER OFFSET $3::INTEGER
2026-05-17 21:48:31 | INFO | sqlalchemy.engine.Engine | [cached since 634.9s ago] (4, 20, 0)
2026-05-17 21:48:31 | INFO | sqlalchemy.engine.Engine | ROLLBACK
2026-05-17 21:48:34 | INFO | sqlalchemy.engine.Engine | BEGIN (implicit)
2026-05-17 21:48:34 | INFO | sqlalchemy.engine.Engine | SELECT users.id, users.email, users.username, users.hashed_password, users.is_active, users.created_at 
FROM users 
WHERE users.username = $1::VARCHAR
2026-05-17 21:48:34 | INFO | sqlalchemy.engine.Engine | [cached since 638.2s ago] ('yyy',)
2026-05-17 21:48:34 | INFO | sqlalchemy.engine.Engine | SELECT ocr_tasks.id, ocr_tasks.celery_task_id, ocr_tasks.filename, ocr_tasks.file_path, ocr_tasks.status, ocr_tasks.created_at, ocr_tasks.completed_at, ocr_tasks.result, ocr_tasks.correction_log, ocr_tasks.model_version, ocr_tasks.inference_ms, ocr_tasks.avg_confidence, ocr_tasks.image_width, ocr_tasks.image_height, ocr_tasks.owner_id 
FROM ocr_tasks 
WHERE ocr_tasks.owner_id = $1::INTEGER ORDER BY ocr_tasks.created_at DESC 
 LIMIT $2::INTEGER OFFSET $3::INTEGER
2026-05-17 21:48:34 | INFO | sqlalchemy.engine.Engine | [cached since 637.8s ago] (4, 20, 0)
2026-05-17 21:48:34 | INFO | sqlalchemy.engine.Engine | ROLLBACK
2026-05-17 21:48:37 | INFO | sqlalchemy.engine.Engine | BEGIN (implicit)
2026-05-17 21:48:37 | INFO | sqlalchemy.engine.Engine | SELECT users.id, users.email, users.username, users.hashed_password, users.is_active, users.created_at 
FROM users 
WHERE users.username = $1::VARCHAR
2026-05-17 21:48:37 | INFO | sqlalchemy.engine.Engine | [cached since 641.5s ago] ('yyy',)
2026-05-17 21:48:37 | INFO | sqlalchemy.engine.Engine | SELECT ocr_tasks.id, ocr_tasks.celery_task_id, ocr_tasks.filename, ocr_tasks.file_path, ocr_tasks.status, ocr_tasks.created_at, ocr_tasks.completed_at, ocr_tasks.result, ocr_tasks.correction_log, ocr_tasks.model_version, ocr_tasks.inference_ms, ocr_tasks.avg_confidence, ocr_tasks.image_width, ocr_tasks.image_height, ocr_tasks.owner_id 
FROM ocr_tasks 
WHERE ocr_tasks.owner_id = $1::INTEGER ORDER BY ocr_tasks.created_at DESC 
 LIMIT $2::INTEGER OFFSET $3::INTEGER
2026-05-17 21:48:37 | INFO | sqlalchemy.engine.Engine | [cached since 641.1s ago] (4, 20, 0)
2026-05-17 21:48:37 | INFO | sqlalchemy.engine.Engine | ROLLBACK
2026-05-17 21:48:40 | INFO | sqlalchemy.engine.Engine | BEGIN (implicit)
2026-05-17 21:48:40 | INFO | sqlalchemy.engine.Engine | SELECT users.id, users.email, users.username, users.hashed_password, users.is_active, users.created_at 
FROM users 
WHERE users.username = $1::VARCHAR
2026-05-17 21:48:40 | INFO | sqlalchemy.engine.Engine | [cached since 644.2s ago] ('yyy',)
2026-05-17 21:48:40 | INFO | sqlalchemy.engine.Engine | SELECT ocr_tasks.id, ocr_tasks.celery_task_id, ocr_tasks.filename, ocr_tasks.file_path, ocr_tasks.status, ocr_tasks.created_at, ocr_tasks.completed_at, ocr_tasks.result, ocr_tasks.correction_log, ocr_tasks.model_version, ocr_tasks.inference_ms, ocr_tasks.avg_confidence, ocr_tasks.image_width, ocr_tasks.image_height, ocr_tasks.owner_id 
FROM ocr_tasks 
WHERE ocr_tasks.owner_id = $1::INTEGER ORDER BY ocr_tasks.created_at DESC 
 LIMIT $2::INTEGER OFFSET $3::INTEGER
2026-05-17 21:48:40 | INFO | sqlalchemy.engine.Engine | [cached since 643.8s ago] (4, 20, 0)
2026-05-17 21:48:40 | INFO | sqlalchemy.engine.Engine | ROLLBACK
2026-05-17 21:48:43 | INFO | sqlalchemy.engine.Engine | BEGIN (implicit)
2026-05-17 21:48:43 | INFO | sqlalchemy.engine.Engine | SELECT users.id, users.email, users.username, users.hashed_password, users.is_active, users.created_at 
FROM users 
WHERE users.username = $1::VARCHAR
2026-05-17 21:48:43 | INFO | sqlalchemy.engine.Engine | [cached since 647.2s ago] ('yyy',)
2026-05-17 21:48:43 | INFO | sqlalchemy.engine.Engine | SELECT ocr_tasks.id, ocr_tasks.celery_task_id, ocr_tasks.filename, ocr_tasks.file_path, ocr_tasks.status, ocr_tasks.created_at, ocr_tasks.completed_at, ocr_tasks.result, ocr_tasks.correction_log, ocr_tasks.model_version, ocr_tasks.inference_ms, ocr_tasks.avg_confidence, ocr_tasks.image_width, ocr_tasks.image_height, ocr_tasks.owner_id 
FROM ocr_tasks 
WHERE ocr_tasks.owner_id = $1::INTEGER ORDER BY ocr_tasks.created_at DESC 
 LIMIT $2::INTEGER OFFSET $3::INTEGER
2026-05-17 21:48:43 | INFO | sqlalchemy.engine.Engine | [cached since 646.8s ago] (4, 20, 0)
2026-05-17 21:48:43 | INFO | sqlalchemy.engine.Engine | ROLLBACK
2026-05-17 21:48:46 | INFO | sqlalchemy.engine.Engine | BEGIN (implicit)
2026-05-17 21:48:46 | INFO | sqlalchemy.engine.Engine | SELECT users.id, users.email, users.username, users.hashed_password, users.is_active, users.created_at 
FROM users 
WHERE users.username = $1::VARCHAR
2026-05-17 21:48:46 | INFO | sqlalchemy.engine.Engine | [cached since 649.6s ago] ('yyy',)
2026-05-17 21:48:46 | INFO | sqlalchemy.engine.Engine | BEGIN (implicit)
2026-05-17 21:48:46 | INFO | sqlalchemy.engine.Engine | SELECT users.id, users.email, users.username, users.hashed_password, users.is_active, users.created_at 
FROM users 
WHERE users.username = $1::VARCHAR
2026-05-17 21:48:46 | INFO | sqlalchemy.engine.Engine | [cached since 649.6s ago] ('yyy',)
2026-05-17 21:48:46 | INFO | sqlalchemy.engine.Engine | SELECT date_trunc($1::VARCHAR, ocr_tasks.completed_at) AS bucket, avg(ocr_tasks.inference_ms) AS avg_ms, count(ocr_tasks.id) AS cnt 
FROM ocr_tasks 
WHERE ocr_tasks.owner_id = $2::INTEGER AND ocr_tasks.status = $3::taskstatus AND ocr_tasks.completed_at IS NOT NULL AND ocr_tasks.completed_at >= $4::TIMESTAMP WITHOUT TIME ZONE AND ocr_tasks.inference_ms IS NOT NULL GROUP BY date_trunc($1::VARCHAR, ocr_tasks.completed_at) ORDER BY bucket
2026-05-17 21:48:46 | INFO | sqlalchemy.engine.Engine | [cached since 419.3s ago] ('hour', 4, 'COMPLETED', datetime.datetime(2026, 5, 16, 13, 48, 46, 86504))
2026-05-17 21:48:46 | INFO | sqlalchemy.engine.Engine | SELECT ocr_tasks.id, ocr_tasks.celery_task_id, ocr_tasks.filename, ocr_tasks.file_path, ocr_tasks.status, ocr_tasks.created_at, ocr_tasks.completed_at, ocr_tasks.result, ocr_tasks.correction_log, ocr_tasks.model_version, ocr_tasks.inference_ms, ocr_tasks.avg_confidence, ocr_tasks.image_width, ocr_tasks.image_height, ocr_tasks.owner_id 
FROM ocr_tasks 
WHERE ocr_tasks.owner_id = $1::INTEGER AND (ocr_tasks.status = $2::taskstatus AND ocr_tasks.avg_confidence IS NOT NULL AND ocr_tasks.avg_confidence < $3::FLOAT OR ocr_tasks.status = $4::taskstatus) ORDER BY ocr_tasks.created_at DESC 
 LIMIT $5::INTEGER
2026-05-17 21:48:46 | INFO | sqlalchemy.engine.Engine | [cached since 419.3s ago] (4, 'COMPLETED', 0.8, 'FAILED', 30)
2026-05-17 21:48:46 | INFO | sqlalchemy.engine.Engine | SELECT ocr_tasks.id 
FROM ocr_tasks 
WHERE ocr_tasks.owner_id = $1::INTEGER AND ocr_tasks.status = $2::taskstatus AND ocr_tasks.avg_confidence IS NOT NULL AND ocr_tasks.avg_confidence < $3::FLOAT ORDER BY ocr_tasks.created_at DESC 
 LIMIT $4::INTEGER
2026-05-17 21:48:46 | INFO | sqlalchemy.engine.Engine | [cached since 419.2s ago] (4, 'COMPLETED', 0.8, 50)
2026-05-17 21:48:46 | INFO | sqlalchemy.engine.Engine | SELECT ocr_tasks.status, count(ocr_tasks.id) AS count_1 
FROM ocr_tasks 
WHERE ocr_tasks.owner_id = $1::INTEGER AND ocr_tasks.created_at >= $2::TIMESTAMP WITHOUT TIME ZONE GROUP BY ocr_tasks.status
2026-05-17 21:48:46 | INFO | sqlalchemy.engine.Engine | [cached since 419.2s ago] (4, datetime.datetime(2026, 5, 16, 13, 48, 46, 113975))
2026-05-17 21:48:46 | INFO | sqlalchemy.engine.Engine | ROLLBACK
2026-05-17 21:48:46 | INFO | sqlalchemy.engine.Engine | ROLLBACK
2026-05-17 21:48:46 | INFO | sqlalchemy.engine.Engine | BEGIN (implicit)
2026-05-17 21:48:46 | INFO | sqlalchemy.engine.Engine | SELECT users.id, users.email, users.username, users.hashed_password, users.is_active, users.created_at 
FROM users 
WHERE users.username = $1::VARCHAR
2026-05-17 21:48:46 | INFO | sqlalchemy.engine.Engine | [cached since 649.7s ago] ('yyy',)
2026-05-17 21:48:46 | INFO | sqlalchemy.engine.Engine | BEGIN (implicit)
2026-05-17 21:48:46 | INFO | sqlalchemy.engine.Engine | SELECT users.id, users.email, users.username, users.hashed_password, users.is_active, users.created_at 
FROM users 
WHERE users.username = $1::VARCHAR
2026-05-17 21:48:46 | INFO | sqlalchemy.engine.Engine | [cached since 649.7s ago] ('yyy',)
2026-05-17 21:48:46 | INFO | sqlalchemy.engine.Engine | SELECT count(*) AS count_1 
FROM system_logs 
WHERE system_logs.level = $1::VARCHAR AND system_logs.created_at >= $2::TIMESTAMP WITHOUT TIME ZONE
2026-05-17 21:48:46 | INFO | sqlalchemy.engine.Engine | [cached since 419.4s ago] ('ERROR', datetime.datetime(2026, 5, 16, 13, 48, 46, 195207))
2026-05-17 21:48:46 | INFO | sqlalchemy.engine.Engine | SELECT system_logs.id, system_logs.level, system_logs.source, system_logs.message, system_logs.detail, system_logs.path, system_logs.user_id, system_logs.created_at 
FROM system_logs ORDER BY system_logs.created_at DESC 
 LIMIT $1::INTEGER
2026-05-17 21:48:46 | INFO | sqlalchemy.engine.Engine | [cached since 419.4s ago] (30,)
2026-05-17 21:48:46 | INFO | sqlalchemy.engine.Engine | SELECT count(*) AS count_1 
FROM system_logs 
WHERE system_logs.level = $1::VARCHAR AND system_logs.created_at >= $2::TIMESTAMP WITHOUT TIME ZONE
2026-05-17 21:48:46 | INFO | sqlalchemy.engine.Engine | [cached since 419.4s ago] ('WARNING', datetime.datetime(2026, 5, 16, 13, 48, 46, 195207))
2026-05-17 21:48:46 | INFO | sqlalchemy.engine.Engine | SELECT count(*) AS count_1 
FROM system_logs 
WHERE system_logs.created_at >= $1::TIMESTAMP WITHOUT TIME ZONE
2026-05-17 21:48:46 | INFO | sqlalchemy.engine.Engine | [cached since 419.4s ago] (datetime.datetime(2026, 5, 16, 13, 48, 46, 195207),)
2026-05-17 21:48:46 | INFO | sqlalchemy.engine.Engine | ROLLBACK
2026-05-17 21:48:46 | INFO | sqlalchemy.engine.Engine | SELECT data_backup_records.id, data_backup_records.filename, data_backup_records.file_path, data_backup_records.size_bytes, data_backup_records.success, data_backup_records.error_message, data_backup_records.created_by_user_id, data_backup_records.created_at 
FROM data_backup_records ORDER BY data_backup_records.created_at DESC 
 LIMIT $1::INTEGER
2026-05-17 21:48:46 | INFO | sqlalchemy.engine.Engine | [cached since 419.4s ago] (1,)
2026-05-17 21:48:46 | INFO | sqlalchemy.engine.Engine | ROLLBACK
2026-05-17 21:48:46 | INFO | sqlalchemy.engine.Engine | BEGIN (implicit)
2026-05-17 21:48:46 | INFO | sqlalchemy.engine.Engine | SELECT users.id, users.email, users.username, users.hashed_password, users.is_active, users.created_at 
FROM users 
WHERE users.username = $1::VARCHAR
2026-05-17 21:48:46 | INFO | sqlalchemy.engine.Engine | [cached since 649.8s ago] ('yyy',)
2026-05-17 21:48:46 | INFO | sqlalchemy.engine.Engine | SELECT ocr_tasks.id, ocr_tasks.celery_task_id, ocr_tasks.filename, ocr_tasks.file_path, ocr_tasks.status, ocr_tasks.created_at, ocr_tasks.completed_at, ocr_tasks.result, ocr_tasks.correction_log, ocr_tasks.model_version, ocr_tasks.inference_ms, ocr_tasks.avg_confidence, ocr_tasks.image_width, ocr_tasks.image_height, ocr_tasks.owner_id 
FROM ocr_tasks 
WHERE ocr_tasks.owner_id = $1::INTEGER ORDER BY ocr_tasks.created_at DESC 
 LIMIT $2::INTEGER OFFSET $3::INTEGER
2026-05-17 21:48:46 | INFO | sqlalchemy.engine.Engine | [cached since 649.4s ago] (4, 20, 0)
2026-05-17 21:48:46 | INFO | sqlalchemy.engine.Engine | ROLLBACK
2026-05-17 21:48:49 | INFO | sqlalchemy.engine.Engine | BEGIN (implicit)
2026-05-17 21:48:49 | INFO | sqlalchemy.engine.Engine | SELECT users.id, users.email, users.username, users.hashed_password, users.is_active, users.created_at 
FROM users 
WHERE users.username = $1::VARCHAR
2026-05-17 21:48:49 | INFO | sqlalchemy.engine.Engine | [cached since 652.7s ago] ('yyy',)
2026-05-17 21:48:49 | INFO | sqlalchemy.engine.Engine | SELECT ocr_tasks.id, ocr_tasks.celery_task_id, ocr_tasks.filename, ocr_tasks.file_path, ocr_tasks.status, ocr_tasks.created_at, ocr_tasks.completed_at, ocr_tasks.result, ocr_tasks.correction_log, ocr_tasks.model_version, ocr_tasks.inference_ms, ocr_tasks.avg_confidence, ocr_tasks.image_width, ocr_tasks.image_height, ocr_tasks.owner_id 
FROM ocr_tasks 
WHERE ocr_tasks.owner_id = $1::INTEGER ORDER BY ocr_tasks.created_at DESC 
 LIMIT $2::INTEGER OFFSET $3::INTEGER
2026-05-17 21:48:49 | INFO | sqlalchemy.engine.Engine | [cached since 652.3s ago] (4, 20, 0)
2026-05-17 21:48:49 | INFO | sqlalchemy.engine.Engine | ROLLBACK
2026-05-17 21:48:52 | INFO | sqlalchemy.engine.Engine | BEGIN (implicit)
2026-05-17 21:48:52 | INFO | sqlalchemy.engine.Engine | SELECT users.id, users.email, users.username, users.hashed_password, users.is_active, users.created_at 
FROM users 
WHERE users.username = $1::VARCHAR
2026-05-17 21:48:52 | INFO | sqlalchemy.engine.Engine | [cached since 656.2s ago] ('yyy',)
2026-05-17 21:48:52 | INFO | sqlalchemy.engine.Engine | SELECT ocr_tasks.id, ocr_tasks.celery_task_id, ocr_tasks.filename, ocr_tasks.file_path, ocr_tasks.status, ocr_tasks.created_at, ocr_tasks.completed_at, ocr_tasks.result, ocr_tasks.correction_log, ocr_tasks.model_version, ocr_tasks.inference_ms, ocr_tasks.avg_confidence, ocr_tasks.image_width, ocr_tasks.image_height, ocr_tasks.owner_id 
FROM ocr_tasks 
WHERE ocr_tasks.owner_id = $1::INTEGER ORDER BY ocr_tasks.created_at DESC 
 LIMIT $2::INTEGER OFFSET $3::INTEGER
2026-05-17 21:48:52 | INFO | sqlalchemy.engine.Engine | [cached since 655.8s ago] (4, 20, 0)
2026-05-17 21:48:52 | INFO | sqlalchemy.engine.Engine | ROLLBACK
2026-05-17 21:48:55 | INFO | sqlalchemy.engine.Engine | BEGIN (implicit)
2026-05-17 21:48:55 | INFO | sqlalchemy.engine.Engine | SELECT users.id, users.email, users.username, users.hashed_password, users.is_active, users.created_at 
FROM users 
WHERE users.username = $1::VARCHAR
2026-05-17 21:48:55 | INFO | sqlalchemy.engine.Engine | [cached since 659.2s ago] ('yyy',)
2026-05-17 21:48:55 | INFO | sqlalchemy.engine.Engine | SELECT ocr_tasks.id, ocr_tasks.celery_task_id, ocr_tasks.filename, ocr_tasks.file_path, ocr_tasks.status, ocr_tasks.created_at, ocr_tasks.completed_at, ocr_tasks.result, ocr_tasks.correction_log, ocr_tasks.model_version, ocr_tasks.inference_ms, ocr_tasks.avg_confidence, ocr_tasks.image_width, ocr_tasks.image_height, ocr_tasks.owner_id 
FROM ocr_tasks 
WHERE ocr_tasks.owner_id = $1::INTEGER ORDER BY ocr_tasks.created_at DESC 
 LIMIT $2::INTEGER OFFSET $3::INTEGER
2026-05-17 21:48:55 | INFO | sqlalchemy.engine.Engine | [cached since 658.8s ago] (4, 20, 0)
2026-05-17 21:48:55 | INFO | sqlalchemy.engine.Engine | ROLLBACK
2026-05-17 21:48:58 | INFO | sqlalchemy.engine.Engine | BEGIN (implicit)
2026-05-17 21:48:58 | INFO | sqlalchemy.engine.Engine | SELECT users.id, users.email, users.username, users.hashed_password, users.is_active, users.created_at 
FROM users 
WHERE users.username = $1::VARCHAR
2026-05-17 21:48:58 | INFO | sqlalchemy.engine.Engine | [cached since 662.2s ago] ('yyy',)
2026-05-17 21:48:58 | INFO | sqlalchemy.engine.Engine | SELECT ocr_tasks.id, ocr_tasks.celery_task_id, ocr_tasks.filename, ocr_tasks.file_path, ocr_tasks.status, ocr_tasks.created_at, ocr_tasks.completed_at, ocr_tasks.result, ocr_tasks.correction_log, ocr_tasks.model_version, ocr_tasks.inference_ms, ocr_tasks.avg_confidence, ocr_tasks.image_width, ocr_tasks.image_height, ocr_tasks.owner_id 
FROM ocr_tasks 
WHERE ocr_tasks.owner_id = $1::INTEGER ORDER BY ocr_tasks.created_at DESC 
 LIMIT $2::INTEGER OFFSET $3::INTEGER
2026-05-17 21:48:58 | INFO | sqlalchemy.engine.Engine | [cached since 661.8s ago] (4, 20, 0)
2026-05-17 21:48:58 | INFO | sqlalchemy.engine.Engine | ROLLBACK
2026-05-17 21:49:01 | INFO | sqlalchemy.engine.Engine | BEGIN (implicit)
2026-05-17 21:49:01 | INFO | sqlalchemy.engine.Engine | SELECT users.id, users.email, users.username, users.hashed_password, users.is_active, users.created_at 
FROM users 
WHERE users.username = $1::VARCHAR
2026-05-17 21:49:01 | INFO | sqlalchemy.engine.Engine | [cached since 665.2s ago] ('yyy',)
2026-05-17 21:49:01 | INFO | sqlalchemy.engine.Engine | BEGIN (implicit)
2026-05-17 21:49:01 | INFO | sqlalchemy.engine.Engine | SELECT users.id, users.email, users.username, users.hashed_password, users.is_active, users.created_at 
FROM users 
WHERE users.username = $1::VARCHAR
2026-05-17 21:49:01 | INFO | sqlalchemy.engine.Engine | [cached since 665.2s ago] ('yyy',)
2026-05-17 21:49:01 | INFO | sqlalchemy.engine.Engine | BEGIN (implicit)
2026-05-17 21:49:01 | INFO | sqlalchemy.engine.Engine | SELECT users.id, users.email, users.username, users.hashed_password, users.is_active, users.created_at 
FROM users 
WHERE users.username = $1::VARCHAR
2026-05-17 21:49:01 | INFO | sqlalchemy.engine.Engine | [cached since 665.2s ago] ('yyy',)
2026-05-17 21:49:01 | INFO | sqlalchemy.engine.Engine | SELECT count(*) AS count_1 
FROM system_logs 
WHERE system_logs.level = $1::VARCHAR AND system_logs.created_at >= $2::TIMESTAMP WITHOUT TIME ZONE
2026-05-17 21:49:01 | INFO | sqlalchemy.engine.Engine | [cached since 434.9s ago] ('ERROR', datetime.datetime(2026, 5, 16, 13, 49, 1, 673248))
2026-05-17 21:49:01 | INFO | sqlalchemy.engine.Engine | SELECT system_logs.id, system_logs.level, system_logs.source, system_logs.message, system_logs.detail, system_logs.path, system_logs.user_id, system_logs.created_at 
FROM system_logs ORDER BY system_logs.created_at DESC 
 LIMIT $1::INTEGER
2026-05-17 21:49:01 | INFO | sqlalchemy.engine.Engine | [cached since 434.9s ago] (30,)
2026-05-17 21:49:01 | INFO | sqlalchemy.engine.Engine | SELECT ocr_tasks.id, ocr_tasks.celery_task_id, ocr_tasks.filename, ocr_tasks.file_path, ocr_tasks.status, ocr_tasks.created_at, ocr_tasks.completed_at, ocr_tasks.result, ocr_tasks.correction_log, ocr_tasks.model_version, ocr_tasks.inference_ms, ocr_tasks.avg_confidence, ocr_tasks.image_width, ocr_tasks.image_height, ocr_tasks.owner_id 
FROM ocr_tasks 
WHERE ocr_tasks.owner_id = $1::INTEGER ORDER BY ocr_tasks.created_at DESC 
 LIMIT $2::INTEGER OFFSET $3::INTEGER
2026-05-17 21:49:01 | INFO | sqlalchemy.engine.Engine | [cached since 664.8s ago] (4, 20, 0)
2026-05-17 21:49:01 | INFO | sqlalchemy.engine.Engine | SELECT count(*) AS count_1 
FROM system_logs 
WHERE system_logs.level = $1::VARCHAR AND system_logs.created_at >= $2::TIMESTAMP WITHOUT TIME ZONE
2026-05-17 21:49:01 | INFO | sqlalchemy.engine.Engine | [cached since 434.9s ago] ('WARNING', datetime.datetime(2026, 5, 16, 13, 49, 1, 673248))
2026-05-17 21:49:01 | INFO | sqlalchemy.engine.Engine | SELECT count(*) AS count_1 
FROM system_logs 
WHERE system_logs.created_at >= $1::TIMESTAMP WITHOUT TIME ZONE
2026-05-17 21:49:01 | INFO | sqlalchemy.engine.Engine | [cached since 434.9s ago] (datetime.datetime(2026, 5, 16, 13, 49, 1, 673248),)
2026-05-17 21:49:01 | INFO | sqlalchemy.engine.Engine | ROLLBACK
2026-05-17 21:49:01 | INFO | sqlalchemy.engine.Engine | SELECT data_backup_records.id, data_backup_records.filename, data_backup_records.file_path, data_backup_records.size_bytes, data_backup_records.success, data_backup_records.error_message, data_backup_records.created_by_user_id, data_backup_records.created_at 
FROM data_backup_records ORDER BY data_backup_records.created_at DESC 
 LIMIT $1::INTEGER
2026-05-17 21:49:01 | INFO | sqlalchemy.engine.Engine | [cached since 434.9s ago] (1,)
2026-05-17 21:49:01 | INFO | sqlalchemy.engine.Engine | ROLLBACK
2026-05-17 21:49:01 | INFO | sqlalchemy.engine.Engine | ROLLBACK
2026-05-17 21:49:04 | INFO | sqlalchemy.engine.Engine | BEGIN (implicit)
2026-05-17 21:49:04 | INFO | sqlalchemy.engine.Engine | SELECT users.id, users.email, users.username, users.hashed_password, users.is_active, users.created_at 
FROM users 
WHERE users.username = $1::VARCHAR
2026-05-17 21:49:04 | INFO | sqlalchemy.engine.Engine | [cached since 668.2s ago] ('yyy',)
2026-05-17 21:49:04 | INFO | sqlalchemy.engine.Engine | SELECT ocr_tasks.id, ocr_tasks.celery_task_id, ocr_tasks.filename, ocr_tasks.file_path, ocr_tasks.status, ocr_tasks.created_at, ocr_tasks.completed_at, ocr_tasks.result, ocr_tasks.correction_log, ocr_tasks.model_version, ocr_tasks.inference_ms, ocr_tasks.avg_confidence, ocr_tasks.image_width, ocr_tasks.image_height, ocr_tasks.owner_id 
FROM ocr_tasks 
WHERE ocr_tasks.owner_id = $1::INTEGER ORDER BY ocr_tasks.created_at DESC 
 LIMIT $2::INTEGER OFFSET $3::INTEGER
2026-05-17 21:49:04 | INFO | sqlalchemy.engine.Engine | [cached since 667.8s ago] (4, 20, 0)
2026-05-17 21:49:04 | INFO | sqlalchemy.engine.Engine | ROLLBACK
2026-05-17 21:49:07 | INFO | sqlalchemy.engine.Engine | BEGIN (implicit)
2026-05-17 21:49:07 | INFO | sqlalchemy.engine.Engine | SELECT users.id, users.email, users.username, users.hashed_password, users.is_active, users.created_at 
FROM users 
WHERE users.username = $1::VARCHAR
2026-05-17 21:49:07 | INFO | sqlalchemy.engine.Engine | [cached since 671.2s ago] ('yyy',)
2026-05-17 21:49:07 | INFO | sqlalchemy.engine.Engine | SELECT ocr_tasks.id, ocr_tasks.celery_task_id, ocr_tasks.filename, ocr_tasks.file_path, ocr_tasks.status, ocr_tasks.created_at, ocr_tasks.completed_at, ocr_tasks.result, ocr_tasks.correction_log, ocr_tasks.model_version, ocr_tasks.inference_ms, ocr_tasks.avg_confidence, ocr_tasks.image_width, ocr_tasks.image_height, ocr_tasks.owner_id 
FROM ocr_tasks 
WHERE ocr_tasks.owner_id = $1::INTEGER ORDER BY ocr_tasks.created_at DESC 
 LIMIT $2::INTEGER OFFSET $3::INTEGER
2026-05-17 21:49:07 | INFO | sqlalchemy.engine.Engine | [cached since 670.8s ago] (4, 20, 0)
2026-05-17 21:49:07 | INFO | sqlalchemy.engine.Engine | ROLLBACK
2026-05-17 21:49:10 | INFO | sqlalchemy.engine.Engine | BEGIN (implicit)
2026-05-17 21:49:10 | INFO | sqlalchemy.engine.Engine | SELECT users.id, users.email, users.username, users.hashed_password, users.is_active, users.created_at 
FROM users 
WHERE users.username = $1::VARCHAR
2026-05-17 21:49:10 | INFO | sqlalchemy.engine.Engine | [cached since 674.2s ago] ('yyy',)
2026-05-17 21:49:10 | INFO | sqlalchemy.engine.Engine | SELECT ocr_tasks.id, ocr_tasks.celery_task_id, ocr_tasks.filename, ocr_tasks.file_path, ocr_tasks.status, ocr_tasks.created_at, ocr_tasks.completed_at, ocr_tasks.result, ocr_tasks.correction_log, ocr_tasks.model_version, ocr_tasks.inference_ms, ocr_tasks.avg_confidence, ocr_tasks.image_width, ocr_tasks.image_height, ocr_tasks.owner_id 
FROM ocr_tasks 
WHERE ocr_tasks.owner_id = $1::INTEGER ORDER BY ocr_tasks.created_at DESC 
 LIMIT $2::INTEGER OFFSET $3::INTEGER
2026-05-17 21:49:10 | INFO | sqlalchemy.engine.Engine | [cached since 673.8s ago] (4, 20, 0)
2026-05-17 21:49:10 | INFO | sqlalchemy.engine.Engine | ROLLBACK
2026-05-17 21:49:11 | INFO | sqlalchemy.engine.Engine | BEGIN (implicit)
2026-05-17 21:49:11 | INFO | sqlalchemy.engine.Engine | SELECT users.id, users.email, users.username, users.hashed_password, users.is_active, users.created_at 
FROM users 
WHERE users.username = $1::VARCHAR
2026-05-17 21:49:11 | INFO | sqlalchemy.engine.Engine | [cached since 674.6s ago] ('yyy',)
2026-05-17 21:49:11 | INFO | sqlalchemy.engine.Engine | SELECT date_trunc($1::VARCHAR, ocr_tasks.completed_at) AS bucket, avg(ocr_tasks.inference_ms) AS avg_ms, count(ocr_tasks.id) AS cnt 
FROM ocr_tasks 
WHERE ocr_tasks.owner_id = $2::INTEGER AND ocr_tasks.status = $3::taskstatus AND ocr_tasks.completed_at IS NOT NULL AND ocr_tasks.completed_at >= $4::TIMESTAMP WITHOUT TIME ZONE AND ocr_tasks.inference_ms IS NOT NULL GROUP BY date_trunc($1::VARCHAR, ocr_tasks.completed_at) ORDER BY bucket
2026-05-17 21:49:11 | INFO | sqlalchemy.engine.Engine | [cached since 444.3s ago] ('hour', 4, 'COMPLETED', datetime.datetime(2026, 5, 16, 13, 49, 11, 67333))
2026-05-17 21:49:11 | INFO | sqlalchemy.engine.Engine | SELECT ocr_tasks.id 
FROM ocr_tasks 
WHERE ocr_tasks.owner_id = $1::INTEGER AND ocr_tasks.status = $2::taskstatus AND ocr_tasks.avg_confidence IS NOT NULL AND ocr_tasks.avg_confidence < $3::FLOAT ORDER BY ocr_tasks.created_at DESC 
 LIMIT $4::INTEGER
2026-05-17 21:49:11 | INFO | sqlalchemy.engine.Engine | [cached since 444.2s ago] (4, 'COMPLETED', 0.8, 50)
2026-05-17 21:49:11 | INFO | sqlalchemy.engine.Engine | SELECT ocr_tasks.status, count(ocr_tasks.id) AS count_1 
FROM ocr_tasks 
WHERE ocr_tasks.owner_id = $1::INTEGER AND ocr_tasks.created_at >= $2::TIMESTAMP WITHOUT TIME ZONE GROUP BY ocr_tasks.status
2026-05-17 21:49:11 | INFO | sqlalchemy.engine.Engine | [cached since 444.2s ago] (4, datetime.datetime(2026, 5, 16, 13, 49, 11, 89726))
2026-05-17 21:49:11 | INFO | sqlalchemy.engine.Engine | ROLLBACK
2026-05-17 21:49:11 | INFO | sqlalchemy.engine.Engine | BEGIN (implicit)
2026-05-17 21:49:11 | INFO | sqlalchemy.engine.Engine | SELECT users.id, users.email, users.username, users.hashed_password, users.is_active, users.created_at 
FROM users 
WHERE users.username = $1::VARCHAR
2026-05-17 21:49:11 | INFO | sqlalchemy.engine.Engine | [cached since 674.7s ago] ('yyy',)
2026-05-17 21:49:11 | INFO | sqlalchemy.engine.Engine | SELECT ocr_tasks.id, ocr_tasks.celery_task_id, ocr_tasks.filename, ocr_tasks.file_path, ocr_tasks.status, ocr_tasks.created_at, ocr_tasks.completed_at, ocr_tasks.result, ocr_tasks.correction_log, ocr_tasks.model_version, ocr_tasks.inference_ms, ocr_tasks.avg_confidence, ocr_tasks.image_width, ocr_tasks.image_height, ocr_tasks.owner_id 
FROM ocr_tasks 
WHERE ocr_tasks.owner_id = $1::INTEGER AND (ocr_tasks.status = $2::taskstatus AND ocr_tasks.avg_confidence IS NOT NULL AND ocr_tasks.avg_confidence < $3::FLOAT OR ocr_tasks.status = $4::taskstatus) ORDER BY ocr_tasks.created_at DESC 
 LIMIT $5::INTEGER
2026-05-17 21:49:11 | INFO | sqlalchemy.engine.Engine | [cached since 444.3s ago] (4, 'COMPLETED', 0.8, 'FAILED', 30)
2026-05-17 21:49:11 | INFO | sqlalchemy.engine.Engine | ROLLBACK
2026-05-17 21:49:13 | INFO | sqlalchemy.engine.Engine | BEGIN (implicit)
2026-05-17 21:49:13 | INFO | sqlalchemy.engine.Engine | SELECT users.id, users.email, users.username, users.hashed_password, users.is_active, users.created_at 
FROM users 
WHERE users.username = $1::VARCHAR
2026-05-17 21:49:13 | INFO | sqlalchemy.engine.Engine | [cached since 676.7s ago] ('yyy',)
2026-05-17 21:49:13 | INFO | sqlalchemy.engine.Engine | SELECT ocr_tasks.id, ocr_tasks.celery_task_id, ocr_tasks.filename, ocr_tasks.file_path, ocr_tasks.status, ocr_tasks.created_at, ocr_tasks.completed_at, ocr_tasks.result, ocr_tasks.correction_log, ocr_tasks.model_version, ocr_tasks.inference_ms, ocr_tasks.avg_confidence, ocr_tasks.image_width, ocr_tasks.image_height, ocr_tasks.owner_id 
FROM ocr_tasks 
WHERE ocr_tasks.owner_id = $1::INTEGER ORDER BY ocr_tasks.created_at DESC 
 LIMIT $2::INTEGER OFFSET $3::INTEGER
2026-05-17 21:49:13 | INFO | sqlalchemy.engine.Engine | [cached since 676.3s ago] (4, 20, 0)
2026-05-17 21:49:13 | INFO | sqlalchemy.engine.Engine | ROLLBACK
2026-05-17 21:49:16 | INFO | sqlalchemy.engine.Engine | BEGIN (implicit)
2026-05-17 21:49:16 | INFO | sqlalchemy.engine.Engine | SELECT users.id, users.email, users.username, users.hashed_password, users.is_active, users.created_at 
FROM users 
WHERE users.username = $1::VARCHAR
2026-05-17 21:49:16 | INFO | sqlalchemy.engine.Engine | [cached since 679.7s ago] ('yyy',)
2026-05-17 21:49:16 | INFO | sqlalchemy.engine.Engine | BEGIN (implicit)
2026-05-17 21:49:16 | INFO | sqlalchemy.engine.Engine | SELECT users.id, users.email, users.username, users.hashed_password, users.is_active, users.created_at 
FROM users 
WHERE users.username = $1::VARCHAR
2026-05-17 21:49:16 | INFO | sqlalchemy.engine.Engine | [cached since 679.7s ago] ('yyy',)
2026-05-17 21:49:16 | INFO | sqlalchemy.engine.Engine | SELECT count(*) AS count_1 
FROM system_logs 
WHERE system_logs.level = $1::VARCHAR AND system_logs.created_at >= $2::TIMESTAMP WITHOUT TIME ZONE
2026-05-17 21:49:16 | INFO | sqlalchemy.engine.Engine | [cached since 449.4s ago] ('ERROR', datetime.datetime(2026, 5, 16, 13, 49, 16, 185193))
2026-05-17 21:49:16 | INFO | sqlalchemy.engine.Engine | SELECT system_logs.id, system_logs.level, system_logs.source, system_logs.message, system_logs.detail, system_logs.path, system_logs.user_id, system_logs.created_at 
FROM system_logs ORDER BY system_logs.created_at DESC 
 LIMIT $1::INTEGER
2026-05-17 21:49:16 | INFO | sqlalchemy.engine.Engine | [cached since 449.4s ago] (30,)
2026-05-17 21:49:16 | INFO | sqlalchemy.engine.Engine | SELECT count(*) AS count_1 
FROM system_logs 
WHERE system_logs.level = $1::VARCHAR AND system_logs.created_at >= $2::TIMESTAMP WITHOUT TIME ZONE
2026-05-17 21:49:16 | INFO | sqlalchemy.engine.Engine | [cached since 449.4s ago] ('WARNING', datetime.datetime(2026, 5, 16, 13, 49, 16, 185193))
2026-05-17 21:49:16 | INFO | sqlalchemy.engine.Engine | SELECT count(*) AS count_1 
FROM system_logs 
WHERE system_logs.created_at >= $1::TIMESTAMP WITHOUT TIME ZONE
2026-05-17 21:49:16 | INFO | sqlalchemy.engine.Engine | [cached since 449.4s ago] (datetime.datetime(2026, 5, 16, 13, 49, 16, 185193),)
2026-05-17 21:49:16 | INFO | sqlalchemy.engine.Engine | ROLLBACK
2026-05-17 21:49:16 | INFO | sqlalchemy.engine.Engine | SELECT data_backup_records.id, data_backup_records.filename, data_backup_records.file_path, data_backup_records.size_bytes, data_backup_records.success, data_backup_records.error_message, data_backup_records.created_by_user_id, data_backup_records.created_at 
FROM data_backup_records ORDER BY data_backup_records.created_at DESC 
 LIMIT $1::INTEGER
2026-05-17 21:49:16 | INFO | sqlalchemy.engine.Engine | [cached since 449.4s ago] (1,)
2026-05-17 21:49:16 | INFO | sqlalchemy.engine.Engine | ROLLBACK
2026-05-17 21:49:16 | INFO | sqlalchemy.engine.Engine | BEGIN (implicit)
2026-05-17 21:49:16 | INFO | sqlalchemy.engine.Engine | SELECT users.id, users.email, users.username, users.hashed_password, users.is_active, users.created_at 
FROM users 
WHERE users.username = $1::VARCHAR
2026-05-17 21:49:16 | INFO | sqlalchemy.engine.Engine | [cached since 679.8s ago] ('yyy',)
2026-05-17 21:49:16 | INFO | sqlalchemy.engine.Engine | SELECT ocr_tasks.id, ocr_tasks.celery_task_id, ocr_tasks.filename, ocr_tasks.file_path, ocr_tasks.status, ocr_tasks.created_at, ocr_tasks.completed_at, ocr_tasks.result, ocr_tasks.correction_log, ocr_tasks.model_version, ocr_tasks.inference_ms, ocr_tasks.avg_confidence, ocr_tasks.image_width, ocr_tasks.image_height, ocr_tasks.owner_id 
FROM ocr_tasks 
WHERE ocr_tasks.owner_id = $1::INTEGER ORDER BY ocr_tasks.created_at DESC 
 LIMIT $2::INTEGER OFFSET $3::INTEGER
2026-05-17 21:49:16 | INFO | sqlalchemy.engine.Engine | [cached since 679.4s ago] (4, 20, 0)
2026-05-17 21:49:16 | INFO | sqlalchemy.engine.Engine | ROLLBACK
2026-05-17 21:49:19 | INFO | sqlalchemy.engine.Engine | BEGIN (implicit)
2026-05-17 21:49:19 | INFO | sqlalchemy.engine.Engine | SELECT users.id, users.email, users.username, users.hashed_password, users.is_active, users.created_at 
FROM users 
WHERE users.username = $1::VARCHAR
2026-05-17 21:49:19 | INFO | sqlalchemy.engine.Engine | [cached since 682.7s ago] ('yyy',)
2026-05-17 21:49:19 | INFO | sqlalchemy.engine.Engine | SELECT ocr_tasks.id, ocr_tasks.celery_task_id, ocr_tasks.filename, ocr_tasks.file_path, ocr_tasks.status, ocr_tasks.created_at, ocr_tasks.completed_at, ocr_tasks.result, ocr_tasks.correction_log, ocr_tasks.model_version, ocr_tasks.inference_ms, ocr_tasks.avg_confidence, ocr_tasks.image_width, ocr_tasks.image_height, ocr_tasks.owner_id 
FROM ocr_tasks 
WHERE ocr_tasks.owner_id = $1::INTEGER ORDER BY ocr_tasks.created_at DESC 
 LIMIT $2::INTEGER OFFSET $3::INTEGER
2026-05-17 21:49:19 | INFO | sqlalchemy.engine.Engine | [cached since 682.3s ago] (4, 20, 0)
2026-05-17 21:49:19 | INFO | sqlalchemy.engine.Engine | ROLLBACK
2026-05-17 21:49:21 | INFO | sqlalchemy.engine.Engine | BEGIN (implicit)
2026-05-17 21:49:21 | INFO | sqlalchemy.engine.Engine | SELECT users.id, users.email, users.username, users.hashed_password, users.is_active, users.created_at 
FROM users 
WHERE users.username = $1::VARCHAR
2026-05-17 21:49:21 | INFO | sqlalchemy.engine.Engine | [cached since 684.7s ago] ('yyy',)
2026-05-17 21:49:21 | INFO | sqlalchemy.engine.Engine | SELECT date_trunc($1::VARCHAR, ocr_tasks.completed_at) AS bucket, avg(ocr_tasks.inference_ms) AS avg_ms, count(ocr_tasks.id) AS cnt 
FROM ocr_tasks 
WHERE ocr_tasks.owner_id = $2::INTEGER AND ocr_tasks.status = $3::taskstatus AND ocr_tasks.completed_at IS NOT NULL AND ocr_tasks.completed_at >= $4::TIMESTAMP WITHOUT TIME ZONE AND ocr_tasks.inference_ms IS NOT NULL GROUP BY date_trunc($1::VARCHAR, ocr_tasks.completed_at) ORDER BY bucket
2026-05-17 21:49:21 | INFO | sqlalchemy.engine.Engine | [cached since 454.3s ago] ('hour', 4, 'COMPLETED', datetime.datetime(2026, 5, 16, 13, 49, 21, 130998))
2026-05-17 21:49:21 | INFO | sqlalchemy.engine.Engine | SELECT ocr_tasks.id 
FROM ocr_tasks 
WHERE ocr_tasks.owner_id = $1::INTEGER AND ocr_tasks.status = $2::taskstatus AND ocr_tasks.avg_confidence IS NOT NULL AND ocr_tasks.avg_confidence < $3::FLOAT ORDER BY ocr_tasks.created_at DESC 
 LIMIT $4::INTEGER
2026-05-17 21:49:21 | INFO | sqlalchemy.engine.Engine | [cached since 454.3s ago] (4, 'COMPLETED', 0.8, 50)
2026-05-17 21:49:21 | INFO | sqlalchemy.engine.Engine | SELECT ocr_tasks.status, count(ocr_tasks.id) AS count_1 
FROM ocr_tasks 
WHERE ocr_tasks.owner_id = $1::INTEGER AND ocr_tasks.created_at >= $2::TIMESTAMP WITHOUT TIME ZONE GROUP BY ocr_tasks.status
2026-05-17 21:49:21 | INFO | sqlalchemy.engine.Engine | [cached since 454.3s ago] (4, datetime.datetime(2026, 5, 16, 13, 49, 21, 148353))
2026-05-17 21:49:21 | INFO | sqlalchemy.engine.Engine | ROLLBACK
2026-05-17 21:49:22 | INFO | sqlalchemy.engine.Engine | BEGIN (implicit)
2026-05-17 21:49:22 | INFO | sqlalchemy.engine.Engine | SELECT users.id, users.email, users.username, users.hashed_password, users.is_active, users.created_at 
FROM users 
WHERE users.username = $1::VARCHAR
2026-05-17 21:49:22 | INFO | sqlalchemy.engine.Engine | [cached since 685.7s ago] ('yyy',)
2026-05-17 21:49:22 | INFO | sqlalchemy.engine.Engine | SELECT ocr_tasks.id, ocr_tasks.celery_task_id, ocr_tasks.filename, ocr_tasks.file_path, ocr_tasks.status, ocr_tasks.created_at, ocr_tasks.completed_at, ocr_tasks.result, ocr_tasks.correction_log, ocr_tasks.model_version, ocr_tasks.inference_ms, ocr_tasks.avg_confidence, ocr_tasks.image_width, ocr_tasks.image_height, ocr_tasks.owner_id 
FROM ocr_tasks 
WHERE ocr_tasks.owner_id = $1::INTEGER ORDER BY ocr_tasks.created_at DESC 
 LIMIT $2::INTEGER OFFSET $3::INTEGER
2026-05-17 21:49:22 | INFO | sqlalchemy.engine.Engine | [cached since 685.3s ago] (4, 20, 0)
2026-05-17 21:49:22 | INFO | sqlalchemy.engine.Engine | ROLLBACK
2026-05-17 21:49:23 | INFO | sqlalchemy.engine.Engine | BEGIN (implicit)
2026-05-17 21:49:23 | INFO | sqlalchemy.engine.Engine | SELECT users.id, users.email, users.username, users.hashed_password, users.is_active, users.created_at 
FROM users 
WHERE users.username = $1::VARCHAR
2026-05-17 21:49:23 | INFO | sqlalchemy.engine.Engine | [cached since 686.7s ago] ('yyy',)
2026-05-17 21:49:23 | INFO | sqlalchemy.engine.Engine | SELECT ocr_tasks.id, ocr_tasks.celery_task_id, ocr_tasks.filename, ocr_tasks.file_path, ocr_tasks.status, ocr_tasks.created_at, ocr_tasks.completed_at, ocr_tasks.result, ocr_tasks.correction_log, ocr_tasks.model_version, ocr_tasks.inference_ms, ocr_tasks.avg_confidence, ocr_tasks.image_width, ocr_tasks.image_height, ocr_tasks.owner_id 
FROM ocr_tasks 
WHERE ocr_tasks.owner_id = $1::INTEGER AND (ocr_tasks.status = $2::taskstatus AND ocr_tasks.avg_confidence IS NOT NULL AND ocr_tasks.avg_confidence < $3::FLOAT OR ocr_tasks.status = $4::taskstatus) ORDER BY ocr_tasks.created_at DESC 
 LIMIT $5::INTEGER
2026-05-17 21:49:23 | INFO | sqlalchemy.engine.Engine | [cached since 456.4s ago] (4, 'COMPLETED', 0.8, 'FAILED', 30)
2026-05-17 21:49:23 | INFO | sqlalchemy.engine.Engine | ROLLBACK
2026-05-17 21:49:25 | INFO | sqlalchemy.engine.Engine | BEGIN (implicit)
2026-05-17 21:49:25 | INFO | sqlalchemy.engine.Engine | SELECT users.id, users.email, users.username, users.hashed_password, users.is_active, users.created_at 
FROM users 
WHERE users.username = $1::VARCHAR
2026-05-17 21:49:25 | INFO | sqlalchemy.engine.Engine | [cached since 689.2s ago] ('yyy',)
2026-05-17 21:49:25 | INFO | sqlalchemy.engine.Engine | SELECT ocr_tasks.id, ocr_tasks.celery_task_id, ocr_tasks.filename, ocr_tasks.file_path, ocr_tasks.status, ocr_tasks.created_at, ocr_tasks.completed_at, ocr_tasks.result, ocr_tasks.correction_log, ocr_tasks.model_version, ocr_tasks.inference_ms, ocr_tasks.avg_confidence, ocr_tasks.image_width, ocr_tasks.image_height, ocr_tasks.owner_id 
FROM ocr_tasks 
WHERE ocr_tasks.owner_id = $1::INTEGER ORDER BY ocr_tasks.created_at DESC 
 LIMIT $2::INTEGER OFFSET $3::INTEGER
2026-05-17 21:49:25 | INFO | sqlalchemy.engine.Engine | [cached since 688.8s ago] (4, 20, 0)
2026-05-17 21:49:25 | INFO | sqlalchemy.engine.Engine | ROLLBACK
2026-05-17 21:49:28 | INFO | sqlalchemy.engine.Engine | BEGIN (implicit)
2026-05-17 21:49:28 | INFO | sqlalchemy.engine.Engine | SELECT users.id, users.email, users.username, users.hashed_password, users.is_active, users.created_at 
FROM users 
WHERE users.username = $1::VARCHAR
2026-05-17 21:49:28 | INFO | sqlalchemy.engine.Engine | [cached since 692.2s ago] ('yyy',)
2026-05-17 21:49:28 | INFO | sqlalchemy.engine.Engine | SELECT ocr_tasks.id, ocr_tasks.celery_task_id, ocr_tasks.filename, ocr_tasks.file_path, ocr_tasks.status, ocr_tasks.created_at, ocr_tasks.completed_at, ocr_tasks.result, ocr_tasks.correction_log, ocr_tasks.model_version, ocr_tasks.inference_ms, ocr_tasks.avg_confidence, ocr_tasks.image_width, ocr_tasks.image_height, ocr_tasks.owner_id 
FROM ocr_tasks 
WHERE ocr_tasks.owner_id = $1::INTEGER ORDER BY ocr_tasks.created_at DESC 
 LIMIT $2::INTEGER OFFSET $3::INTEGER
2026-05-17 21:49:28 | INFO | sqlalchemy.engine.Engine | [cached since 691.8s ago] (4, 20, 0)
2026-05-17 21:49:28 | INFO | sqlalchemy.engine.Engine | ROLLBACK
2026-05-17 21:49:31 | INFO | sqlalchemy.engine.Engine | BEGIN (implicit)
2026-05-17 21:49:31 | INFO | sqlalchemy.engine.Engine | SELECT users.id, users.email, users.username, users.hashed_password, users.is_active, users.created_at 
FROM users 
WHERE users.username = $1::VARCHAR
2026-05-17 21:49:31 | INFO | sqlalchemy.engine.Engine | [cached since 695.2s ago] ('yyy',)
2026-05-17 21:49:31 | INFO | sqlalchemy.engine.Engine | BEGIN (implicit)
2026-05-17 21:49:31 | INFO | sqlalchemy.engine.Engine | SELECT users.id, users.email, users.username, users.hashed_password, users.is_active, users.created_at 
FROM users 
WHERE users.username = $1::VARCHAR
2026-05-17 21:49:31 | INFO | sqlalchemy.engine.Engine | [cached since 695.2s ago] ('yyy',)
2026-05-17 21:49:31 | INFO | sqlalchemy.engine.Engine | SELECT count(*) AS count_1 
FROM system_logs 
WHERE system_logs.level = $1::VARCHAR AND system_logs.created_at >= $2::TIMESTAMP WITHOUT TIME ZONE
2026-05-17 21:49:31 | INFO | sqlalchemy.engine.Engine | [cached since 464.8s ago] ('ERROR', datetime.datetime(2026, 5, 16, 13, 49, 31, 645997))
2026-05-17 21:49:31 | INFO | sqlalchemy.engine.Engine | SELECT system_logs.id, system_logs.level, system_logs.source, system_logs.message, system_logs.detail, system_logs.path, system_logs.user_id, system_logs.created_at 
FROM system_logs ORDER BY system_logs.created_at DESC 
 LIMIT $1::INTEGER
2026-05-17 21:49:31 | INFO | sqlalchemy.engine.Engine | [cached since 464.8s ago] (30,)
2026-05-17 21:49:31 | INFO | sqlalchemy.engine.Engine | SELECT count(*) AS count_1 
FROM system_logs 
WHERE system_logs.level = $1::VARCHAR AND system_logs.created_at >= $2::TIMESTAMP WITHOUT TIME ZONE
2026-05-17 21:49:31 | INFO | sqlalchemy.engine.Engine | [cached since 464.8s ago] ('WARNING', datetime.datetime(2026, 5, 16, 13, 49, 31, 645997))
2026-05-17 21:49:31 | INFO | sqlalchemy.engine.Engine | SELECT count(*) AS count_1 
FROM system_logs 
WHERE system_logs.created_at >= $1::TIMESTAMP WITHOUT TIME ZONE
2026-05-17 21:49:31 | INFO | sqlalchemy.engine.Engine | [cached since 464.8s ago] (datetime.datetime(2026, 5, 16, 13, 49, 31, 645997),)
2026-05-17 21:49:31 | INFO | sqlalchemy.engine.Engine | ROLLBACK
2026-05-17 21:49:31 | INFO | sqlalchemy.engine.Engine | SELECT data_backup_records.id, data_backup_records.filename, data_backup_records.file_path, data_backup_records.size_bytes, data_backup_records.success, data_backup_records.error_message, data_backup_records.created_by_user_id, data_backup_records.created_at 
FROM data_backup_records ORDER BY data_backup_records.created_at DESC 
 LIMIT $1::INTEGER
2026-05-17 21:49:31 | INFO | sqlalchemy.engine.Engine | [cached since 464.8s ago] (1,)
2026-05-17 21:49:31 | INFO | sqlalchemy.engine.Engine | ROLLBACK
2026-05-17 21:49:31 | INFO | sqlalchemy.engine.Engine | BEGIN (implicit)
2026-05-17 21:49:31 | INFO | sqlalchemy.engine.Engine | SELECT users.id, users.email, users.username, users.hashed_password, users.is_active, users.created_at 
FROM users 
WHERE users.username = $1::VARCHAR
2026-05-17 21:49:31 | INFO | sqlalchemy.engine.Engine | [cached since 695.2s ago] ('yyy',)
2026-05-17 21:49:31 | INFO | sqlalchemy.engine.Engine | SELECT ocr_tasks.id, ocr_tasks.celery_task_id, ocr_tasks.filename, ocr_tasks.file_path, ocr_tasks.status, ocr_tasks.created_at, ocr_tasks.completed_at, ocr_tasks.result, ocr_tasks.correction_log, ocr_tasks.model_version, ocr_tasks.inference_ms, ocr_tasks.avg_confidence, ocr_tasks.image_width, ocr_tasks.image_height, ocr_tasks.owner_id 
FROM ocr_tasks 
WHERE ocr_tasks.owner_id = $1::INTEGER ORDER BY ocr_tasks.created_at DESC 
 LIMIT $2::INTEGER OFFSET $3::INTEGER
2026-05-17 21:49:31 | INFO | sqlalchemy.engine.Engine | [cached since 694.9s ago] (4, 20, 0)
2026-05-17 21:49:31 | INFO | sqlalchemy.engine.Engine | ROLLBACK
2026-05-17 21:49:34 | INFO | sqlalchemy.engine.Engine | BEGIN (implicit)
2026-05-17 21:49:34 | INFO | sqlalchemy.engine.Engine | SELECT users.id, users.email, users.username, users.hashed_password, users.is_active, users.created_at 
FROM users 
WHERE users.username = $1::VARCHAR
2026-05-17 21:49:34 | INFO | sqlalchemy.engine.Engine | [cached since 698.2s ago] ('yyy',)
2026-05-17 21:49:34 | INFO | sqlalchemy.engine.Engine | SELECT ocr_tasks.id, ocr_tasks.celery_task_id, ocr_tasks.filename, ocr_tasks.file_path, ocr_tasks.status, ocr_tasks.created_at, ocr_tasks.completed_at, ocr_tasks.result, ocr_tasks.correction_log, ocr_tasks.model_version, ocr_tasks.inference_ms, ocr_tasks.avg_confidence, ocr_tasks.image_width, ocr_tasks.image_height, ocr_tasks.owner_id 
FROM ocr_tasks 
WHERE ocr_tasks.owner_id = $1::INTEGER ORDER BY ocr_tasks.created_at DESC 
 LIMIT $2::INTEGER OFFSET $3::INTEGER
2026-05-17 21:49:34 | INFO | sqlalchemy.engine.Engine | [cached since 697.8s ago] (4, 20, 0)
2026-05-17 21:49:34 | INFO | sqlalchemy.engine.Engine | ROLLBACK
2026-05-17 21:49:37 | INFO | sqlalchemy.engine.Engine | BEGIN (implicit)
2026-05-17 21:49:37 | INFO | sqlalchemy.engine.Engine | SELECT users.id, users.email, users.username, users.hashed_password, users.is_active, users.created_at 
FROM users 
WHERE users.username = $1::VARCHAR
2026-05-17 21:49:37 | INFO | sqlalchemy.engine.Engine | [cached since 701.5s ago] ('yyy',)
2026-05-17 21:49:37 | INFO | sqlalchemy.engine.Engine | SELECT ocr_tasks.id, ocr_tasks.celery_task_id, ocr_tasks.filename, ocr_tasks.file_path, ocr_tasks.status, ocr_tasks.created_at, ocr_tasks.completed_at, ocr_tasks.result, ocr_tasks.correction_log, ocr_tasks.model_version, ocr_tasks.inference_ms, ocr_tasks.avg_confidence, ocr_tasks.image_width, ocr_tasks.image_height, ocr_tasks.owner_id 
FROM ocr_tasks 
WHERE ocr_tasks.owner_id = $1::INTEGER ORDER BY ocr_tasks.created_at DESC 
 LIMIT $2::INTEGER OFFSET $3::INTEGER
2026-05-17 21:49:37 | INFO | sqlalchemy.engine.Engine | [cached since 701.1s ago] (4, 20, 0)
2026-05-17 21:49:37 | INFO | sqlalchemy.engine.Engine | ROLLBACK
2026-05-17 21:49:38 | INFO | sqlalchemy.engine.Engine | BEGIN (implicit)
2026-05-17 21:49:38 | INFO | sqlalchemy.engine.Engine | SELECT users.id, users.email, users.username, users.hashed_password, users.is_active, users.created_at 
FROM users 
WHERE users.username = $1::VARCHAR
2026-05-17 21:49:38 | INFO | sqlalchemy.engine.Engine | [cached since 702.2s ago] ('yyy',)
2026-05-17 21:49:38 | INFO | sqlalchemy.engine.Engine | BEGIN (implicit)
2026-05-17 21:49:38 | INFO | sqlalchemy.engine.Engine | SELECT users.id, users.email, users.username, users.hashed_password, users.is_active, users.created_at 
FROM users 
WHERE users.username = $1::VARCHAR
2026-05-17 21:49:38 | INFO | sqlalchemy.engine.Engine | [cached since 702.2s ago] ('yyy',)
2026-05-17 21:49:38 | INFO | sqlalchemy.engine.Engine | SELECT date_trunc($1::VARCHAR, ocr_tasks.completed_at) AS bucket, avg(ocr_tasks.inference_ms) AS avg_ms, count(ocr_tasks.id) AS cnt 
FROM ocr_tasks 
WHERE ocr_tasks.owner_id = $2::INTEGER AND ocr_tasks.status = $3::taskstatus AND ocr_tasks.completed_at IS NOT NULL AND ocr_tasks.completed_at >= $4::TIMESTAMP WITHOUT TIME ZONE AND ocr_tasks.inference_ms IS NOT NULL GROUP BY date_trunc($1::VARCHAR, ocr_tasks.completed_at) ORDER BY bucket
2026-05-17 21:49:38 | INFO | sqlalchemy.engine.Engine | [cached since 471.9s ago] ('hour', 4, 'COMPLETED', datetime.datetime(2026, 5, 16, 13, 49, 38, 664959))
2026-05-17 21:49:38 | INFO | sqlalchemy.engine.Engine | SELECT ocr_tasks.id, ocr_tasks.celery_task_id, ocr_tasks.filename, ocr_tasks.file_path, ocr_tasks.status, ocr_tasks.created_at, ocr_tasks.completed_at, ocr_tasks.result, ocr_tasks.correction_log, ocr_tasks.model_version, ocr_tasks.inference_ms, ocr_tasks.avg_confidence, ocr_tasks.image_width, ocr_tasks.image_height, ocr_tasks.owner_id 
FROM ocr_tasks 
WHERE ocr_tasks.owner_id = $1::INTEGER AND (ocr_tasks.status = $2::taskstatus AND ocr_tasks.avg_confidence IS NOT NULL AND ocr_tasks.avg_confidence < $3::FLOAT OR ocr_tasks.status = $4::taskstatus) ORDER BY ocr_tasks.created_at DESC 
 LIMIT $5::INTEGER
2026-05-17 21:49:38 | INFO | sqlalchemy.engine.Engine | [cached since 471.9s ago] (4, 'COMPLETED', 0.8, 'FAILED', 30)
2026-05-17 21:49:38 | INFO | sqlalchemy.engine.Engine | SELECT ocr_tasks.id 
FROM ocr_tasks 
WHERE ocr_tasks.owner_id = $1::INTEGER AND ocr_tasks.status = $2::taskstatus AND ocr_tasks.avg_confidence IS NOT NULL AND ocr_tasks.avg_confidence < $3::FLOAT ORDER BY ocr_tasks.created_at DESC 
 LIMIT $4::INTEGER
2026-05-17 21:49:38 | INFO | sqlalchemy.engine.Engine | [cached since 471.8s ago] (4, 'COMPLETED', 0.8, 50)
2026-05-17 21:49:38 | INFO | sqlalchemy.engine.Engine | ROLLBACK
2026-05-17 21:49:38 | INFO | sqlalchemy.engine.Engine | SELECT ocr_tasks.status, count(ocr_tasks.id) AS count_1 
FROM ocr_tasks 
WHERE ocr_tasks.owner_id = $1::INTEGER AND ocr_tasks.created_at >= $2::TIMESTAMP WITHOUT TIME ZONE GROUP BY ocr_tasks.status
2026-05-17 21:49:38 | INFO | sqlalchemy.engine.Engine | [cached since 471.8s ago] (4, datetime.datetime(2026, 5, 16, 13, 49, 38, 687522))
2026-05-17 21:49:38 | INFO | sqlalchemy.engine.Engine | ROLLBACK
2026-05-17 21:49:38 | INFO | sqlalchemy.engine.Engine | BEGIN (implicit)
2026-05-17 21:49:38 | INFO | sqlalchemy.engine.Engine | SELECT users.id, users.email, users.username, users.hashed_password, users.is_active, users.created_at 
FROM users 
WHERE users.username = $1::VARCHAR
2026-05-17 21:49:38 | INFO | sqlalchemy.engine.Engine | [cached since 702.3s ago] ('yyy',)
2026-05-17 21:49:38 | INFO | sqlalchemy.engine.Engine | SELECT ocr_tasks.id, ocr_tasks.celery_task_id, ocr_tasks.filename, ocr_tasks.file_path, ocr_tasks.status, ocr_tasks.created_at, ocr_tasks.completed_at, ocr_tasks.result, ocr_tasks.correction_log, ocr_tasks.model_version, ocr_tasks.inference_ms, ocr_tasks.avg_confidence, ocr_tasks.image_width, ocr_tasks.image_height, ocr_tasks.owner_id 
FROM ocr_tasks 
WHERE ocr_tasks.owner_id = $1::INTEGER ORDER BY ocr_tasks.created_at DESC 
 LIMIT $2::INTEGER OFFSET $3::INTEGER
2026-05-17 21:49:38 | INFO | sqlalchemy.engine.Engine | [cached since 701.9s ago] (4, 20, 0)
2026-05-17 21:49:38 | INFO | sqlalchemy.engine.Engine | BEGIN (implicit)
2026-05-17 21:49:38 | INFO | sqlalchemy.engine.Engine | SELECT users.id, users.email, users.username, users.hashed_password, users.is_active, users.created_at 
FROM users 
WHERE users.username = $1::VARCHAR
2026-05-17 21:49:38 | INFO | sqlalchemy.engine.Engine | [cached since 702.3s ago] ('yyy',)
2026-05-17 21:49:38 | INFO | sqlalchemy.engine.Engine | SELECT count(*) AS count_1 
FROM system_logs 
WHERE system_logs.level = $1::VARCHAR AND system_logs.created_at >= $2::TIMESTAMP WITHOUT TIME ZONE
2026-05-17 21:49:38 | INFO | sqlalchemy.engine.Engine | [cached since 472s ago] ('ERROR', datetime.datetime(2026, 5, 16, 13, 49, 38, 773515))
2026-05-17 21:49:38 | INFO | sqlalchemy.engine.Engine | SELECT count(*) AS count_1 
FROM system_logs 
WHERE system_logs.level = $1::VARCHAR AND system_logs.created_at >= $2::TIMESTAMP WITHOUT TIME ZONE
2026-05-17 21:49:38 | INFO | sqlalchemy.engine.Engine | [cached since 472s ago] ('WARNING', datetime.datetime(2026, 5, 16, 13, 49, 38, 773515))
2026-05-17 21:49:38 | INFO | sqlalchemy.engine.Engine | SELECT count(*) AS count_1 
FROM system_logs 
WHERE system_logs.created_at >= $1::TIMESTAMP WITHOUT TIME ZONE
2026-05-17 21:49:38 | INFO | sqlalchemy.engine.Engine | [cached since 472s ago] (datetime.datetime(2026, 5, 16, 13, 49, 38, 773515),)
2026-05-17 21:49:38 | INFO | sqlalchemy.engine.Engine | SELECT data_backup_records.id, data_backup_records.filename, data_backup_records.file_path, data_backup_records.size_bytes, data_backup_records.success, data_backup_records.error_message, data_backup_records.created_by_user_id, data_backup_records.created_at 
FROM data_backup_records ORDER BY data_backup_records.created_at DESC 
 LIMIT $1::INTEGER
2026-05-17 21:49:38 | INFO | sqlalchemy.engine.Engine | [cached since 472s ago] (1,)
2026-05-17 21:49:38 | INFO | sqlalchemy.engine.Engine | ROLLBACK
2026-05-17 21:49:38 | INFO | sqlalchemy.engine.Engine | ROLLBACK
2026-05-17 21:49:38 | INFO | sqlalchemy.engine.Engine | BEGIN (implicit)
2026-05-17 21:49:38 | INFO | sqlalchemy.engine.Engine | SELECT users.id, users.email, users.username, users.hashed_password, users.is_active, users.created_at 
FROM users 
WHERE users.username = $1::VARCHAR
2026-05-17 21:49:38 | INFO | sqlalchemy.engine.Engine | [cached since 702.4s ago] ('yyy',)
2026-05-17 21:49:38 | INFO | sqlalchemy.engine.Engine | SELECT system_logs.id, system_logs.level, system_logs.source, system_logs.message, system_logs.detail, system_logs.path, system_logs.user_id, system_logs.created_at 
FROM system_logs ORDER BY system_logs.created_at DESC 
 LIMIT $1::INTEGER
2026-05-17 21:49:38 | INFO | sqlalchemy.engine.Engine | [cached since 472s ago] (30,)
2026-05-17 21:49:38 | INFO | sqlalchemy.engine.Engine | ROLLBACK
2026-05-17 21:49:41 | INFO | sqlalchemy.engine.Engine | BEGIN (implicit)
2026-05-17 21:49:41 | INFO | sqlalchemy.engine.Engine | SELECT users.id, users.email, users.username, users.hashed_password, users.is_active, users.created_at 
FROM users 
WHERE users.username = $1::VARCHAR
2026-05-17 21:49:41 | INFO | sqlalchemy.engine.Engine | [cached since 705.2s ago] ('yyy',)
2026-05-17 21:49:41 | INFO | sqlalchemy.engine.Engine | SELECT ocr_tasks.id, ocr_tasks.celery_task_id, ocr_tasks.filename, ocr_tasks.file_path, ocr_tasks.status, ocr_tasks.created_at, ocr_tasks.completed_at, ocr_tasks.result, ocr_tasks.correction_log, ocr_tasks.model_version, ocr_tasks.inference_ms, ocr_tasks.avg_confidence, ocr_tasks.image_width, ocr_tasks.image_height, ocr_tasks.owner_id 
FROM ocr_tasks 
WHERE ocr_tasks.owner_id = $1::INTEGER ORDER BY ocr_tasks.created_at DESC 
 LIMIT $2::INTEGER OFFSET $3::INTEGER
2026-05-17 21:49:41 | INFO | sqlalchemy.engine.Engine | [cached since 704.8s ago] (4, 20, 0)
2026-05-17 21:49:41 | INFO | sqlalchemy.engine.Engine | ROLLBACK
2026-05-17 21:49:42 | INFO | sqlalchemy.engine.Engine | BEGIN (implicit)
2026-05-17 21:49:42 | INFO | sqlalchemy.engine.Engine | SELECT users.id, users.email, users.username, users.hashed_password, users.is_active, users.created_at 
FROM users 
WHERE users.username = $1::VARCHAR
2026-05-17 21:49:42 | INFO | sqlalchemy.engine.Engine | [cached since 706.3s ago] ('yyy',)
2026-05-17 21:49:42 | INFO | sqlalchemy.engine.Engine | SELECT ocr_tasks.id, ocr_tasks.celery_task_id, ocr_tasks.filename, ocr_tasks.file_path, ocr_tasks.status, ocr_tasks.created_at, ocr_tasks.completed_at, ocr_tasks.result, ocr_tasks.correction_log, ocr_tasks.model_version, ocr_tasks.inference_ms, ocr_tasks.avg_confidence, ocr_tasks.image_width, ocr_tasks.image_height, ocr_tasks.owner_id 
FROM ocr_tasks 
WHERE ocr_tasks.owner_id = $1::INTEGER AND ocr_tasks.created_at >= $2::TIMESTAMP WITHOUT TIME ZONE ORDER BY ocr_tasks.created_at DESC 
 LIMIT $3::INTEGER OFFSET $4::INTEGER
2026-05-17 21:49:42 | INFO | sqlalchemy.engine.Engine | [cached since 475.1s ago] (4, datetime.datetime(2026, 5, 10, 13, 49, 42, 806389), 100, 0)
2026-05-17 21:49:42 | INFO | sqlalchemy.engine.Engine | ROLLBACK
2026-05-17 21:49:42 | INFO | sqlalchemy.engine.Engine | BEGIN (implicit)
2026-05-17 21:49:42 | INFO | sqlalchemy.engine.Engine | SELECT users.id, users.email, users.username, users.hashed_password, users.is_active, users.created_at 
FROM users 
WHERE users.username = $1::VARCHAR
2026-05-17 21:49:42 | INFO | sqlalchemy.engine.Engine | [cached since 706.4s ago] ('yyy',)
2026-05-17 21:49:42 | INFO | sqlalchemy.engine.Engine | SELECT ocr_tasks.id, ocr_tasks.celery_task_id, ocr_tasks.filename, ocr_tasks.file_path, ocr_tasks.status, ocr_tasks.created_at, ocr_tasks.completed_at, ocr_tasks.result, ocr_tasks.correction_log, ocr_tasks.model_version, ocr_tasks.inference_ms, ocr_tasks.avg_confidence, ocr_tasks.image_width, ocr_tasks.image_height, ocr_tasks.owner_id 
FROM ocr_tasks 
WHERE ocr_tasks.owner_id = $1::INTEGER AND ocr_tasks.created_at >= $2::TIMESTAMP WITHOUT TIME ZONE ORDER BY ocr_tasks.created_at DESC 
 LIMIT $3::INTEGER OFFSET $4::INTEGER
2026-05-17 21:49:42 | INFO | sqlalchemy.engine.Engine | [cached since 475.2s ago] (4, datetime.datetime(2026, 5, 10, 13, 49, 42, 884033), 100, 0)
2026-05-17 21:49:42 | INFO | sqlalchemy.engine.Engine | ROLLBACK
2026-05-17 21:49:44 | INFO | sqlalchemy.engine.Engine | BEGIN (implicit)
2026-05-17 21:49:44 | INFO | sqlalchemy.engine.Engine | SELECT users.id, users.email, users.username, users.hashed_password, users.is_active, users.created_at 
FROM users 
WHERE users.username = $1::VARCHAR
2026-05-17 21:49:44 | INFO | sqlalchemy.engine.Engine | [cached since 708.3s ago] ('yyy',)
2026-05-17 21:49:44 | INFO | sqlalchemy.engine.Engine | BEGIN (implicit)
2026-05-17 21:49:44 | INFO | sqlalchemy.engine.Engine | SELECT users.id, users.email, users.username, users.hashed_password, users.is_active, users.created_at 
FROM users 
WHERE users.username = $1::VARCHAR
2026-05-17 21:49:44 | INFO | sqlalchemy.engine.Engine | [cached since 708.3s ago] ('yyy',)
2026-05-17 21:49:44 | INFO | sqlalchemy.engine.Engine | BEGIN (implicit)
2026-05-17 21:49:44 | INFO | sqlalchemy.engine.Engine | SELECT users.id, users.email, users.username, users.hashed_password, users.is_active, users.created_at 
FROM users 
WHERE users.username = $1::VARCHAR
2026-05-17 21:49:44 | INFO | sqlalchemy.engine.Engine | [cached since 708.3s ago] ('yyy',)
2026-05-17 21:49:44 | INFO | sqlalchemy.engine.Engine | BEGIN (implicit)
2026-05-17 21:49:44 | INFO | sqlalchemy.engine.Engine | SELECT users.id, users.email, users.username, users.hashed_password, users.is_active, users.created_at 
FROM users 
WHERE users.username = $1::VARCHAR
2026-05-17 21:49:44 | INFO | sqlalchemy.engine.Engine | [cached since 708.3s ago] ('yyy',)
2026-05-17 21:49:44 | INFO | sqlalchemy.engine.Engine | BEGIN (implicit)
2026-05-17 21:49:44 | INFO | sqlalchemy.engine.Engine | SELECT users.id, users.email, users.username, users.hashed_password, users.is_active, users.created_at 
FROM users 
WHERE users.username = $1::VARCHAR
2026-05-17 21:49:44 | INFO | sqlalchemy.engine.Engine | [cached since 708.3s ago] ('yyy',)
2026-05-17 21:49:44 | INFO | sqlalchemy.engine.Engine | SELECT date_trunc($1::VARCHAR, ocr_tasks.completed_at) AS bucket, avg(ocr_tasks.inference_ms) AS avg_ms, count(ocr_tasks.id) AS cnt 
FROM ocr_tasks 
WHERE ocr_tasks.owner_id = $2::INTEGER AND ocr_tasks.status = $3::taskstatus AND ocr_tasks.completed_at IS NOT NULL AND ocr_tasks.completed_at >= $4::TIMESTAMP WITHOUT TIME ZONE AND ocr_tasks.inference_ms IS NOT NULL GROUP BY date_trunc($1::VARCHAR, ocr_tasks.completed_at) ORDER BY bucket
2026-05-17 21:49:44 | INFO | sqlalchemy.engine.Engine | [cached since 478s ago] ('hour', 4, 'COMPLETED', datetime.datetime(2026, 5, 16, 13, 49, 44, 787751))
2026-05-17 21:49:44 | INFO | sqlalchemy.engine.Engine | SELECT ocr_tasks.id, ocr_tasks.celery_task_id, ocr_tasks.filename, ocr_tasks.file_path, ocr_tasks.status, ocr_tasks.created_at, ocr_tasks.completed_at, ocr_tasks.result, ocr_tasks.correction_log, ocr_tasks.model_version, ocr_tasks.inference_ms, ocr_tasks.avg_confidence, ocr_tasks.image_width, ocr_tasks.image_height, ocr_tasks.owner_id 
FROM ocr_tasks 
WHERE ocr_tasks.owner_id = $1::INTEGER ORDER BY ocr_tasks.created_at DESC 
 LIMIT $2::INTEGER OFFSET $3::INTEGER
2026-05-17 21:49:44 | INFO | sqlalchemy.engine.Engine | [cached since 708s ago] (4, 20, 0)
2026-05-17 21:49:44 | INFO | sqlalchemy.engine.Engine | SELECT count(*) AS count_1 
FROM system_logs 
WHERE system_logs.level = $1::VARCHAR AND system_logs.created_at >= $2::TIMESTAMP WITHOUT TIME ZONE
2026-05-17 21:49:44 | INFO | sqlalchemy.engine.Engine | [cached since 478s ago] ('ERROR', datetime.datetime(2026, 5, 16, 13, 49, 44, 791160))
2026-05-17 21:49:44 | INFO | sqlalchemy.engine.Engine | SELECT system_logs.id, system_logs.level, system_logs.source, system_logs.message, system_logs.detail, system_logs.path, system_logs.user_id, system_logs.created_at 
FROM system_logs ORDER BY system_logs.created_at DESC 
 LIMIT $1::INTEGER
2026-05-17 21:49:44 | INFO | sqlalchemy.engine.Engine | [cached since 478s ago] (30,)
2026-05-17 21:49:44 | INFO | sqlalchemy.engine.Engine | SELECT ocr_tasks.id, ocr_tasks.celery_task_id, ocr_tasks.filename, ocr_tasks.file_path, ocr_tasks.status, ocr_tasks.created_at, ocr_tasks.completed_at, ocr_tasks.result, ocr_tasks.correction_log, ocr_tasks.model_version, ocr_tasks.inference_ms, ocr_tasks.avg_confidence, ocr_tasks.image_width, ocr_tasks.image_height, ocr_tasks.owner_id 
FROM ocr_tasks 
WHERE ocr_tasks.owner_id = $1::INTEGER AND (ocr_tasks.status = $2::taskstatus AND ocr_tasks.avg_confidence IS NOT NULL AND ocr_tasks.avg_confidence < $3::FLOAT OR ocr_tasks.status = $4::taskstatus) ORDER BY ocr_tasks.created_at DESC 
 LIMIT $5::INTEGER
2026-05-17 21:49:44 | INFO | sqlalchemy.engine.Engine | [cached since 478s ago] (4, 'COMPLETED', 0.8, 'FAILED', 30)
2026-05-17 21:49:44 | INFO | sqlalchemy.engine.Engine | SELECT count(*) AS count_1 
FROM system_logs 
WHERE system_logs.level = $1::VARCHAR AND system_logs.created_at >= $2::TIMESTAMP WITHOUT TIME ZONE
2026-05-17 21:49:44 | INFO | sqlalchemy.engine.Engine | [cached since 478s ago] ('WARNING', datetime.datetime(2026, 5, 16, 13, 49, 44, 791160))
2026-05-17 21:49:44 | INFO | sqlalchemy.engine.Engine | SELECT count(*) AS count_1 
FROM system_logs 
WHERE system_logs.created_at >= $1::TIMESTAMP WITHOUT TIME ZONE
2026-05-17 21:49:44 | INFO | sqlalchemy.engine.Engine | [cached since 478s ago] (datetime.datetime(2026, 5, 16, 13, 49, 44, 791160),)
2026-05-17 21:49:44 | INFO | sqlalchemy.engine.Engine | ROLLBACK
2026-05-17 21:49:44 | INFO | sqlalchemy.engine.Engine | SELECT data_backup_records.id, data_backup_records.filename, data_backup_records.file_path, data_backup_records.size_bytes, data_backup_records.success, data_backup_records.error_message, data_backup_records.created_by_user_id, data_backup_records.created_at 
FROM data_backup_records ORDER BY data_backup_records.created_at DESC 
 LIMIT $1::INTEGER
2026-05-17 21:49:44 | INFO | sqlalchemy.engine.Engine | [cached since 478s ago] (1,)
2026-05-17 21:49:44 | INFO | sqlalchemy.engine.Engine | ROLLBACK
2026-05-17 21:49:44 | INFO | sqlalchemy.engine.Engine | ROLLBACK
2026-05-17 21:49:44 | INFO | sqlalchemy.engine.Engine | BEGIN (implicit)
2026-05-17 21:49:44 | INFO | sqlalchemy.engine.Engine | SELECT users.id, users.email, users.username, users.hashed_password, users.is_active, users.created_at 
FROM users 
WHERE users.username = $1::VARCHAR
2026-05-17 21:49:44 | INFO | sqlalchemy.engine.Engine | [cached since 708.4s ago] ('yyy',)
2026-05-17 21:49:44 | INFO | sqlalchemy.engine.Engine | SELECT ocr_tasks.id 
FROM ocr_tasks 
WHERE ocr_tasks.owner_id = $1::INTEGER AND ocr_tasks.status = $2::taskstatus AND ocr_tasks.avg_confidence IS NOT NULL AND ocr_tasks.avg_confidence < $3::FLOAT ORDER BY ocr_tasks.created_at DESC 
 LIMIT $4::INTEGER
2026-05-17 21:49:44 | INFO | sqlalchemy.engine.Engine | [cached since 478s ago] (4, 'COMPLETED', 0.8, 50)
2026-05-17 21:49:44 | INFO | sqlalchemy.engine.Engine | ROLLBACK
2026-05-17 21:49:44 | INFO | sqlalchemy.engine.Engine | SELECT ocr_tasks.status, count(ocr_tasks.id) AS count_1 
FROM ocr_tasks 
WHERE ocr_tasks.owner_id = $1::INTEGER AND ocr_tasks.created_at >= $2::TIMESTAMP WITHOUT TIME ZONE GROUP BY ocr_tasks.status
2026-05-17 21:49:44 | INFO | sqlalchemy.engine.Engine | [cached since 478s ago] (4, datetime.datetime(2026, 5, 16, 13, 49, 44, 869087))
2026-05-17 21:49:44 | INFO | sqlalchemy.engine.Engine | SELECT system_logs.id, system_logs.level, system_logs.source, system_logs.message, system_logs.detail, system_logs.path, system_logs.user_id, system_logs.created_at 
FROM system_logs ORDER BY system_logs.created_at DESC 
 LIMIT $1::INTEGER
2026-05-17 21:49:44 | INFO | sqlalchemy.engine.Engine | [cached since 478.1s ago] (30,)
2026-05-17 21:49:44 | INFO | sqlalchemy.engine.Engine | BEGIN (implicit)
2026-05-17 21:49:44 | INFO | sqlalchemy.engine.Engine | SELECT users.id, users.email, users.username, users.hashed_password, users.is_active, users.created_at 
FROM users 
WHERE users.username = $1::VARCHAR
2026-05-17 21:49:44 | INFO | sqlalchemy.engine.Engine | [cached since 708.4s ago] ('yyy',)
2026-05-17 21:49:44 | INFO | sqlalchemy.engine.Engine | ROLLBACK
2026-05-17 21:49:44 | INFO | sqlalchemy.engine.Engine | BEGIN (implicit)
2026-05-17 21:49:44 | INFO | sqlalchemy.engine.Engine | SELECT users.id, users.email, users.username, users.hashed_password, users.is_active, users.created_at 
FROM users 
WHERE users.username = $1::VARCHAR
2026-05-17 21:49:44 | INFO | sqlalchemy.engine.Engine | [cached since 708.5s ago] ('yyy',)
2026-05-17 21:49:44 | INFO | sqlalchemy.engine.Engine | ROLLBACK
2026-05-17 21:49:44 | INFO | sqlalchemy.engine.Engine | SELECT count(*) AS count_1 
FROM system_logs 
WHERE system_logs.level = $1::VARCHAR AND system_logs.created_at >= $2::TIMESTAMP WITHOUT TIME ZONE
2026-05-17 21:49:44 | INFO | sqlalchemy.engine.Engine | [cached since 478.1s ago] ('ERROR', datetime.datetime(2026, 5, 16, 13, 49, 44, 944562))
2026-05-17 21:49:44 | INFO | sqlalchemy.engine.Engine | SELECT count(*) AS count_1 
FROM system_logs 
WHERE system_logs.level = $1::VARCHAR AND system_logs.created_at >= $2::TIMESTAMP WITHOUT TIME ZONE
2026-05-17 21:49:44 | INFO | sqlalchemy.engine.Engine | [cached since 478.1s ago] ('WARNING', datetime.datetime(2026, 5, 16, 13, 49, 44, 944562))
2026-05-17 21:49:44 | INFO | sqlalchemy.engine.Engine | SELECT count(*) AS count_1 
FROM system_logs 
WHERE system_logs.created_at >= $1::TIMESTAMP WITHOUT TIME ZONE
2026-05-17 21:49:44 | INFO | sqlalchemy.engine.Engine | [cached since 478.1s ago] (datetime.datetime(2026, 5, 16, 13, 49, 44, 944562),)
2026-05-17 21:49:44 | INFO | sqlalchemy.engine.Engine | SELECT ocr_tasks.id, ocr_tasks.celery_task_id, ocr_tasks.filename, ocr_tasks.file_path, ocr_tasks.status, ocr_tasks.created_at, ocr_tasks.completed_at, ocr_tasks.result, ocr_tasks.correction_log, ocr_tasks.model_version, ocr_tasks.inference_ms, ocr_tasks.avg_confidence, ocr_tasks.image_width, ocr_tasks.image_height, ocr_tasks.owner_id 
FROM ocr_tasks 
WHERE ocr_tasks.owner_id = $1::INTEGER ORDER BY ocr_tasks.created_at DESC 
 LIMIT $2::INTEGER OFFSET $3::INTEGER
2026-05-17 21:49:44 | INFO | sqlalchemy.engine.Engine | [cached since 708.1s ago] (4, 20, 0)
2026-05-17 21:49:44 | INFO | sqlalchemy.engine.Engine | SELECT data_backup_records.id, data_backup_records.filename, data_backup_records.file_path, data_backup_records.size_bytes, data_backup_records.success, data_backup_records.error_message, data_backup_records.created_by_user_id, data_backup_records.created_at 
FROM data_backup_records ORDER BY data_backup_records.created_at DESC 
 LIMIT $1::INTEGER
2026-05-17 21:49:44 | INFO | sqlalchemy.engine.Engine | [cached since 478.1s ago] (1,)
2026-05-17 21:49:44 | INFO | sqlalchemy.engine.Engine | ROLLBACK
2026-05-17 21:49:44 | INFO | sqlalchemy.engine.Engine | ROLLBACK
2026-05-17 21:49:45 | INFO | sqlalchemy.engine.Engine | BEGIN (implicit)
2026-05-17 21:49:45 | INFO | sqlalchemy.engine.Engine | SELECT users.id, users.email, users.username, users.hashed_password, users.is_active, users.created_at 
FROM users 
WHERE users.username = $1::VARCHAR
2026-05-17 21:49:45 | INFO | sqlalchemy.engine.Engine | [cached since 709.3s ago] ('yyy',)
2026-05-17 21:49:45 | INFO | sqlalchemy.engine.Engine | SELECT ocr_tasks.id, ocr_tasks.celery_task_id, ocr_tasks.filename, ocr_tasks.file_path, ocr_tasks.status, ocr_tasks.created_at, ocr_tasks.completed_at, ocr_tasks.result, ocr_tasks.correction_log, ocr_tasks.model_version, ocr_tasks.inference_ms, ocr_tasks.avg_confidence, ocr_tasks.image_width, ocr_tasks.image_height, ocr_tasks.owner_id 
FROM ocr_tasks 
WHERE ocr_tasks.owner_id = $1::INTEGER ORDER BY ocr_tasks.created_at DESC 
 LIMIT $2::INTEGER OFFSET $3::INTEGER
2026-05-17 21:49:45 | INFO | sqlalchemy.engine.Engine | [cached since 708.9s ago] (4, 20, 0)
2026-05-17 21:49:45 | INFO | sqlalchemy.engine.Engine | ROLLBACK
2026-05-17 21:49:45 | INFO | sqlalchemy.engine.Engine | BEGIN (implicit)
2026-05-17 21:49:45 | INFO | sqlalchemy.engine.Engine | SELECT users.id, users.email, users.username, users.hashed_password, users.is_active, users.created_at 
FROM users 
WHERE users.username = $1::VARCHAR
2026-05-17 21:49:45 | INFO | sqlalchemy.engine.Engine | [cached since 709.3s ago] ('yyy',)
2026-05-17 21:49:45 | INFO | sqlalchemy.engine.Engine | SELECT ocr_tasks.id, ocr_tasks.celery_task_id, ocr_tasks.filename, ocr_tasks.file_path, ocr_tasks.status, ocr_tasks.created_at, ocr_tasks.completed_at, ocr_tasks.result, ocr_tasks.correction_log, ocr_tasks.model_version, ocr_tasks.inference_ms, ocr_tasks.avg_confidence, ocr_tasks.image_width, ocr_tasks.image_height, ocr_tasks.owner_id 
FROM ocr_tasks 
WHERE ocr_tasks.owner_id = $1::INTEGER ORDER BY ocr_tasks.created_at DESC 
 LIMIT $2::INTEGER OFFSET $3::INTEGER
2026-05-17 21:49:45 | INFO | sqlalchemy.engine.Engine | [cached since 709s ago] (4, 20, 0)
2026-05-17 21:49:45 | INFO | sqlalchemy.engine.Engine | ROLLBACK
2026-05-17 21:49:47 | INFO | sqlalchemy.engine.Engine | BEGIN (implicit)
2026-05-17 21:49:47 | INFO | sqlalchemy.engine.Engine | SELECT users.id, users.email, users.username, users.hashed_password, users.is_active, users.created_at 
FROM users 
WHERE users.username = $1::VARCHAR
2026-05-17 21:49:47 | INFO | sqlalchemy.engine.Engine | [cached since 710.8s ago] ('yyy',)
2026-05-17 21:49:47 | INFO | sqlalchemy.engine.Engine | BEGIN (implicit)
2026-05-17 21:49:47 | INFO | sqlalchemy.engine.Engine | SELECT users.id, users.email, users.username, users.hashed_password, users.is_active, users.created_at 
FROM users 
WHERE users.username = $1::VARCHAR
2026-05-17 21:49:47 | INFO | sqlalchemy.engine.Engine | [cached since 710.9s ago] ('yyy',)
2026-05-17 21:49:47 | INFO | sqlalchemy.engine.Engine | BEGIN (implicit)
2026-05-17 21:49:47 | INFO | sqlalchemy.engine.Engine | SELECT users.id, users.email, users.username, users.hashed_password, users.is_active, users.created_at 
FROM users 
WHERE users.username = $1::VARCHAR
2026-05-17 21:49:47 | INFO | sqlalchemy.engine.Engine | [cached since 710.9s ago] ('yyy',)
2026-05-17 21:49:47 | INFO | sqlalchemy.engine.Engine | BEGIN (implicit)
2026-05-17 21:49:47 | INFO | sqlalchemy.engine.Engine | SELECT users.id, users.email, users.username, users.hashed_password, users.is_active, users.created_at 
FROM users 
WHERE users.username = $1::VARCHAR
2026-05-17 21:49:47 | INFO | sqlalchemy.engine.Engine | [cached since 710.9s ago] ('yyy',)
2026-05-17 21:49:47 | INFO | sqlalchemy.engine.Engine | BEGIN (implicit)
2026-05-17 21:49:47 | INFO | sqlalchemy.engine.Engine | SELECT users.id, users.email, users.username, users.hashed_password, users.is_active, users.created_at 
FROM users 
WHERE users.username = $1::VARCHAR
2026-05-17 21:49:47 | INFO | sqlalchemy.engine.Engine | [cached since 710.9s ago] ('yyy',)
2026-05-17 21:49:47 | INFO | sqlalchemy.engine.Engine | SELECT ocr_tasks.id, ocr_tasks.celery_task_id, ocr_tasks.filename, ocr_tasks.file_path, ocr_tasks.status, ocr_tasks.created_at, ocr_tasks.completed_at, ocr_tasks.result, ocr_tasks.correction_log, ocr_tasks.model_version, ocr_tasks.inference_ms, ocr_tasks.avg_confidence, ocr_tasks.image_width, ocr_tasks.image_height, ocr_tasks.owner_id 
FROM ocr_tasks 
WHERE ocr_tasks.owner_id = $1::INTEGER AND (ocr_tasks.status = $2::taskstatus AND ocr_tasks.avg_confidence IS NOT NULL AND ocr_tasks.avg_confidence < $3::FLOAT OR ocr_tasks.status = $4::taskstatus) ORDER BY ocr_tasks.created_at DESC 
 LIMIT $5::INTEGER
2026-05-17 21:49:47 | INFO | sqlalchemy.engine.Engine | [cached since 480.5s ago] (4, 'COMPLETED', 0.8, 'FAILED', 30)
2026-05-17 21:49:47 | INFO | sqlalchemy.engine.Engine | SELECT count(*) AS count_1 
FROM system_logs 
WHERE system_logs.level = $1::VARCHAR AND system_logs.created_at >= $2::TIMESTAMP WITHOUT TIME ZONE
2026-05-17 21:49:47 | INFO | sqlalchemy.engine.Engine | [cached since 480.5s ago] ('ERROR', datetime.datetime(2026, 5, 16, 13, 49, 47, 326117))
2026-05-17 21:49:47 | INFO | sqlalchemy.engine.Engine | SELECT system_logs.id, system_logs.level, system_logs.source, system_logs.message, system_logs.detail, system_logs.path, system_logs.user_id, system_logs.created_at 
FROM system_logs ORDER BY system_logs.created_at DESC 
 LIMIT $1::INTEGER
2026-05-17 21:49:47 | INFO | sqlalchemy.engine.Engine | [cached since 480.5s ago] (30,)
2026-05-17 21:49:47 | INFO | sqlalchemy.engine.Engine | SELECT date_trunc($1::VARCHAR, ocr_tasks.completed_at) AS bucket, avg(ocr_tasks.inference_ms) AS avg_ms, count(ocr_tasks.id) AS cnt 
FROM ocr_tasks 
WHERE ocr_tasks.owner_id = $2::INTEGER AND ocr_tasks.status = $3::taskstatus AND ocr_tasks.completed_at IS NOT NULL AND ocr_tasks.completed_at >= $4::TIMESTAMP WITHOUT TIME ZONE AND ocr_tasks.inference_ms IS NOT NULL GROUP BY date_trunc($1::VARCHAR, ocr_tasks.completed_at) ORDER BY bucket
2026-05-17 21:49:47 | INFO | sqlalchemy.engine.Engine | [cached since 480.5s ago] ('hour', 4, 'COMPLETED', datetime.datetime(2026, 5, 16, 13, 49, 47, 330661))
2026-05-17 21:49:47 | INFO | sqlalchemy.engine.Engine | SELECT ocr_tasks.id, ocr_tasks.celery_task_id, ocr_tasks.filename, ocr_tasks.file_path, ocr_tasks.status, ocr_tasks.created_at, ocr_tasks.completed_at, ocr_tasks.result, ocr_tasks.correction_log, ocr_tasks.model_version, ocr_tasks.inference_ms, ocr_tasks.avg_confidence, ocr_tasks.image_width, ocr_tasks.image_height, ocr_tasks.owner_id 
FROM ocr_tasks 
WHERE ocr_tasks.owner_id = $1::INTEGER ORDER BY ocr_tasks.created_at DESC 
 LIMIT $2::INTEGER OFFSET $3::INTEGER
2026-05-17 21:49:47 | INFO | sqlalchemy.engine.Engine | [cached since 710.5s ago] (4, 20, 0)
2026-05-17 21:49:47 | INFO | sqlalchemy.engine.Engine | SELECT count(*) AS count_1 
FROM system_logs 
WHERE system_logs.level = $1::VARCHAR AND system_logs.created_at >= $2::TIMESTAMP WITHOUT TIME ZONE
2026-05-17 21:49:47 | INFO | sqlalchemy.engine.Engine | [cached since 480.5s ago] ('WARNING', datetime.datetime(2026, 5, 16, 13, 49, 47, 326117))
2026-05-17 21:49:47 | INFO | sqlalchemy.engine.Engine | SELECT count(*) AS count_1 
FROM system_logs 
WHERE system_logs.created_at >= $1::TIMESTAMP WITHOUT TIME ZONE
2026-05-17 21:49:47 | INFO | sqlalchemy.engine.Engine | [cached since 480.5s ago] (datetime.datetime(2026, 5, 16, 13, 49, 47, 326117),)
2026-05-17 21:49:47 | INFO | sqlalchemy.engine.Engine | ROLLBACK
2026-05-17 21:49:47 | INFO | sqlalchemy.engine.Engine | SELECT data_backup_records.id, data_backup_records.filename, data_backup_records.file_path, data_backup_records.size_bytes, data_backup_records.success, data_backup_records.error_message, data_backup_records.created_by_user_id, data_backup_records.created_at 
FROM data_backup_records ORDER BY data_backup_records.created_at DESC 
 LIMIT $1::INTEGER
2026-05-17 21:49:47 | INFO | sqlalchemy.engine.Engine | [cached since 480.5s ago] (1,)
2026-05-17 21:49:47 | INFO | sqlalchemy.engine.Engine | ROLLBACK
2026-05-17 21:49:47 | INFO | sqlalchemy.engine.Engine | BEGIN (implicit)
2026-05-17 21:49:47 | INFO | sqlalchemy.engine.Engine | SELECT users.id, users.email, users.username, users.hashed_password, users.is_active, users.created_at 
FROM users 
WHERE users.username = $1::VARCHAR
2026-05-17 21:49:47 | INFO | sqlalchemy.engine.Engine | [cached since 710.9s ago] ('yyy',)
2026-05-17 21:49:47 | INFO | sqlalchemy.engine.Engine | ROLLBACK
2026-05-17 21:49:47 | INFO | sqlalchemy.engine.Engine | SELECT ocr_tasks.id 
FROM ocr_tasks 
WHERE ocr_tasks.owner_id = $1::INTEGER AND ocr_tasks.status = $2::taskstatus AND ocr_tasks.avg_confidence IS NOT NULL AND ocr_tasks.avg_confidence < $3::FLOAT ORDER BY ocr_tasks.created_at DESC 
 LIMIT $4::INTEGER
2026-05-17 21:49:47 | INFO | sqlalchemy.engine.Engine | [cached since 480.5s ago] (4, 'COMPLETED', 0.8, 50)
2026-05-17 21:49:47 | INFO | sqlalchemy.engine.Engine | SELECT system_logs.id, system_logs.level, system_logs.source, system_logs.message, system_logs.detail, system_logs.path, system_logs.user_id, system_logs.created_at 
FROM system_logs ORDER BY system_logs.created_at DESC 
 LIMIT $1::INTEGER
2026-05-17 21:49:47 | INFO | sqlalchemy.engine.Engine | [cached since 480.6s ago] (30,)
2026-05-17 21:49:47 | INFO | sqlalchemy.engine.Engine | BEGIN (implicit)
2026-05-17 21:49:47 | INFO | sqlalchemy.engine.Engine | SELECT users.id, users.email, users.username, users.hashed_password, users.is_active, users.created_at 
FROM users 
WHERE users.username = $1::VARCHAR
2026-05-17 21:49:47 | INFO | sqlalchemy.engine.Engine | [cached since 711s ago] ('yyy',)
2026-05-17 21:49:47 | INFO | sqlalchemy.engine.Engine | ROLLBACK
2026-05-17 21:49:47 | INFO | sqlalchemy.engine.Engine | SELECT ocr_tasks.status, count(ocr_tasks.id) AS count_1 
FROM ocr_tasks 
WHERE ocr_tasks.owner_id = $1::INTEGER AND ocr_tasks.created_at >= $2::TIMESTAMP WITHOUT TIME ZONE GROUP BY ocr_tasks.status
2026-05-17 21:49:47 | INFO | sqlalchemy.engine.Engine | [cached since 480.5s ago] (4, datetime.datetime(2026, 5, 16, 13, 49, 47, 429427))
2026-05-17 21:49:47 | INFO | sqlalchemy.engine.Engine | ROLLBACK
2026-05-17 21:49:47 | INFO | sqlalchemy.engine.Engine | SELECT count(*) AS count_1 
FROM system_logs 
WHERE system_logs.level = $1::VARCHAR AND system_logs.created_at >= $2::TIMESTAMP WITHOUT TIME ZONE
2026-05-17 21:49:47 | INFO | sqlalchemy.engine.Engine | [cached since 480.6s ago] ('ERROR', datetime.datetime(2026, 5, 16, 13, 49, 47, 441349))
2026-05-17 21:49:47 | INFO | sqlalchemy.engine.Engine | ROLLBACK
2026-05-17 21:49:47 | INFO | sqlalchemy.engine.Engine | SELECT count(*) AS count_1 
FROM system_logs 
WHERE system_logs.level = $1::VARCHAR AND system_logs.created_at >= $2::TIMESTAMP WITHOUT TIME ZONE
2026-05-17 21:49:47 | INFO | sqlalchemy.engine.Engine | [cached since 480.6s ago] ('WARNING', datetime.datetime(2026, 5, 16, 13, 49, 47, 441349))
2026-05-17 21:49:47 | INFO | sqlalchemy.engine.Engine | SELECT count(*) AS count_1 
FROM system_logs 
WHERE system_logs.created_at >= $1::TIMESTAMP WITHOUT TIME ZONE
2026-05-17 21:49:47 | INFO | sqlalchemy.engine.Engine | [cached since 480.7s ago] (datetime.datetime(2026, 5, 16, 13, 49, 47, 441349),)
2026-05-17 21:49:47 | INFO | sqlalchemy.engine.Engine | BEGIN (implicit)
2026-05-17 21:49:47 | INFO | sqlalchemy.engine.Engine | SELECT users.id, users.email, users.username, users.hashed_password, users.is_active, users.created_at 
FROM users 
WHERE users.username = $1::VARCHAR
2026-05-17 21:49:47 | INFO | sqlalchemy.engine.Engine | [cached since 711s ago] ('yyy',)
2026-05-17 21:49:47 | INFO | sqlalchemy.engine.Engine | SELECT data_backup_records.id, data_backup_records.filename, data_backup_records.file_path, data_backup_records.size_bytes, data_backup_records.success, data_backup_records.error_message, data_backup_records.created_by_user_id, data_backup_records.created_at 
FROM data_backup_records ORDER BY data_backup_records.created_at DESC 
 LIMIT $1::INTEGER
2026-05-17 21:49:47 | INFO | sqlalchemy.engine.Engine | [cached since 480.7s ago] (1,)
2026-05-17 21:49:47 | INFO | sqlalchemy.engine.Engine | SELECT ocr_tasks.id, ocr_tasks.celery_task_id, ocr_tasks.filename, ocr_tasks.file_path, ocr_tasks.status, ocr_tasks.created_at, ocr_tasks.completed_at, ocr_tasks.result, ocr_tasks.correction_log, ocr_tasks.model_version, ocr_tasks.inference_ms, ocr_tasks.avg_confidence, ocr_tasks.image_width, ocr_tasks.image_height, ocr_tasks.owner_id 
FROM ocr_tasks 
WHERE ocr_tasks.owner_id = $1::INTEGER ORDER BY ocr_tasks.created_at DESC 
 LIMIT $2::INTEGER OFFSET $3::INTEGER
2026-05-17 21:49:47 | INFO | sqlalchemy.engine.Engine | [cached since 710.7s ago] (4, 20, 0)
2026-05-17 21:49:47 | INFO | sqlalchemy.engine.Engine | ROLLBACK
2026-05-17 21:49:47 | INFO | sqlalchemy.engine.Engine | ROLLBACK
2026-05-17 21:49:50 | INFO | sqlalchemy.engine.Engine | BEGIN (implicit)
2026-05-17 21:49:50 | INFO | sqlalchemy.engine.Engine | SELECT users.id, users.email, users.username, users.hashed_password, users.is_active, users.created_at 
FROM users 
WHERE users.username = $1::VARCHAR
2026-05-17 21:49:50 | INFO | sqlalchemy.engine.Engine | [cached since 714.2s ago] ('yyy',)
2026-05-17 21:49:50 | INFO | sqlalchemy.engine.Engine | SELECT ocr_tasks.id, ocr_tasks.celery_task_id, ocr_tasks.filename, ocr_tasks.file_path, ocr_tasks.status, ocr_tasks.created_at, ocr_tasks.completed_at, ocr_tasks.result, ocr_tasks.correction_log, ocr_tasks.model_version, ocr_tasks.inference_ms, ocr_tasks.avg_confidence, ocr_tasks.image_width, ocr_tasks.image_height, ocr_tasks.owner_id 
FROM ocr_tasks 
WHERE ocr_tasks.owner_id = $1::INTEGER ORDER BY ocr_tasks.created_at DESC 
 LIMIT $2::INTEGER OFFSET $3::INTEGER
2026-05-17 21:49:50 | INFO | sqlalchemy.engine.Engine | [cached since 713.8s ago] (4, 20, 0)
2026-05-17 21:49:50 | INFO | sqlalchemy.engine.Engine | ROLLBACK
2026-05-17 21:49:53 | INFO | sqlalchemy.engine.Engine | BEGIN (implicit)
2026-05-17 21:49:53 | INFO | sqlalchemy.engine.Engine | SELECT users.id, users.email, users.username, users.hashed_password, users.is_active, users.created_at 
FROM users 
WHERE users.username = $1::VARCHAR
2026-05-17 21:49:53 | INFO | sqlalchemy.engine.Engine | [cached since 717.2s ago] ('yyy',)
2026-05-17 21:49:53 | INFO | sqlalchemy.engine.Engine | SELECT ocr_tasks.id, ocr_tasks.celery_task_id, ocr_tasks.filename, ocr_tasks.file_path, ocr_tasks.status, ocr_tasks.created_at, ocr_tasks.completed_at, ocr_tasks.result, ocr_tasks.correction_log, ocr_tasks.model_version, ocr_tasks.inference_ms, ocr_tasks.avg_confidence, ocr_tasks.image_width, ocr_tasks.image_height, ocr_tasks.owner_id 
FROM ocr_tasks 
WHERE ocr_tasks.owner_id = $1::INTEGER ORDER BY ocr_tasks.created_at DESC 
 LIMIT $2::INTEGER OFFSET $3::INTEGER
2026-05-17 21:49:53 | INFO | sqlalchemy.engine.Engine | [cached since 716.8s ago] (4, 20, 0)
2026-05-17 21:49:53 | INFO | sqlalchemy.engine.Engine | ROLLBACK
2026-05-17 21:49:55 | INFO | sqlalchemy.engine.Engine | BEGIN (implicit)
2026-05-17 21:49:55 | INFO | sqlalchemy.engine.Engine | SELECT users.id, users.email, users.username, users.hashed_password, users.is_active, users.created_at 
FROM users 
WHERE users.username = $1::VARCHAR
2026-05-17 21:49:55 | INFO | sqlalchemy.engine.Engine | [cached since 719.2s ago] ('yyy',)
2026-05-17 21:49:55 | INFO | sqlalchemy.engine.Engine | SELECT date_trunc($1::VARCHAR, ocr_tasks.completed_at) AS bucket, avg(ocr_tasks.inference_ms) AS avg_ms, count(ocr_tasks.id) AS cnt 
FROM ocr_tasks 
WHERE ocr_tasks.owner_id = $2::INTEGER AND ocr_tasks.status = $3::taskstatus AND ocr_tasks.completed_at IS NOT NULL AND ocr_tasks.completed_at >= $4::TIMESTAMP WITHOUT TIME ZONE AND ocr_tasks.inference_ms IS NOT NULL GROUP BY date_trunc($1::VARCHAR, ocr_tasks.completed_at) ORDER BY bucket
2026-05-17 21:49:55 | INFO | sqlalchemy.engine.Engine | [cached since 488.9s ago] ('hour', 4, 'COMPLETED', datetime.datetime(2026, 5, 16, 13, 49, 55, 691326))
2026-05-17 21:49:55 | INFO | sqlalchemy.engine.Engine | SELECT ocr_tasks.id 
FROM ocr_tasks 
WHERE ocr_tasks.owner_id = $1::INTEGER AND ocr_tasks.status = $2::taskstatus AND ocr_tasks.avg_confidence IS NOT NULL AND ocr_tasks.avg_confidence < $3::FLOAT ORDER BY ocr_tasks.created_at DESC 
 LIMIT $4::INTEGER
2026-05-17 21:49:55 | INFO | sqlalchemy.engine.Engine | [cached since 488.8s ago] (4, 'COMPLETED', 0.8, 50)
2026-05-17 21:49:55 | INFO | sqlalchemy.engine.Engine | SELECT ocr_tasks.status, count(ocr_tasks.id) AS count_1 
FROM ocr_tasks 
WHERE ocr_tasks.owner_id = $1::INTEGER AND ocr_tasks.created_at >= $2::TIMESTAMP WITHOUT TIME ZONE GROUP BY ocr_tasks.status
2026-05-17 21:49:55 | INFO | sqlalchemy.engine.Engine | [cached since 488.8s ago] (4, datetime.datetime(2026, 5, 16, 13, 49, 55, 715961))
2026-05-17 21:49:55 | INFO | sqlalchemy.engine.Engine | ROLLBACK
2026-05-17 21:49:55 | INFO | sqlalchemy.engine.Engine | BEGIN (implicit)
2026-05-17 21:49:55 | INFO | sqlalchemy.engine.Engine | SELECT users.id, users.email, users.username, users.hashed_password, users.is_active, users.created_at 
FROM users 
WHERE users.username = $1::VARCHAR
2026-05-17 21:49:55 | INFO | sqlalchemy.engine.Engine | [cached since 719.3s ago] ('yyy',)
2026-05-17 21:49:55 | INFO | sqlalchemy.engine.Engine | SELECT ocr_tasks.id, ocr_tasks.celery_task_id, ocr_tasks.filename, ocr_tasks.file_path, ocr_tasks.status, ocr_tasks.created_at, ocr_tasks.completed_at, ocr_tasks.result, ocr_tasks.correction_log, ocr_tasks.model_version, ocr_tasks.inference_ms, ocr_tasks.avg_confidence, ocr_tasks.image_width, ocr_tasks.image_height, ocr_tasks.owner_id 
FROM ocr_tasks 
WHERE ocr_tasks.owner_id = $1::INTEGER AND (ocr_tasks.status = $2::taskstatus AND ocr_tasks.avg_confidence IS NOT NULL AND ocr_tasks.avg_confidence < $3::FLOAT OR ocr_tasks.status = $4::taskstatus) ORDER BY ocr_tasks.created_at DESC 
 LIMIT $5::INTEGER
2026-05-17 21:49:55 | INFO | sqlalchemy.engine.Engine | [cached since 488.9s ago] (4, 'COMPLETED', 0.8, 'FAILED', 30)
2026-05-17 21:49:55 | INFO | sqlalchemy.engine.Engine | ROLLBACK
2026-05-17 21:49:55 | INFO | sqlalchemy.engine.Engine | BEGIN (implicit)
2026-05-17 21:49:55 | INFO | sqlalchemy.engine.Engine | SELECT users.id, users.email, users.username, users.hashed_password, users.is_active, users.created_at 
FROM users 
WHERE users.username = $1::VARCHAR
2026-05-17 21:49:55 | INFO | sqlalchemy.engine.Engine | [cached since 719.3s ago] ('yyy',)
2026-05-17 21:49:55 | INFO | sqlalchemy.engine.Engine | SELECT ocr_tasks.id, ocr_tasks.celery_task_id, ocr_tasks.filename, ocr_tasks.file_path, ocr_tasks.status, ocr_tasks.created_at, ocr_tasks.completed_at, ocr_tasks.result, ocr_tasks.correction_log, ocr_tasks.model_version, ocr_tasks.inference_ms, ocr_tasks.avg_confidence, ocr_tasks.image_width, ocr_tasks.image_height, ocr_tasks.owner_id 
FROM ocr_tasks 
WHERE ocr_tasks.owner_id = $1::INTEGER ORDER BY ocr_tasks.created_at DESC 
 LIMIT $2::INTEGER OFFSET $3::INTEGER
2026-05-17 21:49:55 | INFO | sqlalchemy.engine.Engine | [cached since 719s ago] (4, 20, 0)
2026-05-17 21:49:55 | INFO | sqlalchemy.engine.Engine | ROLLBACK
2026-05-17 21:49:55 | INFO | sqlalchemy.engine.Engine | BEGIN (implicit)
2026-05-17 21:49:55 | INFO | sqlalchemy.engine.Engine | SELECT users.id, users.email, users.username, users.hashed_password, users.is_active, users.created_at 
FROM users 
WHERE users.username = $1::VARCHAR
2026-05-17 21:49:55 | INFO | sqlalchemy.engine.Engine | [cached since 719.4s ago] ('yyy',)
2026-05-17 21:49:55 | INFO | sqlalchemy.engine.Engine | SELECT count(*) AS count_1 
FROM system_logs 
WHERE system_logs.level = $1::VARCHAR AND system_logs.created_at >= $2::TIMESTAMP WITHOUT TIME ZONE
2026-05-17 21:49:55 | INFO | sqlalchemy.engine.Engine | [cached since 489s ago] ('ERROR', datetime.datetime(2026, 5, 16, 13, 49, 55, 848909))
2026-05-17 21:49:55 | INFO | sqlalchemy.engine.Engine | SELECT count(*) AS count_1 
FROM system_logs 
WHERE system_logs.level = $1::VARCHAR AND system_logs.created_at >= $2::TIMESTAMP WITHOUT TIME ZONE
2026-05-17 21:49:55 | INFO | sqlalchemy.engine.Engine | [cached since 489s ago] ('WARNING', datetime.datetime(2026, 5, 16, 13, 49, 55, 848909))
2026-05-17 21:49:55 | INFO | sqlalchemy.engine.Engine | SELECT count(*) AS count_1 
FROM system_logs 
WHERE system_logs.created_at >= $1::TIMESTAMP WITHOUT TIME ZONE
2026-05-17 21:49:55 | INFO | sqlalchemy.engine.Engine | [cached since 489s ago] (datetime.datetime(2026, 5, 16, 13, 49, 55, 848909),)
2026-05-17 21:49:55 | INFO | sqlalchemy.engine.Engine | SELECT data_backup_records.id, data_backup_records.filename, data_backup_records.file_path, data_backup_records.size_bytes, data_backup_records.success, data_backup_records.error_message, data_backup_records.created_by_user_id, data_backup_records.created_at 
FROM data_backup_records ORDER BY data_backup_records.created_at DESC 
 LIMIT $1::INTEGER
2026-05-17 21:49:55 | INFO | sqlalchemy.engine.Engine | [cached since 489s ago] (1,)
2026-05-17 21:49:55 | INFO | sqlalchemy.engine.Engine | ROLLBACK
2026-05-17 21:49:55 | INFO | sqlalchemy.engine.Engine | BEGIN (implicit)
2026-05-17 21:49:55 | INFO | sqlalchemy.engine.Engine | SELECT users.id, users.email, users.username, users.hashed_password, users.is_active, users.created_at 
FROM users 
WHERE users.username = $1::VARCHAR
2026-05-17 21:49:55 | INFO | sqlalchemy.engine.Engine | [cached since 719.4s ago] ('yyy',)
2026-05-17 21:49:55 | INFO | sqlalchemy.engine.Engine | SELECT system_logs.id, system_logs.level, system_logs.source, system_logs.message, system_logs.detail, system_logs.path, system_logs.user_id, system_logs.created_at 
FROM system_logs ORDER BY system_logs.created_at DESC 
 LIMIT $1::INTEGER
2026-05-17 21:49:55 | INFO | sqlalchemy.engine.Engine | [cached since 489.1s ago] (30,)
2026-05-17 21:49:55 | INFO | sqlalchemy.engine.Engine | ROLLBACK
2026-05-17 21:49:56 | INFO | sqlalchemy.engine.Engine | BEGIN (implicit)
2026-05-17 21:49:56 | INFO | sqlalchemy.engine.Engine | SELECT users.id, users.email, users.username, users.hashed_password, users.is_active, users.created_at 
FROM users 
WHERE users.username = $1::VARCHAR
2026-05-17 21:49:56 | INFO | sqlalchemy.engine.Engine | [cached since 719.6s ago] ('yyy',)
2026-05-17 21:49:56 | INFO | sqlalchemy.engine.Engine | BEGIN (implicit)
2026-05-17 21:49:56 | INFO | sqlalchemy.engine.Engine | SELECT users.id, users.email, users.username, users.hashed_password, users.is_active, users.created_at 
FROM users 
WHERE users.username = $1::VARCHAR
2026-05-17 21:49:56 | INFO | sqlalchemy.engine.Engine | [cached since 719.7s ago] ('yyy',)
2026-05-17 21:49:56 | INFO | sqlalchemy.engine.Engine | SELECT date_trunc($1::VARCHAR, ocr_tasks.completed_at) AS bucket, avg(ocr_tasks.inference_ms) AS avg_ms, count(ocr_tasks.id) AS cnt 
FROM ocr_tasks 
WHERE ocr_tasks.owner_id = $2::INTEGER AND ocr_tasks.status = $3::taskstatus AND ocr_tasks.completed_at IS NOT NULL AND ocr_tasks.completed_at >= $4::TIMESTAMP WITHOUT TIME ZONE AND ocr_tasks.inference_ms IS NOT NULL GROUP BY date_trunc($1::VARCHAR, ocr_tasks.completed_at) ORDER BY bucket
2026-05-17 21:49:56 | INFO | sqlalchemy.engine.Engine | [cached since 489.3s ago] ('hour', 4, 'COMPLETED', datetime.datetime(2026, 5, 16, 13, 49, 56, 120716))
2026-05-17 21:49:56 | INFO | sqlalchemy.engine.Engine | SELECT ocr_tasks.id, ocr_tasks.celery_task_id, ocr_tasks.filename, ocr_tasks.file_path, ocr_tasks.status, ocr_tasks.created_at, ocr_tasks.completed_at, ocr_tasks.result, ocr_tasks.correction_log, ocr_tasks.model_version, ocr_tasks.inference_ms, ocr_tasks.avg_confidence, ocr_tasks.image_width, ocr_tasks.image_height, ocr_tasks.owner_id 
FROM ocr_tasks 
WHERE ocr_tasks.owner_id = $1::INTEGER AND (ocr_tasks.status = $2::taskstatus AND ocr_tasks.avg_confidence IS NOT NULL AND ocr_tasks.avg_confidence < $3::FLOAT OR ocr_tasks.status = $4::taskstatus) ORDER BY ocr_tasks.created_at DESC 
 LIMIT $5::INTEGER
2026-05-17 21:49:56 | INFO | sqlalchemy.engine.Engine | [cached since 489.3s ago] (4, 'COMPLETED', 0.8, 'FAILED', 30)
2026-05-17 21:49:56 | INFO | sqlalchemy.engine.Engine | SELECT ocr_tasks.id 
FROM ocr_tasks 
WHERE ocr_tasks.owner_id = $1::INTEGER AND ocr_tasks.status = $2::taskstatus AND ocr_tasks.avg_confidence IS NOT NULL AND ocr_tasks.avg_confidence < $3::FLOAT ORDER BY ocr_tasks.created_at DESC 
 LIMIT $4::INTEGER
2026-05-17 21:49:56 | INFO | sqlalchemy.engine.Engine | [cached since 489.3s ago] (4, 'COMPLETED', 0.8, 50)
2026-05-17 21:49:56 | INFO | sqlalchemy.engine.Engine | ROLLBACK
2026-05-17 21:49:56 | INFO | sqlalchemy.engine.Engine | SELECT ocr_tasks.status, count(ocr_tasks.id) AS count_1 
FROM ocr_tasks 
WHERE ocr_tasks.owner_id = $1::INTEGER AND ocr_tasks.created_at >= $2::TIMESTAMP WITHOUT TIME ZONE GROUP BY ocr_tasks.status
2026-05-17 21:49:56 | INFO | sqlalchemy.engine.Engine | [cached since 489.3s ago] (4, datetime.datetime(2026, 5, 16, 13, 49, 56, 156759))
2026-05-17 21:49:56 | INFO | sqlalchemy.engine.Engine | ROLLBACK
2026-05-17 21:49:58 | INFO | sqlalchemy.engine.Engine | BEGIN (implicit)
2026-05-17 21:49:58 | INFO | sqlalchemy.engine.Engine | SELECT users.id, users.email, users.username, users.hashed_password, users.is_active, users.created_at 
FROM users 
WHERE users.username = $1::VARCHAR
2026-05-17 21:49:58 | INFO | sqlalchemy.engine.Engine | [cached since 722.2s ago] ('yyy',)
2026-05-17 21:49:58 | INFO | sqlalchemy.engine.Engine | SELECT ocr_tasks.id, ocr_tasks.celery_task_id, ocr_tasks.filename, ocr_tasks.file_path, ocr_tasks.status, ocr_tasks.created_at, ocr_tasks.completed_at, ocr_tasks.result, ocr_tasks.correction_log, ocr_tasks.model_version, ocr_tasks.inference_ms, ocr_tasks.avg_confidence, ocr_tasks.image_width, ocr_tasks.image_height, ocr_tasks.owner_id 
FROM ocr_tasks 
WHERE ocr_tasks.owner_id = $1::INTEGER ORDER BY ocr_tasks.created_at DESC 
 LIMIT $2::INTEGER OFFSET $3::INTEGER
2026-05-17 21:49:58 | INFO | sqlalchemy.engine.Engine | [cached since 721.8s ago] (4, 20, 0)
2026-05-17 21:49:58 | INFO | sqlalchemy.engine.Engine | ROLLBACK
2026-05-17 21:50:01 | INFO | sqlalchemy.engine.Engine | BEGIN (implicit)
2026-05-17 21:50:01 | INFO | sqlalchemy.engine.Engine | SELECT users.id, users.email, users.username, users.hashed_password, users.is_active, users.created_at 
FROM users 
WHERE users.username = $1::VARCHAR
2026-05-17 21:50:01 | INFO | sqlalchemy.engine.Engine | [cached since 725.2s ago] ('yyy',)
2026-05-17 21:50:01 | INFO | sqlalchemy.engine.Engine | SELECT ocr_tasks.id, ocr_tasks.celery_task_id, ocr_tasks.filename, ocr_tasks.file_path, ocr_tasks.status, ocr_tasks.created_at, ocr_tasks.completed_at, ocr_tasks.result, ocr_tasks.correction_log, ocr_tasks.model_version, ocr_tasks.inference_ms, ocr_tasks.avg_confidence, ocr_tasks.image_width, ocr_tasks.image_height, ocr_tasks.owner_id 
FROM ocr_tasks 
WHERE ocr_tasks.owner_id = $1::INTEGER ORDER BY ocr_tasks.created_at DESC 
 LIMIT $2::INTEGER OFFSET $3::INTEGER
2026-05-17 21:50:01 | INFO | sqlalchemy.engine.Engine | [cached since 724.8s ago] (4, 20, 0)
2026-05-17 21:50:01 | INFO | sqlalchemy.engine.Engine | ROLLBACK
2026-05-17 21:50:04 | INFO | sqlalchemy.engine.Engine | BEGIN (implicit)
2026-05-17 21:50:04 | INFO | sqlalchemy.engine.Engine | SELECT users.id, users.email, users.username, users.hashed_password, users.is_active, users.created_at 
FROM users 
WHERE users.username = $1::VARCHAR
2026-05-17 21:50:04 | INFO | sqlalchemy.engine.Engine | [cached since 728.2s ago] ('yyy',)
2026-05-17 21:50:04 | INFO | sqlalchemy.engine.Engine | SELECT ocr_tasks.id, ocr_tasks.celery_task_id, ocr_tasks.filename, ocr_tasks.file_path, ocr_tasks.status, ocr_tasks.created_at, ocr_tasks.completed_at, ocr_tasks.result, ocr_tasks.correction_log, ocr_tasks.model_version, ocr_tasks.inference_ms, ocr_tasks.avg_confidence, ocr_tasks.image_width, ocr_tasks.image_height, ocr_tasks.owner_id 
FROM ocr_tasks 
WHERE ocr_tasks.owner_id = $1::INTEGER ORDER BY ocr_tasks.created_at DESC 
 LIMIT $2::INTEGER OFFSET $3::INTEGER
2026-05-17 21:50:04 | INFO | sqlalchemy.engine.Engine | [cached since 727.8s ago] (4, 20, 0)
2026-05-17 21:50:04 | INFO | sqlalchemy.engine.Engine | ROLLBACK
2026-05-17 21:50:05 | INFO | sqlalchemy.engine.Engine | BEGIN (implicit)
2026-05-17 21:50:05 | INFO | sqlalchemy.engine.Engine | SELECT users.id, users.email, users.username, users.hashed_password, users.is_active, users.created_at 
FROM users 
WHERE users.username = $1::VARCHAR
2026-05-17 21:50:05 | INFO | sqlalchemy.engine.Engine | [cached since 729.5s ago] ('yyy',)
2026-05-17 21:50:05 | INFO | sqlalchemy.engine.Engine | SELECT ocr_tasks.id, ocr_tasks.celery_task_id, ocr_tasks.filename, ocr_tasks.file_path, ocr_tasks.status, ocr_tasks.created_at, ocr_tasks.completed_at, ocr_tasks.result, ocr_tasks.correction_log, ocr_tasks.model_version, ocr_tasks.inference_ms, ocr_tasks.avg_confidence, ocr_tasks.image_width, ocr_tasks.image_height, ocr_tasks.owner_id 
FROM ocr_tasks 
WHERE ocr_tasks.owner_id = $1::INTEGER ORDER BY ocr_tasks.created_at DESC 
 LIMIT $2::INTEGER OFFSET $3::INTEGER
2026-05-17 21:50:05 | INFO | sqlalchemy.engine.Engine | [cached since 729.1s ago] (4, 20, 0)
2026-05-17 21:50:05 | INFO | sqlalchemy.engine.Engine | ROLLBACK
2026-05-17 21:50:05 | INFO | sqlalchemy.engine.Engine | BEGIN (implicit)
2026-05-17 21:50:05 | INFO | sqlalchemy.engine.Engine | SELECT users.id, users.email, users.username, users.hashed_password, users.is_active, users.created_at 
FROM users 
WHERE users.username = $1::VARCHAR
2026-05-17 21:50:05 | INFO | sqlalchemy.engine.Engine | [cached since 729.5s ago] ('yyy',)
2026-05-17 21:50:05 | INFO | sqlalchemy.engine.Engine | SELECT ocr_tasks.id, ocr_tasks.celery_task_id, ocr_tasks.filename, ocr_tasks.file_path, ocr_tasks.status, ocr_tasks.created_at, ocr_tasks.completed_at, ocr_tasks.result, ocr_tasks.correction_log, ocr_tasks.model_version, ocr_tasks.inference_ms, ocr_tasks.avg_confidence, ocr_tasks.image_width, ocr_tasks.image_height, ocr_tasks.owner_id 
FROM ocr_tasks 
WHERE ocr_tasks.owner_id = $1::INTEGER ORDER BY ocr_tasks.created_at DESC 
 LIMIT $2::INTEGER OFFSET $3::INTEGER
2026-05-17 21:50:05 | INFO | sqlalchemy.engine.Engine | [cached since 729.2s ago] (4, 20, 0)
2026-05-17 21:50:06 | INFO | sqlalchemy.engine.Engine | ROLLBACK
2026-05-17 21:50:11 | INFO | sqlalchemy.engine.Engine | BEGIN (implicit)
2026-05-17 21:50:11 | INFO | sqlalchemy.engine.Engine | SELECT users.id, users.email, users.username, users.hashed_password, users.is_active, users.created_at 
FROM users 
WHERE users.username = $1::VARCHAR
2026-05-17 21:50:11 | INFO | sqlalchemy.engine.Engine | [cached since 735.3s ago] ('yyy',)
2026-05-17 21:50:11 | INFO | sqlalchemy.engine.Engine | INSERT INTO ocr_tasks (celery_task_id, filename, file_path, status, created_at, completed_at, result, correction_log, model_version, inference_ms, avg_confidence, image_width, image_height, owner_id) VALUES ($1::VARCHAR, $2::VARCHAR, $3::VARCHAR, $4::taskstatus, $5::TIMESTAMP WITHOUT TIME ZONE, $6::TIMESTAMP WITHOUT TIME ZONE, $7::VARCHAR, $8::VARCHAR, $9::VARCHAR, $10::FLOAT, $11::FLOAT, $12::INTEGER, $13::INTEGER, $14::INTEGER) RETURNING ocr_tasks.id
2026-05-17 21:50:11 | INFO | sqlalchemy.engine.Engine | [cached since 735.3s ago] (None, 'test1.jpg', '09a77028-fa4b-435a-8dc6-e9a1a331a4cf.jpg', 'PENDING', datetime.datetime(2026, 5, 17, 13, 50, 11, 805839), None, None, None, None, None, None, None, None, 4)
2026-05-17 21:50:11 | INFO | sqlalchemy.engine.Engine | COMMIT
2026-05-17 21:50:11 | INFO | sqlalchemy.engine.Engine | BEGIN (implicit)
2026-05-17 21:50:11 | INFO | sqlalchemy.engine.Engine | SELECT ocr_tasks.id, ocr_tasks.celery_task_id, ocr_tasks.filename, ocr_tasks.file_path, ocr_tasks.status, ocr_tasks.created_at, ocr_tasks.completed_at, ocr_tasks.result, ocr_tasks.correction_log, ocr_tasks.model_version, ocr_tasks.inference_ms, ocr_tasks.avg_confidence, ocr_tasks.image_width, ocr_tasks.image_height, ocr_tasks.owner_id 
FROM ocr_tasks 
WHERE ocr_tasks.id = $1::INTEGER
2026-05-17 21:50:11 | INFO | sqlalchemy.engine.Engine | [cached since 735.3s ago] (73,)
2026-05-17 21:50:11 | INFO | sqlalchemy.engine.Engine | SELECT ocr_run_metrics.id, ocr_run_metrics.task_id, ocr_run_metrics.owner_id, ocr_run_metrics.http_latency_ms, ocr_run_metrics.image_size_bytes, ocr_run_metrics.inference_ms, ocr_run_metrics.avg_confidence, ocr_run_metrics.image_width, ocr_run_metrics.image_height, ocr_run_metrics.created_at, ocr_run_metrics.updated_at 
FROM ocr_run_metrics 
WHERE ocr_run_metrics.task_id = $1::INTEGER
2026-05-17 21:50:11 | INFO | sqlalchemy.engine.Engine | [cached since 735.3s ago] (73,)
2026-05-17 21:50:11 | INFO | sqlalchemy.engine.Engine | INSERT INTO ocr_run_metrics (task_id, owner_id, http_latency_ms, image_size_bytes, inference_ms, avg_confidence, image_width, image_height, created_at, updated_at) VALUES ($1::INTEGER, $2::INTEGER, $3::FLOAT, $4::INTEGER, $5::FLOAT, $6::FLOAT, $7::INTEGER, $8::INTEGER, $9::TIMESTAMP WITHOUT TIME ZONE, $10::TIMESTAMP WITHOUT TIME ZONE) RETURNING ocr_run_metrics.id
2026-05-17 21:50:11 | INFO | sqlalchemy.engine.Engine | [cached since 735.3s ago] (73, 4, 42.501899995841086, 144047, None, None, None, None, datetime.datetime(2026, 5, 17, 13, 50, 11, 893844), datetime.datetime(2026, 5, 17, 13, 50, 11, 893844))
2026-05-17 21:50:11 | INFO | sqlalchemy.engine.Engine | COMMIT
2026-05-17 21:50:11 | INFO | sqlalchemy.engine.Engine | BEGIN (implicit)
2026-05-17 21:50:11 | INFO | sqlalchemy.engine.Engine | SELECT ocr_run_metrics.id, ocr_run_metrics.task_id, ocr_run_metrics.owner_id, ocr_run_metrics.http_latency_ms, ocr_run_metrics.image_size_bytes, ocr_run_metrics.inference_ms, ocr_run_metrics.avg_confidence, ocr_run_metrics.image_width, ocr_run_metrics.image_height, ocr_run_metrics.created_at, ocr_run_metrics.updated_at 
FROM ocr_run_metrics 
WHERE ocr_run_metrics.id = $1::INTEGER
2026-05-17 21:50:11 | INFO | sqlalchemy.engine.Engine | [cached since 735.3s ago] (20,)
2026-05-17 21:50:11 | INFO | sqlalchemy.engine.Engine | UPDATE ocr_tasks SET celery_task_id=$1::VARCHAR WHERE ocr_tasks.id = $2::INTEGER
2026-05-17 21:50:11 | INFO | sqlalchemy.engine.Engine | [cached since 735.2s ago] ('a110dadf-7b6e-433d-849a-103d937f1f72', 73)
2026-05-17 21:50:11 | INFO | sqlalchemy.engine.Engine | COMMIT
2026-05-17 21:50:11 | INFO | sqlalchemy.engine.Engine | BEGIN (implicit)
2026-05-17 21:50:11 | INFO | sqlalchemy.engine.Engine | SELECT users.id, users.email, users.username, users.hashed_password, users.is_active, users.created_at 
FROM users 
WHERE users.username = $1::VARCHAR
2026-05-17 21:50:11 | INFO | sqlalchemy.engine.Engine | [cached since 735.5s ago] ('yyy',)
2026-05-17 21:50:12 | INFO | sqlalchemy.engine.Engine | SELECT ocr_tasks.id, ocr_tasks.celery_task_id, ocr_tasks.filename, ocr_tasks.file_path, ocr_tasks.status, ocr_tasks.created_at, ocr_tasks.completed_at, ocr_tasks.result, ocr_tasks.correction_log, ocr_tasks.model_version, ocr_tasks.inference_ms, ocr_tasks.avg_confidence, ocr_tasks.image_width, ocr_tasks.image_height, ocr_tasks.owner_id 
FROM ocr_tasks 
WHERE ocr_tasks.owner_id = $1::INTEGER ORDER BY ocr_tasks.created_at DESC 
 LIMIT $2::INTEGER OFFSET $3::INTEGER
2026-05-17 21:50:12 | INFO | sqlalchemy.engine.Engine | [cached since 735.2s ago] (4, 20, 0)
2026-05-17 21:50:12 | INFO | sqlalchemy.engine.Engine | ROLLBACK
2026-05-17 21:50:13 | INFO | sqlalchemy.engine.Engine | BEGIN (implicit)
2026-05-17 21:50:13 | INFO | sqlalchemy.engine.Engine | SELECT users.id, users.email, users.username, users.hashed_password, users.is_active, users.created_at 
FROM users 
WHERE users.username = $1::VARCHAR
2026-05-17 21:50:13 | INFO | sqlalchemy.engine.Engine | [cached since 736.7s ago] ('yyy',)
2026-05-17 21:50:13 | INFO | sqlalchemy.engine.Engine | BEGIN (implicit)
2026-05-17 21:50:13 | INFO | sqlalchemy.engine.Engine | SELECT users.id, users.email, users.username, users.hashed_password, users.is_active, users.created_at 
FROM users 
WHERE users.username = $1::VARCHAR
2026-05-17 21:50:13 | INFO | sqlalchemy.engine.Engine | [cached since 736.7s ago] ('yyy',)
2026-05-17 21:50:13 | INFO | sqlalchemy.engine.Engine | SELECT date_trunc($1::VARCHAR, ocr_tasks.completed_at) AS bucket, avg(ocr_tasks.inference_ms) AS avg_ms, count(ocr_tasks.id) AS cnt 
FROM ocr_tasks 
WHERE ocr_tasks.owner_id = $2::INTEGER AND ocr_tasks.status = $3::taskstatus AND ocr_tasks.completed_at IS NOT NULL AND ocr_tasks.completed_at >= $4::TIMESTAMP WITHOUT TIME ZONE AND ocr_tasks.inference_ms IS NOT NULL GROUP BY date_trunc($1::VARCHAR, ocr_tasks.completed_at) ORDER BY bucket
2026-05-17 21:50:13 | INFO | sqlalchemy.engine.Engine | [cached since 506.3s ago] ('hour', 4, 'COMPLETED', datetime.datetime(2026, 5, 16, 13, 50, 13, 121148))
2026-05-17 21:50:13 | INFO | sqlalchemy.engine.Engine | SELECT ocr_tasks.id, ocr_tasks.celery_task_id, ocr_tasks.filename, ocr_tasks.file_path, ocr_tasks.status, ocr_tasks.created_at, ocr_tasks.completed_at, ocr_tasks.result, ocr_tasks.correction_log, ocr_tasks.model_version, ocr_tasks.inference_ms, ocr_tasks.avg_confidence, ocr_tasks.image_width, ocr_tasks.image_height, ocr_tasks.owner_id 
FROM ocr_tasks 
WHERE ocr_tasks.owner_id = $1::INTEGER AND (ocr_tasks.status = $2::taskstatus AND ocr_tasks.avg_confidence IS NOT NULL AND ocr_tasks.avg_confidence < $3::FLOAT OR ocr_tasks.status = $4::taskstatus) ORDER BY ocr_tasks.created_at DESC 
 LIMIT $5::INTEGER
2026-05-17 21:50:13 | INFO | sqlalchemy.engine.Engine | [cached since 506.3s ago] (4, 'COMPLETED', 0.8, 'FAILED', 30)
2026-05-17 21:50:13 | INFO | sqlalchemy.engine.Engine | SELECT ocr_tasks.id 
FROM ocr_tasks 
WHERE ocr_tasks.owner_id = $1::INTEGER AND ocr_tasks.status = $2::taskstatus AND ocr_tasks.avg_confidence IS NOT NULL AND ocr_tasks.avg_confidence < $3::FLOAT ORDER BY ocr_tasks.created_at DESC 
 LIMIT $4::INTEGER
2026-05-17 21:50:13 | INFO | sqlalchemy.engine.Engine | [cached since 506.2s ago] (4, 'COMPLETED', 0.8, 50)
2026-05-17 21:50:13 | INFO | sqlalchemy.engine.Engine | ROLLBACK
2026-05-17 21:50:13 | INFO | sqlalchemy.engine.Engine | SELECT ocr_tasks.status, count(ocr_tasks.id) AS count_1 
FROM ocr_tasks 
WHERE ocr_tasks.owner_id = $1::INTEGER AND ocr_tasks.created_at >= $2::TIMESTAMP WITHOUT TIME ZONE GROUP BY ocr_tasks.status
2026-05-17 21:50:13 | INFO | sqlalchemy.engine.Engine | [cached since 506.2s ago] (4, datetime.datetime(2026, 5, 16, 13, 50, 13, 146343))
2026-05-17 21:50:13 | INFO | sqlalchemy.engine.Engine | ROLLBACK
2026-05-17 21:50:13 | INFO | sqlalchemy.engine.Engine | BEGIN (implicit)
2026-05-17 21:50:13 | INFO | sqlalchemy.engine.Engine | SELECT users.id, users.email, users.username, users.hashed_password, users.is_active, users.created_at 
FROM users 
WHERE users.username = $1::VARCHAR
2026-05-17 21:50:13 | INFO | sqlalchemy.engine.Engine | [cached since 736.7s ago] ('yyy',)
2026-05-17 21:50:13 | INFO | sqlalchemy.engine.Engine | BEGIN (implicit)
2026-05-17 21:50:13 | INFO | sqlalchemy.engine.Engine | SELECT users.id, users.email, users.username, users.hashed_password, users.is_active, users.created_at 
FROM users 
WHERE users.username = $1::VARCHAR
2026-05-17 21:50:13 | INFO | sqlalchemy.engine.Engine | [cached since 736.8s ago] ('yyy',)
2026-05-17 21:50:13 | INFO | sqlalchemy.engine.Engine | SELECT ocr_tasks.id, ocr_tasks.celery_task_id, ocr_tasks.filename, ocr_tasks.file_path, ocr_tasks.status, ocr_tasks.created_at, ocr_tasks.completed_at, ocr_tasks.result, ocr_tasks.correction_log, ocr_tasks.model_version, ocr_tasks.inference_ms, ocr_tasks.avg_confidence, ocr_tasks.image_width, ocr_tasks.image_height, ocr_tasks.owner_id 
FROM ocr_tasks 
WHERE ocr_tasks.owner_id = $1::INTEGER ORDER BY ocr_tasks.created_at DESC 
 LIMIT $2::INTEGER OFFSET $3::INTEGER
2026-05-17 21:50:13 | INFO | sqlalchemy.engine.Engine | [cached since 736.4s ago] (4, 20, 0)
2026-05-17 21:50:13 | INFO | sqlalchemy.engine.Engine | SELECT count(*) AS count_1 
FROM system_logs 
WHERE system_logs.level = $1::VARCHAR AND system_logs.created_at >= $2::TIMESTAMP WITHOUT TIME ZONE
2026-05-17 21:50:13 | INFO | sqlalchemy.engine.Engine | [cached since 506.4s ago] ('ERROR', datetime.datetime(2026, 5, 16, 13, 50, 13, 233837))
2026-05-17 21:50:13 | INFO | sqlalchemy.engine.Engine | SELECT count(*) AS count_1 
FROM system_logs 
WHERE system_logs.level = $1::VARCHAR AND system_logs.created_at >= $2::TIMESTAMP WITHOUT TIME ZONE
2026-05-17 21:50:13 | INFO | sqlalchemy.engine.Engine | [cached since 506.4s ago] ('WARNING', datetime.datetime(2026, 5, 16, 13, 50, 13, 233837))
2026-05-17 21:50:13 | INFO | sqlalchemy.engine.Engine | SELECT count(*) AS count_1 
FROM system_logs 
WHERE system_logs.created_at >= $1::TIMESTAMP WITHOUT TIME ZONE
2026-05-17 21:50:13 | INFO | sqlalchemy.engine.Engine | [cached since 506.4s ago] (datetime.datetime(2026, 5, 16, 13, 50, 13, 233837),)
2026-05-17 21:50:13 | INFO | sqlalchemy.engine.Engine | SELECT data_backup_records.id, data_backup_records.filename, data_backup_records.file_path, data_backup_records.size_bytes, data_backup_records.success, data_backup_records.error_message, data_backup_records.created_by_user_id, data_backup_records.created_at 
FROM data_backup_records ORDER BY data_backup_records.created_at DESC 
 LIMIT $1::INTEGER
2026-05-17 21:50:13 | INFO | sqlalchemy.engine.Engine | [cached since 506.4s ago] (1,)
2026-05-17 21:50:13 | INFO | sqlalchemy.engine.Engine | ROLLBACK
2026-05-17 21:50:13 | INFO | sqlalchemy.engine.Engine | ROLLBACK
2026-05-17 21:50:13 | INFO | sqlalchemy.engine.Engine | BEGIN (implicit)
2026-05-17 21:50:13 | INFO | sqlalchemy.engine.Engine | SELECT users.id, users.email, users.username, users.hashed_password, users.is_active, users.created_at 
FROM users 
WHERE users.username = $1::VARCHAR
2026-05-17 21:50:13 | INFO | sqlalchemy.engine.Engine | [cached since 736.8s ago] ('yyy',)
2026-05-17 21:50:13 | INFO | sqlalchemy.engine.Engine | SELECT system_logs.id, system_logs.level, system_logs.source, system_logs.message, system_logs.detail, system_logs.path, system_logs.user_id, system_logs.created_at 
FROM system_logs ORDER BY system_logs.created_at DESC 
 LIMIT $1::INTEGER
2026-05-17 21:50:13 | INFO | sqlalchemy.engine.Engine | [cached since 506.5s ago] (30,)
2026-05-17 21:50:13 | INFO | sqlalchemy.engine.Engine | BEGIN (implicit)
2026-05-17 21:50:13 | INFO | sqlalchemy.engine.Engine | SELECT users.id, users.email, users.username, users.hashed_password, users.is_active, users.created_at 
FROM users 
WHERE users.username = $1::VARCHAR
2026-05-17 21:50:13 | INFO | sqlalchemy.engine.Engine | [cached since 736.9s ago] ('yyy',)
2026-05-17 21:50:13 | INFO | sqlalchemy.engine.Engine | ROLLBACK
2026-05-17 21:50:13 | INFO | sqlalchemy.engine.Engine | SELECT count(*) AS count_1 
FROM system_logs 
WHERE system_logs.level = $1::VARCHAR AND system_logs.created_at >= $2::TIMESTAMP WITHOUT TIME ZONE
2026-05-17 21:50:13 | INFO | sqlalchemy.engine.Engine | [cached since 506.6s ago] ('ERROR', datetime.datetime(2026, 5, 16, 13, 50, 13, 370558))
2026-05-17 21:50:13 | INFO | sqlalchemy.engine.Engine | BEGIN (implicit)
2026-05-17 21:50:13 | INFO | sqlalchemy.engine.Engine | SELECT users.id, users.email, users.username, users.hashed_password, users.is_active, users.created_at 
FROM users 
WHERE users.username = $1::VARCHAR
2026-05-17 21:50:13 | INFO | sqlalchemy.engine.Engine | [cached since 736.9s ago] ('yyy',)
2026-05-17 21:50:13 | INFO | sqlalchemy.engine.Engine | SELECT count(*) AS count_1 
FROM system_logs 
WHERE system_logs.level = $1::VARCHAR AND system_logs.created_at >= $2::TIMESTAMP WITHOUT TIME ZONE
2026-05-17 21:50:13 | INFO | sqlalchemy.engine.Engine | [cached since 506.6s ago] ('WARNING', datetime.datetime(2026, 5, 16, 13, 50, 13, 370558))
2026-05-17 21:50:13 | INFO | sqlalchemy.engine.Engine | SELECT count(*) AS count_1 
FROM system_logs 
WHERE system_logs.created_at >= $1::TIMESTAMP WITHOUT TIME ZONE
2026-05-17 21:50:13 | INFO | sqlalchemy.engine.Engine | [cached since 506.6s ago] (datetime.datetime(2026, 5, 16, 13, 50, 13, 370558),)
2026-05-17 21:50:13 | INFO | sqlalchemy.engine.Engine | SELECT data_backup_records.id, data_backup_records.filename, data_backup_records.file_path, data_backup_records.size_bytes, data_backup_records.success, data_backup_records.error_message, data_backup_records.created_by_user_id, data_backup_records.created_at 
FROM data_backup_records ORDER BY data_backup_records.created_at DESC 
 LIMIT $1::INTEGER
2026-05-17 21:50:13 | INFO | sqlalchemy.engine.Engine | [cached since 506.6s ago] (1,)
2026-05-17 21:50:13 | INFO | sqlalchemy.engine.Engine | SELECT ocr_tasks.id, ocr_tasks.celery_task_id, ocr_tasks.filename, ocr_tasks.file_path, ocr_tasks.status, ocr_tasks.created_at, ocr_tasks.completed_at, ocr_tasks.result, ocr_tasks.correction_log, ocr_tasks.model_version, ocr_tasks.inference_ms, ocr_tasks.avg_confidence, ocr_tasks.image_width, ocr_tasks.image_height, ocr_tasks.owner_id 
FROM ocr_tasks 
WHERE ocr_tasks.owner_id = $1::INTEGER ORDER BY ocr_tasks.created_at DESC 
 LIMIT $2::INTEGER OFFSET $3::INTEGER
2026-05-17 21:50:13 | INFO | sqlalchemy.engine.Engine | [cached since 736.6s ago] (4, 20, 0)
2026-05-17 21:50:13 | INFO | sqlalchemy.engine.Engine | BEGIN (implicit)
2026-05-17 21:50:13 | INFO | sqlalchemy.engine.Engine | SELECT users.id, users.email, users.username, users.hashed_password, users.is_active, users.created_at 
FROM users 
WHERE users.username = $1::VARCHAR
2026-05-17 21:50:13 | INFO | sqlalchemy.engine.Engine | [cached since 737s ago] ('yyy',)
2026-05-17 21:50:13 | INFO | sqlalchemy.engine.Engine | ROLLBACK
2026-05-17 21:50:13 | INFO | sqlalchemy.engine.Engine | SELECT system_logs.id, system_logs.level, system_logs.source, system_logs.message, system_logs.detail, system_logs.path, system_logs.user_id, system_logs.created_at 
FROM system_logs ORDER BY system_logs.created_at DESC 
 LIMIT $1::INTEGER
2026-05-17 21:50:13 | INFO | sqlalchemy.engine.Engine | [cached since 506.7s ago] (30,)
2026-05-17 21:50:13 | INFO | sqlalchemy.engine.Engine | ROLLBACK
2026-05-17 21:50:13 | INFO | sqlalchemy.engine.Engine | ROLLBACK
2026-05-17 21:50:16 | INFO | sqlalchemy.engine.Engine | BEGIN (implicit)
2026-05-17 21:50:16 | INFO | sqlalchemy.engine.Engine | SELECT users.id, users.email, users.username, users.hashed_password, users.is_active, users.created_at 
FROM users 
WHERE users.username = $1::VARCHAR
2026-05-17 21:50:16 | INFO | sqlalchemy.engine.Engine | [cached since 739.6s ago] ('yyy',)
2026-05-17 21:50:16 | INFO | sqlalchemy.engine.Engine | SELECT ocr_tasks.id, ocr_tasks.celery_task_id, ocr_tasks.filename, ocr_tasks.file_path, ocr_tasks.status, ocr_tasks.created_at, ocr_tasks.completed_at, ocr_tasks.result, ocr_tasks.correction_log, ocr_tasks.model_version, ocr_tasks.inference_ms, ocr_tasks.avg_confidence, ocr_tasks.image_width, ocr_tasks.image_height, ocr_tasks.owner_id 
FROM ocr_tasks 
WHERE ocr_tasks.owner_id = $1::INTEGER ORDER BY ocr_tasks.created_at DESC 
 LIMIT $2::INTEGER OFFSET $3::INTEGER
2026-05-17 21:50:16 | INFO | sqlalchemy.engine.Engine | [cached since 739.3s ago] (4, 20, 0)
2026-05-17 21:50:16 | INFO | sqlalchemy.engine.Engine | ROLLBACK
2026-05-17 21:50:19 | INFO | sqlalchemy.engine.Engine | BEGIN (implicit)
2026-05-17 21:50:19 | INFO | sqlalchemy.engine.Engine | SELECT users.id, users.email, users.username, users.hashed_password, users.is_active, users.created_at 
FROM users 
WHERE users.username = $1::VARCHAR
2026-05-17 21:50:19 | INFO | sqlalchemy.engine.Engine | [cached since 743.2s ago] ('yyy',)
2026-05-17 21:50:19 | INFO | sqlalchemy.engine.Engine | SELECT ocr_tasks.id, ocr_tasks.celery_task_id, ocr_tasks.filename, ocr_tasks.file_path, ocr_tasks.status, ocr_tasks.created_at, ocr_tasks.completed_at, ocr_tasks.result, ocr_tasks.correction_log, ocr_tasks.model_version, ocr_tasks.inference_ms, ocr_tasks.avg_confidence, ocr_tasks.image_width, ocr_tasks.image_height, ocr_tasks.owner_id 
FROM ocr_tasks 
WHERE ocr_tasks.owner_id = $1::INTEGER ORDER BY ocr_tasks.created_at DESC 
 LIMIT $2::INTEGER OFFSET $3::INTEGER
2026-05-17 21:50:19 | INFO | sqlalchemy.engine.Engine | [cached since 742.8s ago] (4, 20, 0)
2026-05-17 21:50:19 | INFO | sqlalchemy.engine.Engine | ROLLBACK
2026-05-17 21:50:22 | INFO | sqlalchemy.engine.Engine | BEGIN (implicit)
2026-05-17 21:50:22 | INFO | sqlalchemy.engine.Engine | SELECT users.id, users.email, users.username, users.hashed_password, users.is_active, users.created_at 
FROM users 
WHERE users.username = $1::VARCHAR
2026-05-17 21:50:22 | INFO | sqlalchemy.engine.Engine | [cached since 746.5s ago] ('yyy',)
2026-05-17 21:50:22 | INFO | sqlalchemy.engine.Engine | SELECT ocr_tasks.id, ocr_tasks.celery_task_id, ocr_tasks.filename, ocr_tasks.file_path, ocr_tasks.status, ocr_tasks.created_at, ocr_tasks.completed_at, ocr_tasks.result, ocr_tasks.correction_log, ocr_tasks.model_version, ocr_tasks.inference_ms, ocr_tasks.avg_confidence, ocr_tasks.image_width, ocr_tasks.image_height, ocr_tasks.owner_id 
FROM ocr_tasks 
WHERE ocr_tasks.owner_id = $1::INTEGER ORDER BY ocr_tasks.created_at DESC 
 LIMIT $2::INTEGER OFFSET $3::INTEGER
2026-05-17 21:50:22 | INFO | sqlalchemy.engine.Engine | [cached since 746.1s ago] (4, 20, 0)
2026-05-17 21:50:22 | INFO | sqlalchemy.engine.Engine | ROLLBACK
2026-05-17 21:50:25 | INFO | sqlalchemy.engine.Engine | BEGIN (implicit)
2026-05-17 21:50:25 | INFO | sqlalchemy.engine.Engine | SELECT users.id, users.email, users.username, users.hashed_password, users.is_active, users.created_at 
FROM users 
WHERE users.username = $1::VARCHAR
2026-05-17 21:50:25 | INFO | sqlalchemy.engine.Engine | [cached since 749.2s ago] ('yyy',)
2026-05-17 21:50:25 | INFO | sqlalchemy.engine.Engine | SELECT ocr_tasks.id, ocr_tasks.celery_task_id, ocr_tasks.filename, ocr_tasks.file_path, ocr_tasks.status, ocr_tasks.created_at, ocr_tasks.completed_at, ocr_tasks.result, ocr_tasks.correction_log, ocr_tasks.model_version, ocr_tasks.inference_ms, ocr_tasks.avg_confidence, ocr_tasks.image_width, ocr_tasks.image_height, ocr_tasks.owner_id 
FROM ocr_tasks 
WHERE ocr_tasks.owner_id = $1::INTEGER ORDER BY ocr_tasks.created_at DESC 
 LIMIT $2::INTEGER OFFSET $3::INTEGER
2026-05-17 21:50:25 | INFO | sqlalchemy.engine.Engine | [cached since 748.8s ago] (4, 20, 0)
2026-05-17 21:50:25 | INFO | sqlalchemy.engine.Engine | ROLLBACK
2026-05-17 21:50:26 | INFO | sqlalchemy.engine.Engine | BEGIN (implicit)
2026-05-17 21:50:26 | INFO | sqlalchemy.engine.Engine | SELECT users.id, users.email, users.username, users.hashed_password, users.is_active, users.created_at 
FROM users 
WHERE users.username = $1::VARCHAR
2026-05-17 21:50:26 | INFO | sqlalchemy.engine.Engine | [cached since 750.2s ago] ('yyy',)
2026-05-17 21:50:26 | INFO | sqlalchemy.engine.Engine | BEGIN (implicit)
2026-05-17 21:50:26 | INFO | sqlalchemy.engine.Engine | SELECT users.id, users.email, users.username, users.hashed_password, users.is_active, users.created_at 
FROM users 
WHERE users.username = $1::VARCHAR
2026-05-17 21:50:26 | INFO | sqlalchemy.engine.Engine | [cached since 750.2s ago] ('yyy',)
2026-05-17 21:50:26 | INFO | sqlalchemy.engine.Engine | SELECT date_trunc($1::VARCHAR, ocr_tasks.completed_at) AS bucket, avg(ocr_tasks.inference_ms) AS avg_ms, count(ocr_tasks.id) AS cnt 
FROM ocr_tasks 
WHERE ocr_tasks.owner_id = $2::INTEGER AND ocr_tasks.status = $3::taskstatus AND ocr_tasks.completed_at IS NOT NULL AND ocr_tasks.completed_at >= $4::TIMESTAMP WITHOUT TIME ZONE AND ocr_tasks.inference_ms IS NOT NULL GROUP BY date_trunc($1::VARCHAR, ocr_tasks.completed_at) ORDER BY bucket
2026-05-17 21:50:26 | INFO | sqlalchemy.engine.Engine | [cached since 519.9s ago] ('hour', 4, 'COMPLETED', datetime.datetime(2026, 5, 16, 13, 50, 26, 698954))
2026-05-17 21:50:26 | INFO | sqlalchemy.engine.Engine | SELECT ocr_tasks.id, ocr_tasks.celery_task_id, ocr_tasks.filename, ocr_tasks.file_path, ocr_tasks.status, ocr_tasks.created_at, ocr_tasks.completed_at, ocr_tasks.result, ocr_tasks.correction_log, ocr_tasks.model_version, ocr_tasks.inference_ms, ocr_tasks.avg_confidence, ocr_tasks.image_width, ocr_tasks.image_height, ocr_tasks.owner_id 
FROM ocr_tasks 
WHERE ocr_tasks.owner_id = $1::INTEGER AND (ocr_tasks.status = $2::taskstatus AND ocr_tasks.avg_confidence IS NOT NULL AND ocr_tasks.avg_confidence < $3::FLOAT OR ocr_tasks.status = $4::taskstatus) ORDER BY ocr_tasks.created_at DESC 
 LIMIT $5::INTEGER
2026-05-17 21:50:26 | INFO | sqlalchemy.engine.Engine | [cached since 519.9s ago] (4, 'COMPLETED', 0.8, 'FAILED', 30)
2026-05-17 21:50:26 | INFO | sqlalchemy.engine.Engine | SELECT ocr_tasks.id 
FROM ocr_tasks 
WHERE ocr_tasks.owner_id = $1::INTEGER AND ocr_tasks.status = $2::taskstatus AND ocr_tasks.avg_confidence IS NOT NULL AND ocr_tasks.avg_confidence < $3::FLOAT ORDER BY ocr_tasks.created_at DESC 
 LIMIT $4::INTEGER
2026-05-17 21:50:26 | INFO | sqlalchemy.engine.Engine | [cached since 519.8s ago] (4, 'COMPLETED', 0.8, 50)
2026-05-17 21:50:26 | INFO | sqlalchemy.engine.Engine | ROLLBACK
2026-05-17 21:50:26 | INFO | sqlalchemy.engine.Engine | SELECT ocr_tasks.status, count(ocr_tasks.id) AS count_1 
FROM ocr_tasks 
WHERE ocr_tasks.owner_id = $1::INTEGER AND ocr_tasks.created_at >= $2::TIMESTAMP WITHOUT TIME ZONE GROUP BY ocr_tasks.status
2026-05-17 21:50:26 | INFO | sqlalchemy.engine.Engine | [cached since 519.8s ago] (4, datetime.datetime(2026, 5, 16, 13, 50, 26, 728852))
2026-05-17 21:50:26 | INFO | sqlalchemy.engine.Engine | ROLLBACK
2026-05-17 21:50:28 | INFO | sqlalchemy.engine.Engine | BEGIN (implicit)
2026-05-17 21:50:28 | INFO | sqlalchemy.engine.Engine | SELECT users.id, users.email, users.username, users.hashed_password, users.is_active, users.created_at 
FROM users 
WHERE users.username = $1::VARCHAR
2026-05-17 21:50:28 | INFO | sqlalchemy.engine.Engine | [cached since 752.2s ago] ('yyy',)
2026-05-17 21:50:28 | INFO | sqlalchemy.engine.Engine | BEGIN (implicit)
2026-05-17 21:50:28 | INFO | sqlalchemy.engine.Engine | SELECT users.id, users.email, users.username, users.hashed_password, users.is_active, users.created_at 
FROM users 
WHERE users.username = $1::VARCHAR
2026-05-17 21:50:28 | INFO | sqlalchemy.engine.Engine | [cached since 752.2s ago] ('yyy',)
2026-05-17 21:50:28 | INFO | sqlalchemy.engine.Engine | SELECT count(*) AS count_1 
FROM system_logs 
WHERE system_logs.level = $1::VARCHAR AND system_logs.created_at >= $2::TIMESTAMP WITHOUT TIME ZONE
2026-05-17 21:50:28 | INFO | sqlalchemy.engine.Engine | [cached since 521.9s ago] ('ERROR', datetime.datetime(2026, 5, 16, 13, 50, 28, 656092))
2026-05-17 21:50:28 | INFO | sqlalchemy.engine.Engine | SELECT system_logs.id, system_logs.level, system_logs.source, system_logs.message, system_logs.detail, system_logs.path, system_logs.user_id, system_logs.created_at 
FROM system_logs ORDER BY system_logs.created_at DESC 
 LIMIT $1::INTEGER
2026-05-17 21:50:28 | INFO | sqlalchemy.engine.Engine | [cached since 521.9s ago] (30,)
2026-05-17 21:50:28 | INFO | sqlalchemy.engine.Engine | SELECT count(*) AS count_1 
FROM system_logs 
WHERE system_logs.level = $1::VARCHAR AND system_logs.created_at >= $2::TIMESTAMP WITHOUT TIME ZONE
2026-05-17 21:50:28 | INFO | sqlalchemy.engine.Engine | [cached since 521.9s ago] ('WARNING', datetime.datetime(2026, 5, 16, 13, 50, 28, 656092))
2026-05-17 21:50:28 | INFO | sqlalchemy.engine.Engine | SELECT count(*) AS count_1 
FROM system_logs 
WHERE system_logs.created_at >= $1::TIMESTAMP WITHOUT TIME ZONE
2026-05-17 21:50:28 | INFO | sqlalchemy.engine.Engine | [cached since 521.8s ago] (datetime.datetime(2026, 5, 16, 13, 50, 28, 656092),)
2026-05-17 21:50:28 | INFO | sqlalchemy.engine.Engine | ROLLBACK
2026-05-17 21:50:28 | INFO | sqlalchemy.engine.Engine | SELECT data_backup_records.id, data_backup_records.filename, data_backup_records.file_path, data_backup_records.size_bytes, data_backup_records.success, data_backup_records.error_message, data_backup_records.created_by_user_id, data_backup_records.created_at 
FROM data_backup_records ORDER BY data_backup_records.created_at DESC 
 LIMIT $1::INTEGER
2026-05-17 21:50:28 | INFO | sqlalchemy.engine.Engine | [cached since 521.8s ago] (1,)
2026-05-17 21:50:28 | INFO | sqlalchemy.engine.Engine | ROLLBACK
2026-05-17 21:50:28 | INFO | sqlalchemy.engine.Engine | BEGIN (implicit)
2026-05-17 21:50:28 | INFO | sqlalchemy.engine.Engine | SELECT users.id, users.email, users.username, users.hashed_password, users.is_active, users.created_at 
FROM users 
WHERE users.username = $1::VARCHAR
2026-05-17 21:50:28 | INFO | sqlalchemy.engine.Engine | [cached since 752.2s ago] ('yyy',)
2026-05-17 21:50:28 | INFO | sqlalchemy.engine.Engine | SELECT ocr_tasks.id, ocr_tasks.celery_task_id, ocr_tasks.filename, ocr_tasks.file_path, ocr_tasks.status, ocr_tasks.created_at, ocr_tasks.completed_at, ocr_tasks.result, ocr_tasks.correction_log, ocr_tasks.model_version, ocr_tasks.inference_ms, ocr_tasks.avg_confidence, ocr_tasks.image_width, ocr_tasks.image_height, ocr_tasks.owner_id 
FROM ocr_tasks 
WHERE ocr_tasks.owner_id = $1::INTEGER ORDER BY ocr_tasks.created_at DESC 
 LIMIT $2::INTEGER OFFSET $3::INTEGER
2026-05-17 21:50:28 | INFO | sqlalchemy.engine.Engine | [cached since 751.9s ago] (4, 20, 0)
2026-05-17 21:50:28 | INFO | sqlalchemy.engine.Engine | ROLLBACK
2026-05-17 21:50:31 | INFO | sqlalchemy.engine.Engine | BEGIN (implicit)
2026-05-17 21:50:31 | INFO | sqlalchemy.engine.Engine | SELECT users.id, users.email, users.username, users.hashed_password, users.is_active, users.created_at 
FROM users 
WHERE users.username = $1::VARCHAR
2026-05-17 21:50:31 | INFO | sqlalchemy.engine.Engine | [cached since 755.2s ago] ('yyy',)
2026-05-17 21:50:31 | INFO | sqlalchemy.engine.Engine | SELECT ocr_tasks.id, ocr_tasks.celery_task_id, ocr_tasks.filename, ocr_tasks.file_path, ocr_tasks.status, ocr_tasks.created_at, ocr_tasks.completed_at, ocr_tasks.result, ocr_tasks.correction_log, ocr_tasks.model_version, ocr_tasks.inference_ms, ocr_tasks.avg_confidence, ocr_tasks.image_width, ocr_tasks.image_height, ocr_tasks.owner_id 
FROM ocr_tasks 
WHERE ocr_tasks.owner_id = $1::INTEGER ORDER BY ocr_tasks.created_at DESC 
 LIMIT $2::INTEGER OFFSET $3::INTEGER
2026-05-17 21:50:31 | INFO | sqlalchemy.engine.Engine | [cached since 754.8s ago] (4, 20, 0)
2026-05-17 21:50:31 | INFO | sqlalchemy.engine.Engine | ROLLBACK
2026-05-17 21:50:34 | INFO | sqlalchemy.engine.Engine | BEGIN (implicit)
2026-05-17 21:50:34 | INFO | sqlalchemy.engine.Engine | SELECT users.id, users.email, users.username, users.hashed_password, users.is_active, users.created_at 
FROM users 
WHERE users.username = $1::VARCHAR
2026-05-17 21:50:34 | INFO | sqlalchemy.engine.Engine | [cached since 758.2s ago] ('yyy',)
2026-05-17 21:50:34 | INFO | sqlalchemy.engine.Engine | SELECT ocr_tasks.id, ocr_tasks.celery_task_id, ocr_tasks.filename, ocr_tasks.file_path, ocr_tasks.status, ocr_tasks.created_at, ocr_tasks.completed_at, ocr_tasks.result, ocr_tasks.correction_log, ocr_tasks.model_version, ocr_tasks.inference_ms, ocr_tasks.avg_confidence, ocr_tasks.image_width, ocr_tasks.image_height, ocr_tasks.owner_id 
FROM ocr_tasks 
WHERE ocr_tasks.owner_id = $1::INTEGER ORDER BY ocr_tasks.created_at DESC 
 LIMIT $2::INTEGER OFFSET $3::INTEGER
2026-05-17 21:50:34 | INFO | sqlalchemy.engine.Engine | [cached since 757.8s ago] (4, 20, 0)
2026-05-17 21:50:34 | INFO | sqlalchemy.engine.Engine | ROLLBACK
2026-05-17 21:50:37 | INFO | sqlalchemy.engine.Engine | BEGIN (implicit)
2026-05-17 21:50:37 | INFO | sqlalchemy.engine.Engine | SELECT users.id, users.email, users.username, users.hashed_password, users.is_active, users.created_at 
FROM users 
WHERE users.username = $1::VARCHAR
2026-05-17 21:50:37 | INFO | sqlalchemy.engine.Engine | [cached since 761.5s ago] ('yyy',)
2026-05-17 21:50:37 | INFO | sqlalchemy.engine.Engine | SELECT ocr_tasks.id, ocr_tasks.celery_task_id, ocr_tasks.filename, ocr_tasks.file_path, ocr_tasks.status, ocr_tasks.created_at, ocr_tasks.completed_at, ocr_tasks.result, ocr_tasks.correction_log, ocr_tasks.model_version, ocr_tasks.inference_ms, ocr_tasks.avg_confidence, ocr_tasks.image_width, ocr_tasks.image_height, ocr_tasks.owner_id 
FROM ocr_tasks 
WHERE ocr_tasks.owner_id = $1::INTEGER ORDER BY ocr_tasks.created_at DESC 
 LIMIT $2::INTEGER OFFSET $3::INTEGER
2026-05-17 21:50:37 | INFO | sqlalchemy.engine.Engine | [cached since 761.1s ago] (4, 20, 0)
2026-05-17 21:50:37 | INFO | sqlalchemy.engine.Engine | ROLLBACK
2026-05-17 21:50:40 | INFO | sqlalchemy.engine.Engine | BEGIN (implicit)
2026-05-17 21:50:40 | INFO | sqlalchemy.engine.Engine | SELECT users.id, users.email, users.username, users.hashed_password, users.is_active, users.created_at 
FROM users 
WHERE users.username = $1::VARCHAR
2026-05-17 21:50:40 | INFO | sqlalchemy.engine.Engine | [cached since 764.2s ago] ('yyy',)
2026-05-17 21:50:40 | INFO | sqlalchemy.engine.Engine | SELECT ocr_tasks.id, ocr_tasks.celery_task_id, ocr_tasks.filename, ocr_tasks.file_path, ocr_tasks.status, ocr_tasks.created_at, ocr_tasks.completed_at, ocr_tasks.result, ocr_tasks.correction_log, ocr_tasks.model_version, ocr_tasks.inference_ms, ocr_tasks.avg_confidence, ocr_tasks.image_width, ocr_tasks.image_height, ocr_tasks.owner_id 
FROM ocr_tasks 
WHERE ocr_tasks.owner_id = $1::INTEGER ORDER BY ocr_tasks.created_at DESC 
 LIMIT $2::INTEGER OFFSET $3::INTEGER
2026-05-17 21:50:40 | INFO | sqlalchemy.engine.Engine | [cached since 763.8s ago] (4, 20, 0)
2026-05-17 21:50:40 | INFO | sqlalchemy.engine.Engine | ROLLBACK
2026-05-17 21:50:43 | INFO | sqlalchemy.engine.Engine | BEGIN (implicit)
2026-05-17 21:50:43 | INFO | sqlalchemy.engine.Engine | SELECT users.id, users.email, users.username, users.hashed_password, users.is_active, users.created_at 
FROM users 
WHERE users.username = $1::VARCHAR
2026-05-17 21:50:43 | INFO | sqlalchemy.engine.Engine | [cached since 767.2s ago] ('yyy',)
2026-05-17 21:50:43 | INFO | sqlalchemy.engine.Engine | BEGIN (implicit)
2026-05-17 21:50:43 | INFO | sqlalchemy.engine.Engine | SELECT users.id, users.email, users.username, users.hashed_password, users.is_active, users.created_at 
FROM users 
WHERE users.username = $1::VARCHAR
2026-05-17 21:50:43 | INFO | sqlalchemy.engine.Engine | [cached since 767.2s ago] ('yyy',)
2026-05-17 21:50:43 | INFO | sqlalchemy.engine.Engine | SELECT count(*) AS count_1 
FROM system_logs 
WHERE system_logs.level = $1::VARCHAR AND system_logs.created_at >= $2::TIMESTAMP WITHOUT TIME ZONE
2026-05-17 21:50:43 | INFO | sqlalchemy.engine.Engine | [cached since 536.9s ago] ('ERROR', datetime.datetime(2026, 5, 16, 13, 50, 43, 668555))
2026-05-17 21:50:43 | INFO | sqlalchemy.engine.Engine | SELECT system_logs.id, system_logs.level, system_logs.source, system_logs.message, system_logs.detail, system_logs.path, system_logs.user_id, system_logs.created_at 
FROM system_logs ORDER BY system_logs.created_at DESC 
 LIMIT $1::INTEGER
2026-05-17 21:50:43 | INFO | sqlalchemy.engine.Engine | [cached since 536.9s ago] (30,)
2026-05-17 21:50:43 | INFO | sqlalchemy.engine.Engine | SELECT count(*) AS count_1 
FROM system_logs 
WHERE system_logs.level = $1::VARCHAR AND system_logs.created_at >= $2::TIMESTAMP WITHOUT TIME ZONE
2026-05-17 21:50:43 | INFO | sqlalchemy.engine.Engine | [cached since 536.9s ago] ('WARNING', datetime.datetime(2026, 5, 16, 13, 50, 43, 668555))
2026-05-17 21:50:43 | INFO | sqlalchemy.engine.Engine | SELECT count(*) AS count_1 
FROM system_logs 
WHERE system_logs.created_at >= $1::TIMESTAMP WITHOUT TIME ZONE
2026-05-17 21:50:43 | INFO | sqlalchemy.engine.Engine | [cached since 536.9s ago] (datetime.datetime(2026, 5, 16, 13, 50, 43, 668555),)
2026-05-17 21:50:43 | INFO | sqlalchemy.engine.Engine | ROLLBACK
2026-05-17 21:50:43 | INFO | sqlalchemy.engine.Engine | SELECT data_backup_records.id, data_backup_records.filename, data_backup_records.file_path, data_backup_records.size_bytes, data_backup_records.success, data_backup_records.error_message, data_backup_records.created_by_user_id, data_backup_records.created_at 
FROM data_backup_records ORDER BY data_backup_records.created_at DESC 
 LIMIT $1::INTEGER
2026-05-17 21:50:43 | INFO | sqlalchemy.engine.Engine | [cached since 536.9s ago] (1,)
2026-05-17 21:50:43 | INFO | sqlalchemy.engine.Engine | ROLLBACK
2026-05-17 21:50:43 | INFO | sqlalchemy.engine.Engine | BEGIN (implicit)
2026-05-17 21:50:43 | INFO | sqlalchemy.engine.Engine | SELECT users.id, users.email, users.username, users.hashed_password, users.is_active, users.created_at 
FROM users 
WHERE users.username = $1::VARCHAR
2026-05-17 21:50:43 | INFO | sqlalchemy.engine.Engine | [cached since 767.3s ago] ('yyy',)
2026-05-17 21:50:43 | INFO | sqlalchemy.engine.Engine | SELECT ocr_tasks.id, ocr_tasks.celery_task_id, ocr_tasks.filename, ocr_tasks.file_path, ocr_tasks.status, ocr_tasks.created_at, ocr_tasks.completed_at, ocr_tasks.result, ocr_tasks.correction_log, ocr_tasks.model_version, ocr_tasks.inference_ms, ocr_tasks.avg_confidence, ocr_tasks.image_width, ocr_tasks.image_height, ocr_tasks.owner_id 
FROM ocr_tasks 
WHERE ocr_tasks.owner_id = $1::INTEGER ORDER BY ocr_tasks.created_at DESC 
 LIMIT $2::INTEGER OFFSET $3::INTEGER
2026-05-17 21:50:43 | INFO | sqlalchemy.engine.Engine | [cached since 766.9s ago] (4, 20, 0)
2026-05-17 21:50:43 | INFO | sqlalchemy.engine.Engine | ROLLBACK
2026-05-17 21:50:46 | INFO | sqlalchemy.engine.Engine | BEGIN (implicit)
2026-05-17 21:50:46 | INFO | sqlalchemy.engine.Engine | SELECT users.id, users.email, users.username, users.hashed_password, users.is_active, users.created_at 
FROM users 
WHERE users.username = $1::VARCHAR
2026-05-17 21:50:46 | INFO | sqlalchemy.engine.Engine | [cached since 770.2s ago] ('yyy',)
2026-05-17 21:50:46 | INFO | sqlalchemy.engine.Engine | SELECT ocr_tasks.id, ocr_tasks.celery_task_id, ocr_tasks.filename, ocr_tasks.file_path, ocr_tasks.status, ocr_tasks.created_at, ocr_tasks.completed_at, ocr_tasks.result, ocr_tasks.correction_log, ocr_tasks.model_version, ocr_tasks.inference_ms, ocr_tasks.avg_confidence, ocr_tasks.image_width, ocr_tasks.image_height, ocr_tasks.owner_id 
FROM ocr_tasks 
WHERE ocr_tasks.owner_id = $1::INTEGER ORDER BY ocr_tasks.created_at DESC 
 LIMIT $2::INTEGER OFFSET $3::INTEGER
2026-05-17 21:50:46 | INFO | sqlalchemy.engine.Engine | [cached since 769.8s ago] (4, 20, 0)
2026-05-17 21:50:46 | INFO | sqlalchemy.engine.Engine | ROLLBACK
2026-05-17 21:50:49 | INFO | sqlalchemy.engine.Engine | BEGIN (implicit)
2026-05-17 21:50:49 | INFO | sqlalchemy.engine.Engine | SELECT users.id, users.email, users.username, users.hashed_password, users.is_active, users.created_at 
FROM users 
WHERE users.username = $1::VARCHAR
2026-05-17 21:50:49 | INFO | sqlalchemy.engine.Engine | [cached since 773.1s ago] ('yyy',)
2026-05-17 21:50:49 | INFO | sqlalchemy.engine.Engine | BEGIN (implicit)
2026-05-17 21:50:49 | INFO | sqlalchemy.engine.Engine | SELECT users.id, users.email, users.username, users.hashed_password, users.is_active, users.created_at 
FROM users 
WHERE users.username = $1::VARCHAR
2026-05-17 21:50:49 | INFO | sqlalchemy.engine.Engine | [cached since 773.1s ago] ('yyy',)
2026-05-17 21:50:49 | INFO | sqlalchemy.engine.Engine | SELECT date_trunc($1::VARCHAR, ocr_tasks.completed_at) AS bucket, avg(ocr_tasks.inference_ms) AS avg_ms, count(ocr_tasks.id) AS cnt 
FROM ocr_tasks 
WHERE ocr_tasks.owner_id = $2::INTEGER AND ocr_tasks.status = $3::taskstatus AND ocr_tasks.completed_at IS NOT NULL AND ocr_tasks.completed_at >= $4::TIMESTAMP WITHOUT TIME ZONE AND ocr_tasks.inference_ms IS NOT NULL GROUP BY date_trunc($1::VARCHAR, ocr_tasks.completed_at) ORDER BY bucket
2026-05-17 21:50:49 | INFO | sqlalchemy.engine.Engine | [cached since 542.8s ago] ('hour', 4, 'COMPLETED', datetime.datetime(2026, 5, 16, 13, 50, 49, 584349))
2026-05-17 21:50:49 | INFO | sqlalchemy.engine.Engine | SELECT ocr_tasks.id, ocr_tasks.celery_task_id, ocr_tasks.filename, ocr_tasks.file_path, ocr_tasks.status, ocr_tasks.created_at, ocr_tasks.completed_at, ocr_tasks.result, ocr_tasks.correction_log, ocr_tasks.model_version, ocr_tasks.inference_ms, ocr_tasks.avg_confidence, ocr_tasks.image_width, ocr_tasks.image_height, ocr_tasks.owner_id 
FROM ocr_tasks 
WHERE ocr_tasks.owner_id = $1::INTEGER AND (ocr_tasks.status = $2::taskstatus AND ocr_tasks.avg_confidence IS NOT NULL AND ocr_tasks.avg_confidence < $3::FLOAT OR ocr_tasks.status = $4::taskstatus) ORDER BY ocr_tasks.created_at DESC 
 LIMIT $5::INTEGER
2026-05-17 21:50:49 | INFO | sqlalchemy.engine.Engine | [cached since 542.8s ago] (4, 'COMPLETED', 0.8, 'FAILED', 30)
2026-05-17 21:50:49 | INFO | sqlalchemy.engine.Engine | SELECT ocr_tasks.id 
FROM ocr_tasks 
WHERE ocr_tasks.owner_id = $1::INTEGER AND ocr_tasks.status = $2::taskstatus AND ocr_tasks.avg_confidence IS NOT NULL AND ocr_tasks.avg_confidence < $3::FLOAT ORDER BY ocr_tasks.created_at DESC 
 LIMIT $4::INTEGER
2026-05-17 21:50:49 | INFO | sqlalchemy.engine.Engine | [cached since 542.7s ago] (4, 'COMPLETED', 0.8, 50)
2026-05-17 21:50:49 | INFO | sqlalchemy.engine.Engine | ROLLBACK
2026-05-17 21:50:49 | INFO | sqlalchemy.engine.Engine | SELECT ocr_tasks.status, count(ocr_tasks.id) AS count_1 
FROM ocr_tasks 
WHERE ocr_tasks.owner_id = $1::INTEGER AND ocr_tasks.created_at >= $2::TIMESTAMP WITHOUT TIME ZONE GROUP BY ocr_tasks.status
2026-05-17 21:50:49 | INFO | sqlalchemy.engine.Engine | [cached since 542.7s ago] (4, datetime.datetime(2026, 5, 16, 13, 50, 49, 606658))
2026-05-17 21:50:49 | INFO | sqlalchemy.engine.Engine | ROLLBACK
2026-05-17 21:50:49 | INFO | sqlalchemy.engine.Engine | BEGIN (implicit)
2026-05-17 21:50:49 | INFO | sqlalchemy.engine.Engine | SELECT users.id, users.email, users.username, users.hashed_password, users.is_active, users.created_at 
FROM users 
WHERE users.username = $1::VARCHAR
2026-05-17 21:50:49 | INFO | sqlalchemy.engine.Engine | [cached since 773.2s ago] ('yyy',)
2026-05-17 21:50:49 | INFO | sqlalchemy.engine.Engine | SELECT ocr_tasks.id, ocr_tasks.celery_task_id, ocr_tasks.filename, ocr_tasks.file_path, ocr_tasks.status, ocr_tasks.created_at, ocr_tasks.completed_at, ocr_tasks.result, ocr_tasks.correction_log, ocr_tasks.model_version, ocr_tasks.inference_ms, ocr_tasks.avg_confidence, ocr_tasks.image_width, ocr_tasks.image_height, ocr_tasks.owner_id 
FROM ocr_tasks 
WHERE ocr_tasks.owner_id = $1::INTEGER ORDER BY ocr_tasks.created_at DESC 
 LIMIT $2::INTEGER OFFSET $3::INTEGER
2026-05-17 21:50:49 | INFO | sqlalchemy.engine.Engine | [cached since 772.8s ago] (4, 20, 0)
2026-05-17 21:50:49 | INFO | sqlalchemy.engine.Engine | ROLLBACK
2026-05-17 22:00:25 | INFO | sqlalchemy.engine.Engine | BEGIN (implicit)
2026-05-17 22:00:25 | INFO | sqlalchemy.engine.Engine | SELECT users.id, users.email, users.username, users.hashed_password, users.is_active, users.created_at 
FROM users 
WHERE users.username = $1::VARCHAR
2026-05-17 22:00:25 | INFO | sqlalchemy.engine.Engine | [cached since 1349s ago] ('yyy',)
2026-05-17 22:00:25 | INFO | sqlalchemy.engine.Engine | ROLLBACK
2026-05-17 22:00:25 | INFO | sqlalchemy.engine.Engine | BEGIN (implicit)
2026-05-17 22:00:25 | INFO | sqlalchemy.engine.Engine | SELECT users.id, users.email, users.username, users.hashed_password, users.is_active, users.created_at 
FROM users 
WHERE users.username = $1::VARCHAR
2026-05-17 22:00:25 | INFO | sqlalchemy.engine.Engine | [cached since 1349s ago] ('yyy',)
2026-05-17 22:00:25 | INFO | sqlalchemy.engine.Engine | ROLLBACK
2026-05-17 22:00:25 | INFO | sqlalchemy.engine.Engine | BEGIN (implicit)
2026-05-17 22:00:25 | INFO | sqlalchemy.engine.Engine | SELECT users.id, users.email, users.username, users.hashed_password, users.is_active, users.created_at 
FROM users 
WHERE users.username = $1::VARCHAR
2026-05-17 22:00:25 | INFO | sqlalchemy.engine.Engine | [cached since 1349s ago] ('yyy',)
2026-05-17 22:00:25 | INFO | sqlalchemy.engine.Engine | SELECT date_trunc($1::VARCHAR, ocr_tasks.completed_at) AS bucket, avg(ocr_tasks.inference_ms) AS avg_ms, count(ocr_tasks.id) AS cnt 
FROM ocr_tasks 
WHERE ocr_tasks.owner_id = $2::INTEGER AND ocr_tasks.status = $3::taskstatus AND ocr_tasks.completed_at IS NOT NULL AND ocr_tasks.completed_at >= $4::TIMESTAMP WITHOUT TIME ZONE AND ocr_tasks.inference_ms IS NOT NULL GROUP BY date_trunc($1::VARCHAR, ocr_tasks.completed_at) ORDER BY bucket
2026-05-17 22:00:25 | INFO | sqlalchemy.engine.Engine | [cached since 1119s ago] ('hour', 4, 'COMPLETED', datetime.datetime(2026, 5, 16, 14, 0, 25, 763149))
2026-05-17 22:00:25 | INFO | sqlalchemy.engine.Engine | SELECT ocr_tasks.id 
FROM ocr_tasks 
WHERE ocr_tasks.owner_id = $1::INTEGER AND ocr_tasks.status = $2::taskstatus AND ocr_tasks.avg_confidence IS NOT NULL AND ocr_tasks.avg_confidence < $3::FLOAT ORDER BY ocr_tasks.created_at DESC 
 LIMIT $4::INTEGER
2026-05-17 22:00:25 | INFO | sqlalchemy.engine.Engine | [cached since 1119s ago] (4, 'COMPLETED', 0.8, 50)
2026-05-17 22:00:25 | INFO | sqlalchemy.engine.Engine | SELECT ocr_tasks.status, count(ocr_tasks.id) AS count_1 
FROM ocr_tasks 
WHERE ocr_tasks.owner_id = $1::INTEGER AND ocr_tasks.created_at >= $2::TIMESTAMP WITHOUT TIME ZONE GROUP BY ocr_tasks.status
2026-05-17 22:00:25 | INFO | sqlalchemy.engine.Engine | [cached since 1119s ago] (4, datetime.datetime(2026, 5, 16, 14, 0, 25, 791351))
2026-05-17 22:00:25 | INFO | sqlalchemy.engine.Engine | ROLLBACK
2026-05-17 22:00:25 | INFO | sqlalchemy.engine.Engine | BEGIN (implicit)
2026-05-17 22:00:25 | INFO | sqlalchemy.engine.Engine | SELECT users.id, users.email, users.username, users.hashed_password, users.is_active, users.created_at 
FROM users 
WHERE users.username = $1::VARCHAR
2026-05-17 22:00:25 | INFO | sqlalchemy.engine.Engine | [cached since 1349s ago] ('yyy',)
2026-05-17 22:00:25 | INFO | sqlalchemy.engine.Engine | SELECT ocr_tasks.id, ocr_tasks.celery_task_id, ocr_tasks.filename, ocr_tasks.file_path, ocr_tasks.status, ocr_tasks.created_at, ocr_tasks.completed_at, ocr_tasks.result, ocr_tasks.correction_log, ocr_tasks.model_version, ocr_tasks.inference_ms, ocr_tasks.avg_confidence, ocr_tasks.image_width, ocr_tasks.image_height, ocr_tasks.owner_id 
FROM ocr_tasks 
WHERE ocr_tasks.owner_id = $1::INTEGER AND (ocr_tasks.status = $2::taskstatus AND ocr_tasks.avg_confidence IS NOT NULL AND ocr_tasks.avg_confidence < $3::FLOAT OR ocr_tasks.status = $4::taskstatus) ORDER BY ocr_tasks.created_at DESC 
 LIMIT $5::INTEGER
2026-05-17 22:00:25 | INFO | sqlalchemy.engine.Engine | [cached since 1119s ago] (4, 'COMPLETED', 0.8, 'FAILED', 30)
2026-05-17 22:00:25 | INFO | sqlalchemy.engine.Engine | ROLLBACK
2026-05-17 22:00:25 | INFO | sqlalchemy.engine.Engine | BEGIN (implicit)
2026-05-17 22:00:25 | INFO | sqlalchemy.engine.Engine | SELECT users.id, users.email, users.username, users.hashed_password, users.is_active, users.created_at 
FROM users 
WHERE users.username = $1::VARCHAR
2026-05-17 22:00:25 | INFO | sqlalchemy.engine.Engine | [cached since 1349s ago] ('yyy',)
2026-05-17 22:00:25 | INFO | sqlalchemy.engine.Engine | SELECT ocr_tasks.id, ocr_tasks.celery_task_id, ocr_tasks.filename, ocr_tasks.file_path, ocr_tasks.status, ocr_tasks.created_at, ocr_tasks.completed_at, ocr_tasks.result, ocr_tasks.correction_log, ocr_tasks.model_version, ocr_tasks.inference_ms, ocr_tasks.avg_confidence, ocr_tasks.image_width, ocr_tasks.image_height, ocr_tasks.owner_id 
FROM ocr_tasks 
WHERE ocr_tasks.owner_id = $1::INTEGER ORDER BY ocr_tasks.created_at DESC 
 LIMIT $2::INTEGER OFFSET $3::INTEGER
2026-05-17 22:00:25 | INFO | sqlalchemy.engine.Engine | [cached since 1349s ago] (4, 20, 0)
2026-05-17 22:00:25 | INFO | sqlalchemy.engine.Engine | ROLLBACK
2026-05-17 22:00:25 | INFO | sqlalchemy.engine.Engine | BEGIN (implicit)
2026-05-17 22:00:25 | INFO | sqlalchemy.engine.Engine | SELECT users.id, users.email, users.username, users.hashed_password, users.is_active, users.created_at 
FROM users 
WHERE users.username = $1::VARCHAR
2026-05-17 22:00:25 | INFO | sqlalchemy.engine.Engine | [cached since 1350s ago] ('yyy',)
2026-05-17 22:00:25 | INFO | sqlalchemy.engine.Engine | SELECT count(*) AS count_1 
FROM system_logs 
WHERE system_logs.level = $1::VARCHAR AND system_logs.created_at >= $2::TIMESTAMP WITHOUT TIME ZONE
2026-05-17 22:00:25 | INFO | sqlalchemy.engine.Engine | [cached since 1119s ago] ('ERROR', datetime.datetime(2026, 5, 16, 14, 0, 25, 971782))
2026-05-17 22:00:25 | INFO | sqlalchemy.engine.Engine | SELECT count(*) AS count_1 
FROM system_logs 
WHERE system_logs.level = $1::VARCHAR AND system_logs.created_at >= $2::TIMESTAMP WITHOUT TIME ZONE
2026-05-17 22:00:25 | INFO | sqlalchemy.engine.Engine | [cached since 1119s ago] ('WARNING', datetime.datetime(2026, 5, 16, 14, 0, 25, 971782))
2026-05-17 22:00:25 | INFO | sqlalchemy.engine.Engine | SELECT count(*) AS count_1 
FROM system_logs 
WHERE system_logs.created_at >= $1::TIMESTAMP WITHOUT TIME ZONE
2026-05-17 22:00:25 | INFO | sqlalchemy.engine.Engine | [cached since 1119s ago] (datetime.datetime(2026, 5, 16, 14, 0, 25, 971782),)
2026-05-17 22:00:25 | INFO | sqlalchemy.engine.Engine | SELECT data_backup_records.id, data_backup_records.filename, data_backup_records.file_path, data_backup_records.size_bytes, data_backup_records.success, data_backup_records.error_message, data_backup_records.created_by_user_id, data_backup_records.created_at 
FROM data_backup_records ORDER BY data_backup_records.created_at DESC 
 LIMIT $1::INTEGER
2026-05-17 22:00:25 | INFO | sqlalchemy.engine.Engine | [cached since 1119s ago] (1,)
2026-05-17 22:00:25 | INFO | sqlalchemy.engine.Engine | ROLLBACK
2026-05-17 22:00:26 | INFO | sqlalchemy.engine.Engine | BEGIN (implicit)
2026-05-17 22:00:26 | INFO | sqlalchemy.engine.Engine | SELECT users.id, users.email, users.username, users.hashed_password, users.is_active, users.created_at 
FROM users 
WHERE users.username = $1::VARCHAR
2026-05-17 22:00:26 | INFO | sqlalchemy.engine.Engine | [cached since 1350s ago] ('yyy',)
2026-05-17 22:00:26 | INFO | sqlalchemy.engine.Engine | SELECT system_logs.id, system_logs.level, system_logs.source, system_logs.message, system_logs.detail, system_logs.path, system_logs.user_id, system_logs.created_at 
FROM system_logs ORDER BY system_logs.created_at DESC 
 LIMIT $1::INTEGER
2026-05-17 22:00:26 | INFO | sqlalchemy.engine.Engine | [cached since 1119s ago] (30,)
2026-05-17 22:00:26 | INFO | sqlalchemy.engine.Engine | BEGIN (implicit)
2026-05-17 22:00:26 | INFO | sqlalchemy.engine.Engine | SELECT users.id, users.email, users.username, users.hashed_password, users.is_active, users.created_at 
FROM users 
WHERE users.username = $1::VARCHAR
2026-05-17 22:00:26 | INFO | sqlalchemy.engine.Engine | [cached since 1350s ago] ('yyy',)
2026-05-17 22:00:26 | INFO | sqlalchemy.engine.Engine | BEGIN (implicit)
2026-05-17 22:00:26 | INFO | sqlalchemy.engine.Engine | SELECT users.id, users.email, users.username, users.hashed_password, users.is_active, users.created_at 
FROM users 
WHERE users.username = $1::VARCHAR
2026-05-17 22:00:26 | INFO | sqlalchemy.engine.Engine | [cached since 1350s ago] ('yyy',)
2026-05-17 22:00:26 | INFO | sqlalchemy.engine.Engine | ROLLBACK
2026-05-17 22:00:26 | INFO | sqlalchemy.engine.Engine | SELECT count(*) AS count_1 
FROM system_logs 
WHERE system_logs.level = $1::VARCHAR AND system_logs.created_at >= $2::TIMESTAMP WITHOUT TIME ZONE
2026-05-17 22:00:26 | INFO | sqlalchemy.engine.Engine | [cached since 1119s ago] ('ERROR', datetime.datetime(2026, 5, 16, 14, 0, 26, 115347))
2026-05-17 22:00:26 | INFO | sqlalchemy.engine.Engine | SELECT ocr_tasks.id, ocr_tasks.celery_task_id, ocr_tasks.filename, ocr_tasks.file_path, ocr_tasks.status, ocr_tasks.created_at, ocr_tasks.completed_at, ocr_tasks.result, ocr_tasks.correction_log, ocr_tasks.model_version, ocr_tasks.inference_ms, ocr_tasks.avg_confidence, ocr_tasks.image_width, ocr_tasks.image_height, ocr_tasks.owner_id 
FROM ocr_tasks 
WHERE ocr_tasks.owner_id = $1::INTEGER ORDER BY ocr_tasks.created_at DESC 
 LIMIT $2::INTEGER OFFSET $3::INTEGER
2026-05-17 22:00:26 | INFO | sqlalchemy.engine.Engine | [cached since 1349s ago] (4, 20, 0)
2026-05-17 22:00:26 | INFO | sqlalchemy.engine.Engine | SELECT count(*) AS count_1 
FROM system_logs 
WHERE system_logs.level = $1::VARCHAR AND system_logs.created_at >= $2::TIMESTAMP WITHOUT TIME ZONE
2026-05-17 22:00:26 | INFO | sqlalchemy.engine.Engine | [cached since 1119s ago] ('WARNING', datetime.datetime(2026, 5, 16, 14, 0, 26, 115347))
2026-05-17 22:00:26 | INFO | sqlalchemy.engine.Engine | SELECT count(*) AS count_1 
FROM system_logs 
WHERE system_logs.created_at >= $1::TIMESTAMP WITHOUT TIME ZONE
2026-05-17 22:00:26 | INFO | sqlalchemy.engine.Engine | [cached since 1119s ago] (datetime.datetime(2026, 5, 16, 14, 0, 26, 115347),)
2026-05-17 22:00:26 | INFO | sqlalchemy.engine.Engine | SELECT data_backup_records.id, data_backup_records.filename, data_backup_records.file_path, data_backup_records.size_bytes, data_backup_records.success, data_backup_records.error_message, data_backup_records.created_by_user_id, data_backup_records.created_at 
FROM data_backup_records ORDER BY data_backup_records.created_at DESC 
 LIMIT $1::INTEGER
2026-05-17 22:00:26 | INFO | sqlalchemy.engine.Engine | [cached since 1119s ago] (1,)
2026-05-17 22:00:26 | INFO | sqlalchemy.engine.Engine | BEGIN (implicit)
2026-05-17 22:00:26 | INFO | sqlalchemy.engine.Engine | SELECT users.id, users.email, users.username, users.hashed_password, users.is_active, users.created_at 
FROM users 
WHERE users.username = $1::VARCHAR
2026-05-17 22:00:26 | INFO | sqlalchemy.engine.Engine | [cached since 1350s ago] ('yyy',)
2026-05-17 22:00:26 | INFO | sqlalchemy.engine.Engine | ROLLBACK
2026-05-17 22:00:26 | INFO | sqlalchemy.engine.Engine | SELECT system_logs.id, system_logs.level, system_logs.source, system_logs.message, system_logs.detail, system_logs.path, system_logs.user_id, system_logs.created_at 
FROM system_logs ORDER BY system_logs.created_at DESC 
 LIMIT $1::INTEGER
2026-05-17 22:00:26 | INFO | sqlalchemy.engine.Engine | [cached since 1119s ago] (30,)
2026-05-17 22:00:26 | INFO | sqlalchemy.engine.Engine | ROLLBACK
2026-05-17 22:00:26 | INFO | sqlalchemy.engine.Engine | ROLLBACK
2026-05-17 22:00:27 | INFO | sqlalchemy.engine.Engine | BEGIN (implicit)
2026-05-17 22:00:27 | INFO | sqlalchemy.engine.Engine | SELECT users.id, users.email, users.username, users.hashed_password, users.is_active, users.created_at 
FROM users 
WHERE users.username = $1::VARCHAR
2026-05-17 22:00:27 | INFO | sqlalchemy.engine.Engine | [cached since 1351s ago] ('yyy',)
2026-05-17 22:00:27 | INFO | sqlalchemy.engine.Engine | SELECT ocr_tasks.id, ocr_tasks.celery_task_id, ocr_tasks.filename, ocr_tasks.file_path, ocr_tasks.status, ocr_tasks.created_at, ocr_tasks.completed_at, ocr_tasks.result, ocr_tasks.correction_log, ocr_tasks.model_version, ocr_tasks.inference_ms, ocr_tasks.avg_confidence, ocr_tasks.image_width, ocr_tasks.image_height, ocr_tasks.owner_id 
FROM ocr_tasks 
WHERE ocr_tasks.owner_id = $1::INTEGER ORDER BY ocr_tasks.created_at DESC 
 LIMIT $2::INTEGER OFFSET $3::INTEGER
2026-05-17 22:00:27 | INFO | sqlalchemy.engine.Engine | [cached since 1351s ago] (4, 20, 0)
2026-05-17 22:00:27 | INFO | sqlalchemy.engine.Engine | ROLLBACK
2026-05-17 22:00:27 | INFO | sqlalchemy.engine.Engine | BEGIN (implicit)
2026-05-17 22:00:27 | INFO | sqlalchemy.engine.Engine | SELECT users.id, users.email, users.username, users.hashed_password, users.is_active, users.created_at 
FROM users 
WHERE users.username = $1::VARCHAR
2026-05-17 22:00:27 | INFO | sqlalchemy.engine.Engine | [cached since 1351s ago] ('yyy',)
2026-05-17 22:00:27 | INFO | sqlalchemy.engine.Engine | SELECT ocr_tasks.id, ocr_tasks.celery_task_id, ocr_tasks.filename, ocr_tasks.file_path, ocr_tasks.status, ocr_tasks.created_at, ocr_tasks.completed_at, ocr_tasks.result, ocr_tasks.correction_log, ocr_tasks.model_version, ocr_tasks.inference_ms, ocr_tasks.avg_confidence, ocr_tasks.image_width, ocr_tasks.image_height, ocr_tasks.owner_id 
FROM ocr_tasks 
WHERE ocr_tasks.owner_id = $1::INTEGER ORDER BY ocr_tasks.created_at DESC 
 LIMIT $2::INTEGER OFFSET $3::INTEGER
2026-05-17 22:00:27 | INFO | sqlalchemy.engine.Engine | [cached since 1351s ago] (4, 20, 0)
2026-05-17 22:00:27 | INFO | sqlalchemy.engine.Engine | ROLLBACK
2026-05-17 22:02:38 | INFO | apscheduler.scheduler | Scheduler has been shut down
2026-05-17 22:02:43 | INFO | sqlalchemy.engine.Engine | select pg_catalog.version()
2026-05-17 22:02:43 | INFO | sqlalchemy.engine.Engine | [raw sql] ()
2026-05-17 22:02:43 | INFO | sqlalchemy.engine.Engine | select current_schema()
2026-05-17 22:02:43 | INFO | sqlalchemy.engine.Engine | [raw sql] ()
2026-05-17 22:02:43 | INFO | sqlalchemy.engine.Engine | show standard_conforming_strings
2026-05-17 22:02:43 | INFO | sqlalchemy.engine.Engine | [raw sql] ()
2026-05-17 22:02:43 | INFO | sqlalchemy.engine.Engine | BEGIN (implicit)
2026-05-17 22:02:43 | INFO | sqlalchemy.engine.Engine | SELECT pg_catalog.pg_class.relname 
FROM pg_catalog.pg_class JOIN pg_catalog.pg_namespace ON pg_catalog.pg_namespace.oid = pg_catalog.pg_class.relnamespace 
WHERE pg_catalog.pg_class.relname = $1::VARCHAR AND pg_catalog.pg_class.relkind = ANY (ARRAY[$2::VARCHAR, $3::VARCHAR, $4::VARCHAR, $5::VARCHAR, $6::VARCHAR]) AND pg_catalog.pg_table_is_visible(pg_catalog.pg_class.oid) AND pg_catalog.pg_namespace.nspname != $7::VARCHAR
2026-05-17 22:02:43 | INFO | sqlalchemy.engine.Engine | [generated in 0.00044s] ('users', 'r', 'p', 'f', 'v', 'm', 'pg_catalog')
2026-05-17 22:02:43 | INFO | sqlalchemy.engine.Engine | SELECT pg_catalog.pg_class.relname 
FROM pg_catalog.pg_class JOIN pg_catalog.pg_namespace ON pg_catalog.pg_namespace.oid = pg_catalog.pg_class.relnamespace 
WHERE pg_catalog.pg_class.relname = $1::VARCHAR AND pg_catalog.pg_class.relkind = ANY (ARRAY[$2::VARCHAR, $3::VARCHAR, $4::VARCHAR, $5::VARCHAR, $6::VARCHAR]) AND pg_catalog.pg_table_is_visible(pg_catalog.pg_class.oid) AND pg_catalog.pg_namespace.nspname != $7::VARCHAR
2026-05-17 22:02:43 | INFO | sqlalchemy.engine.Engine | [cached since 0.006475s ago] ('ocr_tasks', 'r', 'p', 'f', 'v', 'm', 'pg_catalog')
2026-05-17 22:02:43 | INFO | sqlalchemy.engine.Engine | SELECT pg_catalog.pg_class.relname 
FROM pg_catalog.pg_class JOIN pg_catalog.pg_namespace ON pg_catalog.pg_namespace.oid = pg_catalog.pg_class.relnamespace 
WHERE pg_catalog.pg_class.relname = $1::VARCHAR AND pg_catalog.pg_class.relkind = ANY (ARRAY[$2::VARCHAR, $3::VARCHAR, $4::VARCHAR, $5::VARCHAR, $6::VARCHAR]) AND pg_catalog.pg_table_is_visible(pg_catalog.pg_class.oid) AND pg_catalog.pg_namespace.nspname != $7::VARCHAR
2026-05-17 22:02:43 | INFO | sqlalchemy.engine.Engine | [cached since 0.008129s ago] ('system_logs', 'r', 'p', 'f', 'v', 'm', 'pg_catalog')
2026-05-17 22:02:43 | INFO | sqlalchemy.engine.Engine | SELECT pg_catalog.pg_class.relname 
FROM pg_catalog.pg_class JOIN pg_catalog.pg_namespace ON pg_catalog.pg_namespace.oid = pg_catalog.pg_class.relnamespace 
WHERE pg_catalog.pg_class.relname = $1::VARCHAR AND pg_catalog.pg_class.relkind = ANY (ARRAY[$2::VARCHAR, $3::VARCHAR, $4::VARCHAR, $5::VARCHAR, $6::VARCHAR]) AND pg_catalog.pg_table_is_visible(pg_catalog.pg_class.oid) AND pg_catalog.pg_namespace.nspname != $7::VARCHAR
2026-05-17 22:02:43 | INFO | sqlalchemy.engine.Engine | [cached since 0.00952s ago] ('data_backup_records', 'r', 'p', 'f', 'v', 'm', 'pg_catalog')
2026-05-17 22:02:43 | INFO | sqlalchemy.engine.Engine | SELECT pg_catalog.pg_class.relname 
FROM pg_catalog.pg_class JOIN pg_catalog.pg_namespace ON pg_catalog.pg_namespace.oid = pg_catalog.pg_class.relnamespace 
WHERE pg_catalog.pg_class.relname = $1::VARCHAR AND pg_catalog.pg_class.relkind = ANY (ARRAY[$2::VARCHAR, $3::VARCHAR, $4::VARCHAR, $5::VARCHAR, $6::VARCHAR]) AND pg_catalog.pg_table_is_visible(pg_catalog.pg_class.oid) AND pg_catalog.pg_namespace.nspname != $7::VARCHAR
2026-05-17 22:02:43 | INFO | sqlalchemy.engine.Engine | [cached since 0.01086s ago] ('error_logs', 'r', 'p', 'f', 'v', 'm', 'pg_catalog')
2026-05-17 22:02:43 | INFO | sqlalchemy.engine.Engine | SELECT pg_catalog.pg_class.relname 
FROM pg_catalog.pg_class JOIN pg_catalog.pg_namespace ON pg_catalog.pg_namespace.oid = pg_catalog.pg_class.relnamespace 
WHERE pg_catalog.pg_class.relname = $1::VARCHAR AND pg_catalog.pg_class.relkind = ANY (ARRAY[$2::VARCHAR, $3::VARCHAR, $4::VARCHAR, $5::VARCHAR, $6::VARCHAR]) AND pg_catalog.pg_table_is_visible(pg_catalog.pg_class.oid) AND pg_catalog.pg_namespace.nspname != $7::VARCHAR
2026-05-17 22:02:43 | INFO | sqlalchemy.engine.Engine | [cached since 0.01243s ago] ('ocr_run_metrics', 'r', 'p', 'f', 'v', 'm', 'pg_catalog')
2026-05-17 22:02:43 | INFO | sqlalchemy.engine.Engine | SELECT pg_catalog.pg_type.typname 
FROM pg_catalog.pg_type JOIN pg_catalog.pg_namespace ON pg_catalog.pg_namespace.oid = pg_catalog.pg_type.typnamespace 
WHERE pg_catalog.pg_type.typname = $1::VARCHAR AND pg_catalog.pg_type_is_visible(pg_catalog.pg_type.oid) AND pg_catalog.pg_namespace.nspname != $2::VARCHAR
2026-05-17 22:02:43 | INFO | sqlalchemy.engine.Engine | [generated in 0.00037s] ('taskstatus', 'pg_catalog')
2026-05-17 22:02:43 | INFO | sqlalchemy.engine.Engine | COMMIT
2026-05-17 22:02:43 | INFO | apscheduler.scheduler | Adding job tentatively -- it will be properly scheduled when the scheduler starts
2026-05-17 22:02:43 | INFO | apscheduler.scheduler | Added job "daily_export_ocr_results_json" to job store "default"
2026-05-17 22:02:43 | INFO | apscheduler.scheduler | Scheduler started
2026-05-17 22:02:44 | INFO | apscheduler.scheduler | Scheduler has been shut down
2026-05-17 22:02:48 | INFO | sqlalchemy.engine.Engine | select pg_catalog.version()
2026-05-17 22:02:48 | INFO | sqlalchemy.engine.Engine | [raw sql] ()
2026-05-17 22:02:48 | INFO | sqlalchemy.engine.Engine | select current_schema()
2026-05-17 22:02:48 | INFO | sqlalchemy.engine.Engine | [raw sql] ()
2026-05-17 22:02:48 | INFO | sqlalchemy.engine.Engine | show standard_conforming_strings
2026-05-17 22:02:48 | INFO | sqlalchemy.engine.Engine | [raw sql] ()
2026-05-17 22:02:48 | INFO | sqlalchemy.engine.Engine | BEGIN (implicit)
2026-05-17 22:02:48 | INFO | sqlalchemy.engine.Engine | SELECT pg_catalog.pg_class.relname 
FROM pg_catalog.pg_class JOIN pg_catalog.pg_namespace ON pg_catalog.pg_namespace.oid = pg_catalog.pg_class.relnamespace 
WHERE pg_catalog.pg_class.relname = $1::VARCHAR AND pg_catalog.pg_class.relkind = ANY (ARRAY[$2::VARCHAR, $3::VARCHAR, $4::VARCHAR, $5::VARCHAR, $6::VARCHAR]) AND pg_catalog.pg_table_is_visible(pg_catalog.pg_class.oid) AND pg_catalog.pg_namespace.nspname != $7::VARCHAR
2026-05-17 22:02:48 | INFO | sqlalchemy.engine.Engine | [generated in 0.00046s] ('users', 'r', 'p', 'f', 'v', 'm', 'pg_catalog')
2026-05-17 22:02:48 | INFO | sqlalchemy.engine.Engine | SELECT pg_catalog.pg_class.relname 
FROM pg_catalog.pg_class JOIN pg_catalog.pg_namespace ON pg_catalog.pg_namespace.oid = pg_catalog.pg_class.relnamespace 
WHERE pg_catalog.pg_class.relname = $1::VARCHAR AND pg_catalog.pg_class.relkind = ANY (ARRAY[$2::VARCHAR, $3::VARCHAR, $4::VARCHAR, $5::VARCHAR, $6::VARCHAR]) AND pg_catalog.pg_table_is_visible(pg_catalog.pg_class.oid) AND pg_catalog.pg_namespace.nspname != $7::VARCHAR
2026-05-17 22:02:48 | INFO | sqlalchemy.engine.Engine | [cached since 0.006314s ago] ('ocr_tasks', 'r', 'p', 'f', 'v', 'm', 'pg_catalog')
2026-05-17 22:02:48 | INFO | sqlalchemy.engine.Engine | SELECT pg_catalog.pg_class.relname 
FROM pg_catalog.pg_class JOIN pg_catalog.pg_namespace ON pg_catalog.pg_namespace.oid = pg_catalog.pg_class.relnamespace 
WHERE pg_catalog.pg_class.relname = $1::VARCHAR AND pg_catalog.pg_class.relkind = ANY (ARRAY[$2::VARCHAR, $3::VARCHAR, $4::VARCHAR, $5::VARCHAR, $6::VARCHAR]) AND pg_catalog.pg_table_is_visible(pg_catalog.pg_class.oid) AND pg_catalog.pg_namespace.nspname != $7::VARCHAR
2026-05-17 22:02:48 | INFO | sqlalchemy.engine.Engine | [cached since 0.0078s ago] ('system_logs', 'r', 'p', 'f', 'v', 'm', 'pg_catalog')
2026-05-17 22:02:48 | INFO | sqlalchemy.engine.Engine | SELECT pg_catalog.pg_class.relname 
FROM pg_catalog.pg_class JOIN pg_catalog.pg_namespace ON pg_catalog.pg_namespace.oid = pg_catalog.pg_class.relnamespace 
WHERE pg_catalog.pg_class.relname = $1::VARCHAR AND pg_catalog.pg_class.relkind = ANY (ARRAY[$2::VARCHAR, $3::VARCHAR, $4::VARCHAR, $5::VARCHAR, $6::VARCHAR]) AND pg_catalog.pg_table_is_visible(pg_catalog.pg_class.oid) AND pg_catalog.pg_namespace.nspname != $7::VARCHAR
2026-05-17 22:02:48 | INFO | sqlalchemy.engine.Engine | [cached since 0.009194s ago] ('data_backup_records', 'r', 'p', 'f', 'v', 'm', 'pg_catalog')
2026-05-17 22:02:48 | INFO | sqlalchemy.engine.Engine | SELECT pg_catalog.pg_class.relname 
FROM pg_catalog.pg_class JOIN pg_catalog.pg_namespace ON pg_catalog.pg_namespace.oid = pg_catalog.pg_class.relnamespace 
WHERE pg_catalog.pg_class.relname = $1::VARCHAR AND pg_catalog.pg_class.relkind = ANY (ARRAY[$2::VARCHAR, $3::VARCHAR, $4::VARCHAR, $5::VARCHAR, $6::VARCHAR]) AND pg_catalog.pg_table_is_visible(pg_catalog.pg_class.oid) AND pg_catalog.pg_namespace.nspname != $7::VARCHAR
2026-05-17 22:02:48 | INFO | sqlalchemy.engine.Engine | [cached since 0.01061s ago] ('error_logs', 'r', 'p', 'f', 'v', 'm', 'pg_catalog')
2026-05-17 22:02:48 | INFO | sqlalchemy.engine.Engine | SELECT pg_catalog.pg_class.relname 
FROM pg_catalog.pg_class JOIN pg_catalog.pg_namespace ON pg_catalog.pg_namespace.oid = pg_catalog.pg_class.relnamespace 
WHERE pg_catalog.pg_class.relname = $1::VARCHAR AND pg_catalog.pg_class.relkind = ANY (ARRAY[$2::VARCHAR, $3::VARCHAR, $4::VARCHAR, $5::VARCHAR, $6::VARCHAR]) AND pg_catalog.pg_table_is_visible(pg_catalog.pg_class.oid) AND pg_catalog.pg_namespace.nspname != $7::VARCHAR
2026-05-17 22:02:48 | INFO | sqlalchemy.engine.Engine | [cached since 0.01207s ago] ('ocr_run_metrics', 'r', 'p', 'f', 'v', 'm', 'pg_catalog')
2026-05-17 22:02:48 | INFO | sqlalchemy.engine.Engine | SELECT pg_catalog.pg_type.typname 
FROM pg_catalog.pg_type JOIN pg_catalog.pg_namespace ON pg_catalog.pg_namespace.oid = pg_catalog.pg_type.typnamespace 
WHERE pg_catalog.pg_type.typname = $1::VARCHAR AND pg_catalog.pg_type_is_visible(pg_catalog.pg_type.oid) AND pg_catalog.pg_namespace.nspname != $2::VARCHAR
2026-05-17 22:02:48 | INFO | sqlalchemy.engine.Engine | [generated in 0.00036s] ('taskstatus', 'pg_catalog')
2026-05-17 22:02:48 | INFO | sqlalchemy.engine.Engine | COMMIT
2026-05-17 22:02:48 | INFO | apscheduler.scheduler | Adding job tentatively -- it will be properly scheduled when the scheduler starts
2026-05-17 22:02:48 | INFO | apscheduler.scheduler | Added job "daily_export_ocr_results_json" to job store "default"
2026-05-17 22:02:48 | INFO | apscheduler.scheduler | Scheduler started
2026-05-17 22:02:59 | INFO | sqlalchemy.engine.Engine | BEGIN (implicit)
2026-05-17 22:02:59 | INFO | sqlalchemy.engine.Engine | SELECT users.id, users.email, users.username, users.hashed_password, users.is_active, users.created_at 
FROM users 
WHERE users.username = $1::VARCHAR
2026-05-17 22:02:59 | INFO | sqlalchemy.engine.Engine | [generated in 0.00056s] ('yyy',)
2026-05-17 22:02:59 | INFO | sqlalchemy.engine.Engine | SELECT ocr_tasks.id, ocr_tasks.celery_task_id, ocr_tasks.filename, ocr_tasks.file_path, ocr_tasks.status, ocr_tasks.created_at, ocr_tasks.completed_at, ocr_tasks.result, ocr_tasks.correction_log, ocr_tasks.model_version, ocr_tasks.inference_ms, ocr_tasks.avg_confidence, ocr_tasks.image_width, ocr_tasks.image_height, ocr_tasks.owner_id 
FROM ocr_tasks 
WHERE ocr_tasks.owner_id = $1::INTEGER ORDER BY ocr_tasks.created_at DESC 
 LIMIT $2::INTEGER OFFSET $3::INTEGER
2026-05-17 22:02:59 | INFO | sqlalchemy.engine.Engine | [generated in 0.00041s] (4, 20, 0)
2026-05-17 22:02:59 | INFO | sqlalchemy.engine.Engine | ROLLBACK
2026-05-17 22:03:00 | INFO | sqlalchemy.engine.Engine | BEGIN (implicit)
2026-05-17 22:03:00 | INFO | sqlalchemy.engine.Engine | SELECT users.id, users.email, users.username, users.hashed_password, users.is_active, users.created_at 
FROM users 
WHERE users.username = $1::VARCHAR
2026-05-17 22:03:00 | INFO | sqlalchemy.engine.Engine | [cached since 0.05491s ago] ('yyy',)
2026-05-17 22:03:00 | INFO | sqlalchemy.engine.Engine | SELECT ocr_tasks.id, ocr_tasks.celery_task_id, ocr_tasks.filename, ocr_tasks.file_path, ocr_tasks.status, ocr_tasks.created_at, ocr_tasks.completed_at, ocr_tasks.result, ocr_tasks.correction_log, ocr_tasks.model_version, ocr_tasks.inference_ms, ocr_tasks.avg_confidence, ocr_tasks.image_width, ocr_tasks.image_height, ocr_tasks.owner_id 
FROM ocr_tasks 
WHERE ocr_tasks.owner_id = $1::INTEGER ORDER BY ocr_tasks.created_at DESC 
 LIMIT $2::INTEGER OFFSET $3::INTEGER
2026-05-17 22:03:00 | INFO | sqlalchemy.engine.Engine | [cached since 0.05414s ago] (4, 20, 0)
2026-05-17 22:03:00 | INFO | sqlalchemy.engine.Engine | ROLLBACK
2026-05-17 22:03:09 | INFO | sqlalchemy.engine.Engine | BEGIN (implicit)
2026-05-17 22:03:09 | INFO | sqlalchemy.engine.Engine | SELECT users.id, users.email, users.username, users.hashed_password, users.is_active, users.created_at 
FROM users 
WHERE users.username = $1::VARCHAR
2026-05-17 22:03:09 | INFO | sqlalchemy.engine.Engine | [cached since 9.668s ago] ('yyy',)
2026-05-17 22:03:09 | INFO | sqlalchemy.engine.Engine | ROLLBACK
2026-05-17 22:03:09 | INFO | sqlalchemy.engine.Engine | BEGIN (implicit)
2026-05-17 22:03:09 | INFO | sqlalchemy.engine.Engine | SELECT users.id, users.email, users.username, users.hashed_password, users.is_active, users.created_at 
FROM users 
WHERE users.username = $1::VARCHAR
2026-05-17 22:03:09 | INFO | sqlalchemy.engine.Engine | [cached since 9.709s ago] ('yyy',)
2026-05-17 22:03:09 | INFO | sqlalchemy.engine.Engine | SELECT ocr_tasks.id, ocr_tasks.celery_task_id, ocr_tasks.filename, ocr_tasks.file_path, ocr_tasks.status, ocr_tasks.created_at, ocr_tasks.completed_at, ocr_tasks.result, ocr_tasks.correction_log, ocr_tasks.model_version, ocr_tasks.inference_ms, ocr_tasks.avg_confidence, ocr_tasks.image_width, ocr_tasks.image_height, ocr_tasks.owner_id 
FROM ocr_tasks 
WHERE ocr_tasks.owner_id = $1::INTEGER ORDER BY ocr_tasks.created_at DESC 
 LIMIT $2::INTEGER OFFSET $3::INTEGER
2026-05-17 22:03:09 | INFO | sqlalchemy.engine.Engine | [cached since 9.708s ago] (4, 20, 0)
2026-05-17 22:03:09 | INFO | sqlalchemy.engine.Engine | ROLLBACK
2026-05-17 22:03:09 | INFO | sqlalchemy.engine.Engine | BEGIN (implicit)
2026-05-17 22:03:09 | INFO | sqlalchemy.engine.Engine | SELECT users.id, users.email, users.username, users.hashed_password, users.is_active, users.created_at 
FROM users 
WHERE users.username = $1::VARCHAR
2026-05-17 22:03:09 | INFO | sqlalchemy.engine.Engine | [cached since 9.76s ago] ('yyy',)
2026-05-17 22:03:09 | INFO | sqlalchemy.engine.Engine | SELECT ocr_tasks.id, ocr_tasks.celery_task_id, ocr_tasks.filename, ocr_tasks.file_path, ocr_tasks.status, ocr_tasks.created_at, ocr_tasks.completed_at, ocr_tasks.result, ocr_tasks.correction_log, ocr_tasks.model_version, ocr_tasks.inference_ms, ocr_tasks.avg_confidence, ocr_tasks.image_width, ocr_tasks.image_height, ocr_tasks.owner_id 
FROM ocr_tasks 
WHERE ocr_tasks.owner_id = $1::INTEGER ORDER BY ocr_tasks.created_at DESC 
 LIMIT $2::INTEGER OFFSET $3::INTEGER
2026-05-17 22:03:09 | INFO | sqlalchemy.engine.Engine | [cached since 9.759s ago] (4, 20, 0)
2026-05-17 22:03:09 | INFO | sqlalchemy.engine.Engine | ROLLBACK
2026-05-17 22:03:16 | INFO | apscheduler.scheduler | Scheduler has been shut down
2026-05-17 22:03:20 | INFO | sqlalchemy.engine.Engine | select pg_catalog.version()
2026-05-17 22:03:20 | INFO | sqlalchemy.engine.Engine | [raw sql] ()
2026-05-17 22:03:20 | INFO | sqlalchemy.engine.Engine | select current_schema()
2026-05-17 22:03:20 | INFO | sqlalchemy.engine.Engine | [raw sql] ()
2026-05-17 22:03:20 | INFO | sqlalchemy.engine.Engine | show standard_conforming_strings
2026-05-17 22:03:20 | INFO | sqlalchemy.engine.Engine | [raw sql] ()
2026-05-17 22:03:20 | INFO | sqlalchemy.engine.Engine | BEGIN (implicit)
2026-05-17 22:03:20 | INFO | sqlalchemy.engine.Engine | SELECT pg_catalog.pg_class.relname 
FROM pg_catalog.pg_class JOIN pg_catalog.pg_namespace ON pg_catalog.pg_namespace.oid = pg_catalog.pg_class.relnamespace 
WHERE pg_catalog.pg_class.relname = $1::VARCHAR AND pg_catalog.pg_class.relkind = ANY (ARRAY[$2::VARCHAR, $3::VARCHAR, $4::VARCHAR, $5::VARCHAR, $6::VARCHAR]) AND pg_catalog.pg_table_is_visible(pg_catalog.pg_class.oid) AND pg_catalog.pg_namespace.nspname != $7::VARCHAR
2026-05-17 22:03:20 | INFO | sqlalchemy.engine.Engine | [generated in 0.00043s] ('users', 'r', 'p', 'f', 'v', 'm', 'pg_catalog')
2026-05-17 22:03:20 | INFO | sqlalchemy.engine.Engine | SELECT pg_catalog.pg_class.relname 
FROM pg_catalog.pg_class JOIN pg_catalog.pg_namespace ON pg_catalog.pg_namespace.oid = pg_catalog.pg_class.relnamespace 
WHERE pg_catalog.pg_class.relname = $1::VARCHAR AND pg_catalog.pg_class.relkind = ANY (ARRAY[$2::VARCHAR, $3::VARCHAR, $4::VARCHAR, $5::VARCHAR, $6::VARCHAR]) AND pg_catalog.pg_table_is_visible(pg_catalog.pg_class.oid) AND pg_catalog.pg_namespace.nspname != $7::VARCHAR
2026-05-17 22:03:20 | INFO | sqlalchemy.engine.Engine | [cached since 0.005701s ago] ('ocr_tasks', 'r', 'p', 'f', 'v', 'm', 'pg_catalog')
2026-05-17 22:03:20 | INFO | sqlalchemy.engine.Engine | SELECT pg_catalog.pg_class.relname 
FROM pg_catalog.pg_class JOIN pg_catalog.pg_namespace ON pg_catalog.pg_namespace.oid = pg_catalog.pg_class.relnamespace 
WHERE pg_catalog.pg_class.relname = $1::VARCHAR AND pg_catalog.pg_class.relkind = ANY (ARRAY[$2::VARCHAR, $3::VARCHAR, $4::VARCHAR, $5::VARCHAR, $6::VARCHAR]) AND pg_catalog.pg_table_is_visible(pg_catalog.pg_class.oid) AND pg_catalog.pg_namespace.nspname != $7::VARCHAR
2026-05-17 22:03:20 | INFO | sqlalchemy.engine.Engine | [cached since 0.007287s ago] ('system_logs', 'r', 'p', 'f', 'v', 'm', 'pg_catalog')
2026-05-17 22:03:20 | INFO | sqlalchemy.engine.Engine | SELECT pg_catalog.pg_class.relname 
FROM pg_catalog.pg_class JOIN pg_catalog.pg_namespace ON pg_catalog.pg_namespace.oid = pg_catalog.pg_class.relnamespace 
WHERE pg_catalog.pg_class.relname = $1::VARCHAR AND pg_catalog.pg_class.relkind = ANY (ARRAY[$2::VARCHAR, $3::VARCHAR, $4::VARCHAR, $5::VARCHAR, $6::VARCHAR]) AND pg_catalog.pg_table_is_visible(pg_catalog.pg_class.oid) AND pg_catalog.pg_namespace.nspname != $7::VARCHAR
2026-05-17 22:03:20 | INFO | sqlalchemy.engine.Engine | [cached since 0.008675s ago] ('data_backup_records', 'r', 'p', 'f', 'v', 'm', 'pg_catalog')
2026-05-17 22:03:20 | INFO | sqlalchemy.engine.Engine | SELECT pg_catalog.pg_class.relname 
FROM pg_catalog.pg_class JOIN pg_catalog.pg_namespace ON pg_catalog.pg_namespace.oid = pg_catalog.pg_class.relnamespace 
WHERE pg_catalog.pg_class.relname = $1::VARCHAR AND pg_catalog.pg_class.relkind = ANY (ARRAY[$2::VARCHAR, $3::VARCHAR, $4::VARCHAR, $5::VARCHAR, $6::VARCHAR]) AND pg_catalog.pg_table_is_visible(pg_catalog.pg_class.oid) AND pg_catalog.pg_namespace.nspname != $7::VARCHAR
2026-05-17 22:03:20 | INFO | sqlalchemy.engine.Engine | [cached since 0.01011s ago] ('error_logs', 'r', 'p', 'f', 'v', 'm', 'pg_catalog')
2026-05-17 22:03:20 | INFO | sqlalchemy.engine.Engine | SELECT pg_catalog.pg_class.relname 
FROM pg_catalog.pg_class JOIN pg_catalog.pg_namespace ON pg_catalog.pg_namespace.oid = pg_catalog.pg_class.relnamespace 
WHERE pg_catalog.pg_class.relname = $1::VARCHAR AND pg_catalog.pg_class.relkind = ANY (ARRAY[$2::VARCHAR, $3::VARCHAR, $4::VARCHAR, $5::VARCHAR, $6::VARCHAR]) AND pg_catalog.pg_table_is_visible(pg_catalog.pg_class.oid) AND pg_catalog.pg_namespace.nspname != $7::VARCHAR
2026-05-17 22:03:20 | INFO | sqlalchemy.engine.Engine | [cached since 0.01142s ago] ('ocr_run_metrics', 'r', 'p', 'f', 'v', 'm', 'pg_catalog')
2026-05-17 22:03:20 | INFO | sqlalchemy.engine.Engine | SELECT pg_catalog.pg_type.typname 
FROM pg_catalog.pg_type JOIN pg_catalog.pg_namespace ON pg_catalog.pg_namespace.oid = pg_catalog.pg_type.typnamespace 
WHERE pg_catalog.pg_type.typname = $1::VARCHAR AND pg_catalog.pg_type_is_visible(pg_catalog.pg_type.oid) AND pg_catalog.pg_namespace.nspname != $2::VARCHAR
2026-05-17 22:03:20 | INFO | sqlalchemy.engine.Engine | [generated in 0.00040s] ('taskstatus', 'pg_catalog')
2026-05-17 22:03:20 | INFO | sqlalchemy.engine.Engine | COMMIT
2026-05-17 22:03:20 | INFO | apscheduler.scheduler | Adding job tentatively -- it will be properly scheduled when the scheduler starts
2026-05-17 22:03:20 | INFO | apscheduler.scheduler | Added job "daily_export_ocr_results_json" to job store "default"
2026-05-17 22:03:20 | INFO | apscheduler.scheduler | Scheduler started
2026-05-17 22:07:34 | INFO | apscheduler.scheduler | Scheduler has been shut down
2026-05-17 22:07:40 | INFO | sqlalchemy.engine.Engine | select pg_catalog.version()
2026-05-17 22:07:40 | INFO | sqlalchemy.engine.Engine | [raw sql] ()
2026-05-17 22:07:40 | INFO | sqlalchemy.engine.Engine | select current_schema()
2026-05-17 22:07:40 | INFO | sqlalchemy.engine.Engine | [raw sql] ()
2026-05-17 22:07:40 | INFO | sqlalchemy.engine.Engine | show standard_conforming_strings
2026-05-17 22:07:40 | INFO | sqlalchemy.engine.Engine | [raw sql] ()
2026-05-17 22:07:40 | INFO | sqlalchemy.engine.Engine | BEGIN (implicit)
2026-05-17 22:07:40 | INFO | sqlalchemy.engine.Engine | SELECT pg_catalog.pg_class.relname 
FROM pg_catalog.pg_class JOIN pg_catalog.pg_namespace ON pg_catalog.pg_namespace.oid = pg_catalog.pg_class.relnamespace 
WHERE pg_catalog.pg_class.relname = $1::VARCHAR AND pg_catalog.pg_class.relkind = ANY (ARRAY[$2::VARCHAR, $3::VARCHAR, $4::VARCHAR, $5::VARCHAR, $6::VARCHAR]) AND pg_catalog.pg_table_is_visible(pg_catalog.pg_class.oid) AND pg_catalog.pg_namespace.nspname != $7::VARCHAR
2026-05-17 22:07:40 | INFO | sqlalchemy.engine.Engine | [generated in 0.00055s] ('users', 'r', 'p', 'f', 'v', 'm', 'pg_catalog')
2026-05-17 22:07:40 | INFO | sqlalchemy.engine.Engine | SELECT pg_catalog.pg_class.relname 
FROM pg_catalog.pg_class JOIN pg_catalog.pg_namespace ON pg_catalog.pg_namespace.oid = pg_catalog.pg_class.relnamespace 
WHERE pg_catalog.pg_class.relname = $1::VARCHAR AND pg_catalog.pg_class.relkind = ANY (ARRAY[$2::VARCHAR, $3::VARCHAR, $4::VARCHAR, $5::VARCHAR, $6::VARCHAR]) AND pg_catalog.pg_table_is_visible(pg_catalog.pg_class.oid) AND pg_catalog.pg_namespace.nspname != $7::VARCHAR
2026-05-17 22:07:40 | INFO | sqlalchemy.engine.Engine | [cached since 0.006851s ago] ('ocr_tasks', 'r', 'p', 'f', 'v', 'm', 'pg_catalog')
2026-05-17 22:07:40 | INFO | sqlalchemy.engine.Engine | SELECT pg_catalog.pg_class.relname 
FROM pg_catalog.pg_class JOIN pg_catalog.pg_namespace ON pg_catalog.pg_namespace.oid = pg_catalog.pg_class.relnamespace 
WHERE pg_catalog.pg_class.relname = $1::VARCHAR AND pg_catalog.pg_class.relkind = ANY (ARRAY[$2::VARCHAR, $3::VARCHAR, $4::VARCHAR, $5::VARCHAR, $6::VARCHAR]) AND pg_catalog.pg_table_is_visible(pg_catalog.pg_class.oid) AND pg_catalog.pg_namespace.nspname != $7::VARCHAR
2026-05-17 22:07:40 | INFO | sqlalchemy.engine.Engine | [cached since 0.008502s ago] ('system_logs', 'r', 'p', 'f', 'v', 'm', 'pg_catalog')
2026-05-17 22:07:40 | INFO | sqlalchemy.engine.Engine | SELECT pg_catalog.pg_class.relname 
FROM pg_catalog.pg_class JOIN pg_catalog.pg_namespace ON pg_catalog.pg_namespace.oid = pg_catalog.pg_class.relnamespace 
WHERE pg_catalog.pg_class.relname = $1::VARCHAR AND pg_catalog.pg_class.relkind = ANY (ARRAY[$2::VARCHAR, $3::VARCHAR, $4::VARCHAR, $5::VARCHAR, $6::VARCHAR]) AND pg_catalog.pg_table_is_visible(pg_catalog.pg_class.oid) AND pg_catalog.pg_namespace.nspname != $7::VARCHAR
2026-05-17 22:07:40 | INFO | sqlalchemy.engine.Engine | [cached since 0.009813s ago] ('data_backup_records', 'r', 'p', 'f', 'v', 'm', 'pg_catalog')
2026-05-17 22:07:40 | INFO | sqlalchemy.engine.Engine | SELECT pg_catalog.pg_class.relname 
FROM pg_catalog.pg_class JOIN pg_catalog.pg_namespace ON pg_catalog.pg_namespace.oid = pg_catalog.pg_class.relnamespace 
WHERE pg_catalog.pg_class.relname = $1::VARCHAR AND pg_catalog.pg_class.relkind = ANY (ARRAY[$2::VARCHAR, $3::VARCHAR, $4::VARCHAR, $5::VARCHAR, $6::VARCHAR]) AND pg_catalog.pg_table_is_visible(pg_catalog.pg_class.oid) AND pg_catalog.pg_namespace.nspname != $7::VARCHAR
2026-05-17 22:07:40 | INFO | sqlalchemy.engine.Engine | [cached since 0.01125s ago] ('error_logs', 'r', 'p', 'f', 'v', 'm', 'pg_catalog')
2026-05-17 22:07:40 | INFO | sqlalchemy.engine.Engine | SELECT pg_catalog.pg_class.relname 
FROM pg_catalog.pg_class JOIN pg_catalog.pg_namespace ON pg_catalog.pg_namespace.oid = pg_catalog.pg_class.relnamespace 
WHERE pg_catalog.pg_class.relname = $1::VARCHAR AND pg_catalog.pg_class.relkind = ANY (ARRAY[$2::VARCHAR, $3::VARCHAR, $4::VARCHAR, $5::VARCHAR, $6::VARCHAR]) AND pg_catalog.pg_table_is_visible(pg_catalog.pg_class.oid) AND pg_catalog.pg_namespace.nspname != $7::VARCHAR
2026-05-17 22:07:40 | INFO | sqlalchemy.engine.Engine | [cached since 0.01293s ago] ('ocr_run_metrics', 'r', 'p', 'f', 'v', 'm', 'pg_catalog')
2026-05-17 22:07:40 | INFO | sqlalchemy.engine.Engine | SELECT pg_catalog.pg_type.typname 
FROM pg_catalog.pg_type JOIN pg_catalog.pg_namespace ON pg_catalog.pg_namespace.oid = pg_catalog.pg_type.typnamespace 
WHERE pg_catalog.pg_type.typname = $1::VARCHAR AND pg_catalog.pg_type_is_visible(pg_catalog.pg_type.oid) AND pg_catalog.pg_namespace.nspname != $2::VARCHAR
2026-05-17 22:07:40 | INFO | sqlalchemy.engine.Engine | [generated in 0.00041s] ('taskstatus', 'pg_catalog')
2026-05-17 22:07:40 | INFO | sqlalchemy.engine.Engine | COMMIT
2026-05-17 22:07:40 | INFO | apscheduler.scheduler | Adding job tentatively -- it will be properly scheduled when the scheduler starts
2026-05-17 22:07:40 | INFO | apscheduler.scheduler | Added job "daily_export_ocr_results_json" to job store "default"
2026-05-17 22:07:40 | INFO | apscheduler.scheduler | Scheduler started
2026-05-17 22:07:45 | INFO | sqlalchemy.engine.Engine | BEGIN (implicit)
2026-05-17 22:07:45 | INFO | sqlalchemy.engine.Engine | SELECT users.id, users.email, users.username, users.hashed_password, users.is_active, users.created_at 
FROM users 
WHERE users.username = $1::VARCHAR
2026-05-17 22:07:45 | INFO | sqlalchemy.engine.Engine | [generated in 0.00045s] ('yyy',)
2026-05-17 22:07:45 | INFO | sqlalchemy.engine.Engine | ROLLBACK
2026-05-17 22:07:45 | INFO | sqlalchemy.engine.Engine | BEGIN (implicit)
2026-05-17 22:07:45 | INFO | sqlalchemy.engine.Engine | SELECT users.id, users.email, users.username, users.hashed_password, users.is_active, users.created_at 
FROM users 
WHERE users.username = $1::VARCHAR
2026-05-17 22:07:45 | INFO | sqlalchemy.engine.Engine | [cached since 0.06916s ago] ('yyy',)
2026-05-17 22:07:45 | INFO | sqlalchemy.engine.Engine | ROLLBACK
2026-05-17 22:07:45 | INFO | sqlalchemy.engine.Engine | BEGIN (implicit)
2026-05-17 22:07:45 | INFO | sqlalchemy.engine.Engine | SELECT users.id, users.email, users.username, users.hashed_password, users.is_active, users.created_at 
FROM users 
WHERE users.username = $1::VARCHAR
2026-05-17 22:07:45 | INFO | sqlalchemy.engine.Engine | [cached since 0.1156s ago] ('yyy',)
2026-05-17 22:07:45 | INFO | sqlalchemy.engine.Engine | SELECT ocr_tasks.id, ocr_tasks.celery_task_id, ocr_tasks.filename, ocr_tasks.file_path, ocr_tasks.status, ocr_tasks.created_at, ocr_tasks.completed_at, ocr_tasks.result, ocr_tasks.correction_log, ocr_tasks.model_version, ocr_tasks.inference_ms, ocr_tasks.avg_confidence, ocr_tasks.image_width, ocr_tasks.image_height, ocr_tasks.owner_id 
FROM ocr_tasks 
WHERE ocr_tasks.owner_id = $1::INTEGER ORDER BY ocr_tasks.created_at DESC 
 LIMIT $2::INTEGER OFFSET $3::INTEGER
2026-05-17 22:07:45 | INFO | sqlalchemy.engine.Engine | [generated in 0.00103s] (4, 20, 0)
2026-05-17 22:07:45 | INFO | sqlalchemy.engine.Engine | ROLLBACK
2026-05-17 22:07:45 | INFO | sqlalchemy.engine.Engine | BEGIN (implicit)
2026-05-17 22:07:45 | INFO | sqlalchemy.engine.Engine | SELECT users.id, users.email, users.username, users.hashed_password, users.is_active, users.created_at 
FROM users 
WHERE users.username = $1::VARCHAR
2026-05-17 22:07:45 | INFO | sqlalchemy.engine.Engine | [cached since 0.205s ago] ('yyy',)
2026-05-17 22:07:45 | INFO | sqlalchemy.engine.Engine | SELECT ocr_tasks.id, ocr_tasks.celery_task_id, ocr_tasks.filename, ocr_tasks.file_path, ocr_tasks.status, ocr_tasks.created_at, ocr_tasks.completed_at, ocr_tasks.result, ocr_tasks.correction_log, ocr_tasks.model_version, ocr_tasks.inference_ms, ocr_tasks.avg_confidence, ocr_tasks.image_width, ocr_tasks.image_height, ocr_tasks.owner_id 
FROM ocr_tasks 
WHERE ocr_tasks.owner_id = $1::INTEGER ORDER BY ocr_tasks.created_at DESC 
 LIMIT $2::INTEGER OFFSET $3::INTEGER
2026-05-17 22:07:45 | INFO | sqlalchemy.engine.Engine | [cached since 0.08902s ago] (4, 20, 0)
2026-05-17 22:07:45 | INFO | sqlalchemy.engine.Engine | ROLLBACK
